reviewId,userName,userImage,content,score,thumbsUpCount,reviewCreatedVersion,at,replyContent,repliedAt,appVersion,word_count,is_short
69b53e77-9e45-44df-9f3b-a0e3f62a214c,andrea randall,https://play-lh.googleusercontent.com/a-/ALV-UjVMv7VPPLWoPIdzP95Y0txUgih824Vt-XeYqAo-mpTbKtTSc2XRRA,"neat and helpful. I acknowledge my distraction, talking.",5,0,2632.100.286076,2026-09-09 15:49:19,,,2632.100.286076,8,False
dcb0d0cf-6482-49c5-a109-a25e7933b4c6,Chris Hawk,https://play-lh.googleusercontent.com/a-/ALV-UjWQUT7tCCtCnn7AJUTMHX4okBROghqSFEZ0yCECsDpE1KJhvmM,"absolute garbage. this app has cost me more time than some shippers at this point. log in. start my day. literally most of the way through my company required pre trip allotted time and the app automatically logged me out so it could update. I log back in. immediately have to wait for the app to update. I'm now ""off duty"". I just lost all that time because this worthless app decided not to record any of it. now I get to start over. now my ENTIRE day is pushed back",1,0,2632.100.286076,2026-09-09 08:13:19,,,2632.100.286076,91,False
02a40653-7e20-42a4-a155-5978bf414114,Joshua Reid,https://play-lh.googleusercontent.com/a/ACg8ocIviKuHo371l6GLZskcz9nxblmH5kkoRdTH0LNRbtrBntLaYg=mo,The icon going from an innocuous looking owl to a fierce looking owl with a predatory glare like we are its prey should tell you all that you need to know about samsara.,1,0,2632.100.286076,2026-09-09 07:08:23,,,2632.100.286076,33,False
e42d8367-e4f2-48ff-884d-83f52c9fe88d,C,https://play-lh.googleusercontent.com/a/ACg8ocJ-rstmFzqiiSMjiVTiV7pwLNZEDTp-LuHwnW5VXf4ZfRVkQA=mo,just got a lot worse with this newest update. spamming messages for tasks already completed. UI is clunky and laggy as well.,1,0,2632.100.286076,2026-09-09 00:27:02,,,2632.100.286076,22,False
f4506f13-e3f4-4f32-95bd-93315fbe3d54,FastLane128,https://play-lh.googleusercontent.com/a/ACg8ocKxn0bprRTizkCyBLsKlip5Ores9zCeKnw4RUjgeKB1I1haZ7I=mo,HOS layout keeps changing bounces left to right. Than it mostly stays small to the left where coach should be. It needs to be locked down to the right with the normal larger size. It makes it difficult to change duty status. It very annoying and distracting. Too bad no negative Stars even in the recent update the app is broken. Tasks needs to be removed from tablet it's too big and it's where hos is supposed to be,1,0,2632.100.286076,2026-09-08 21:20:09,,,2632.100.286076,79,False
ecdad296-bfcc-4e86-878f-e52083f77782,Jay Kay,https://play-lh.googleusercontent.com/a/ACg8ocJUIL-W6VnT467S7CYGStxvSLkr6gZU3nTcXETYV5vBGvj1ng=mo,"after 3x reinstalling app , it crashes and won't open . according to the reviews samsara should quit with eld's , Bigroad and motive are way better than this garbage",1,0,2632.100.286076,2026-09-07 03:18:24,,,2632.100.286076,30,False
4dd72842-1ac3-4216-8ad0-70c8ea10fa85,Juan Soils,https://play-lh.googleusercontent.com/a-/ALV-UjXSEzv_96P5N7gLM9z8ic3fjZLcMf5zY4Vsdi93LwleMDG6csL-,works great,5,0,2623.100.214469,2026-09-06 02:23:24,,,2623.100.214469,2,True
36f79e88-d07f-44e3-859d-3f6c4d6238a8,Jay N.,https://play-lh.googleusercontent.com/a-/ALV-UjW9aEUK3fjVWck48ML1K1VjRY-W0IGWOJOoXBcdfyyHumcd2lzs,I have to reopen the app every time I switch status and do my dvir as if I lost connection. I use my other phone's hotspot btw,1,0,2632.100.286076,2026-09-05 07:12:34,,,2632.100.286076,27,False
112fd811-84af-4f4d-bbba-bbdd648a7e4a,Robert Crain,https://play-lh.googleusercontent.com/a-/ALV-UjU2wxNirgyttxArCYw35EfmGAh-uMEVK54FjmwmLGn62D52GB7UQQ,it ok,3,0,2632.100.286076,2026-09-04 19:14:13,,,2632.100.286076,2,True
905909d9-dbcd-4832-98af-55d39b724d30,Leodagr8,https://play-lh.googleusercontent.com/a-/ALV-UjV4XseDlvUBbfhlRUEpHmZobD6EEPyyNiVKrRYrl9qsFCxpsCG9,good app. speed is incorrect and some directions go out of the way,4,0,2623.100.214469,2026-09-04 13:45:10,,,2623.100.214469,13,False
f7f11c89-3f8b-4479-a7cb-ca6952bb17e3,Michael Lee,https://play-lh.googleusercontent.com/a/ACg8ocIeJiNZVaX2AcVyL6eeC-pDVumPBgEfR1sJRc84SeIFYwWrDg=mo,"decent enough, but what's with the Lake America nonsense. don't cave to politicians. it's bad business.",4,0,2632.100.286076,2026-09-04 11:56:42,,,2632.100.286076,16,False
566a2d59-ec56-4d51-a551-2f8a7937c65c,Katema Jackson,https://play-lh.googleusercontent.com/a-/ALV-UjWUz1aSFiCelhz6wFID3ji2nqBbNS6HLgjSxw7utpX3XlvwPfKj,This app is trash!!!!!!!!! Trying to reset password 10 fing times and it won't let me type in the numbers. TRASH APP !!!!!!!!!!!!!!!!!!!! FIX IT,1,0,2612.100.17632,2026-09-03 18:52:03,,,2612.100.17632,25,False
0f7d7484-99fc-435a-aa1b-8b9e346d357d,Neuman Brown,https://play-lh.googleusercontent.com/a/ACg8ocIgOPB4Siaey7shlckALUOZwXpz80Sn4JKUweT2QGNIgJcgmw=mo,New update has bugs,1,0,2612.100.17632,2026-09-03 18:46:36,,,2612.100.17632,4,True
b954ef86-fc31-49d5-98dd-70bdba1d30a2,Patricia Wallace,https://play-lh.googleusercontent.com/a-/ALV-UjVC1JMAYXYcA7sK6JBX0VDEng31rHZgSzD3NsvQ8mpZiZYhPymM,does not work on my galaxy tab a,1,0,2632.100.286076,2026-09-03 17:35:04,,,2632.100.286076,8,False
f864ab5d-8363-4bef-be24-38b580c685ae,dean nugent,https://play-lh.googleusercontent.com/a-/ALV-UjWExfDkjB9Rb1e0eexxy265CRxZYBm6VfwixE31xH8I5CL-cn88,horrible app,1,0,2632.100.286076,2026-09-03 09:39:22,,,2632.100.286076,2,True
ae0ce7ac-dda1-4f37-a8f1-810cbb68b344,Raydel Pupo,https://play-lh.googleusercontent.com/a-/ALV-UjVpgY2Vyq3rQXgKIysBKwGmGSzWdTLVY15Uri4u1WnlrY5Lh0v-,trash. they want to be so compliant but they not the ones driving the truck. full of bugs. when is working good they make an update and mess it all up.,1,0,2632.100.286076,2026-09-03 09:27:41,,,2632.100.286076,31,False
390378ae-813e-4e78-b380-ee5fc28426b0,Jason Elmore,https://play-lh.googleusercontent.com/a-/ALV-UjVPUACm11p4FbnmKp0E0oNqWZyhj2_2wZyR4sVYejZo7C8583QtBA,Great,5,0,2632.100.286076,2026-09-03 09:19:14,,,2632.100.286076,1,True
d0cf32a6-f9ef-4ee0-95a8-b188416fc342,kal,https://play-lh.googleusercontent.com/a-/ALV-UjWlEgWff7kcrtu6v5iQDNn8Ateg-D-OLtOIWUZAFKmViJiM1fFo,"The worst ELD app I've ever used it crashes constantly and force logs drivers out of the system while they are driving and erases their login, in violation of federal regulations.",1,0,2632.100.286076,2026-09-03 08:41:41,,,2632.100.286076,31,False
4e89e684-626a-44bf-af5e-ea9ae6bb3985,Curtis McClendon,https://play-lh.googleusercontent.com/a-/ALV-UjVN_W67qA50d3LUF4rf1yYFHuBkeTSd-XK35yPDueHrSxRXNzY,real easy to use,5,0,2632.100.286076,2026-09-02 18:00:45,,,2632.100.286076,4,True
95a48e73-3abf-4d21-bc10-834f082fbeef,Dustin Evens,https://play-lh.googleusercontent.com/a/ACg8ocJUWfgGDZqJ_Y1EV2QJmr-jXfE1UQIWLZzwXF-pzcrTd3lP=mo,lags spends all it's ram on telling you it's offline,1,0,2632.100.286076,2026-09-02 11:52:02,,,2632.100.286076,10,False
0a64598a-788b-4ca4-a4b5-007a62ba9c65,P S,https://play-lh.googleusercontent.com/a-/ALV-UjX7QoSRcB3K_MegiWxGwylAGWtaAql8Wn25dRpqrCKhBggnu5u0,"I have know clue what you guys did to this app, but it absolutely is horrendous. it drags, it locks up, After we moved our mapping system over to you guys now the maps all lock up on samsara, we got rid of our old mapping program because you guys said this would be so much better. We ran with you guys for a trial and you guys did great, now that we have the actual app in solve and using you guys, the mapping is absolutely horrendous. Had so much faith in Samara now, no!",1,0,2632.100.286076,2026-09-02 07:27:36,,,2632.100.286076,96,False
63b8929e-349a-4984-a96f-b21e451d39f8,Tiger Stefoglo,https://play-lh.googleusercontent.com/a-/ALV-UjVHjUyxgLGEBmpE-mmgVNFTk7CyAW_Bt_3iYp2oWfHkC6nNZlQ,works well,5,0,2623.100.214469,2026-09-01 10:37:01,,,2623.100.214469,2,True
55009902-3a5c-4d11-b6d0-90edb7979cde,Gwen Thomas,https://play-lh.googleusercontent.com/a/ACg8ocJ_hoPG1cHPNNPKVppcbNhuSRzdfIrJDe0bEsJWbdXfNvM84w=mo,this app chgd to some other language. it suckd,1,0,2632.100.286076,2026-09-01 09:36:39,,,2632.100.286076,9,False
a467d1ef-f5a0-4615-aeb8-febaed8c399c,Joan L Graves,https://play-lh.googleusercontent.com/a-/ALV-UjVMxYfDclSPuIG4Ws4l2oD1ctPS1O6XMBa6hHWYeOFDslAxaDE,Perfect to stay compliant!,5,0,2632.100.286076,2026-09-01 08:52:00,,,2632.100.286076,4,True
331924cb-8727-4b83-869a-cef2862d6259,Daniel Morales,https://play-lh.googleusercontent.com/a-/ALV-UjWPCNY1K1h_GMyUL_AT7SLW4zbHe4vnQF3NGrh3fgDa0B2eUEq51g,Bring back the ability to upload photos. We just had an update and more of my day is wasted having to babysit your AI. I just want to do my job and not waste half my day scanning documents and taking pictures.,3,0,2632.100.286076,2026-08-31 18:54:35,,,2632.100.286076,42,False
7b403930-953b-4ec9-abff-51cbb1b323ea,Angie Cupp Ingrim,https://play-lh.googleusercontent.com/a/ACg8ocLpZyTwlPg4SmOyUsf1hoOSCpD7--PeOX5lWWiTHqU3F0Klrw=mo,it's for work. It works great,5,0,2623.100.214469,2026-08-31 12:56:02,,,2623.100.214469,6,False
6462294f-3351-48e7-aa00-699f5f6f0407,Luis Jaquez,https://play-lh.googleusercontent.com/a/ACg8ocIQh3WTg8G9yMjAmz_X02uFZvPJCXf908WGN1GBnoiZ9VyM5w=mo,very easy to use and accurate too!!!,5,0,2623.100.214469,2026-08-30 21:38:19,,,2623.100.214469,7,False
2f316d41-03cf-424a-b89c-d99d35ff4d49,Ben Elam,https://play-lh.googleusercontent.com/a-/ALV-UjWydHUM3wTvZcq9vMfy-2UsVfWUfDtXkISamA3iYD08sqL00OY,trash,1,0,2623.100.214469,2026-08-30 14:43:55,,,2623.100.214469,1,True
ec25b39c-d2d8-4eb6-b429-c98c598db4e8,Jon L,https://play-lh.googleusercontent.com/a-/ALV-UjXz_KQPq4_oloTOHHoav6UrM6q-w3LCE9RneeLFhyjHtP6rLELMDA,its funny the new app icon on my phone looks like the gay social app called grindr,4,0,,2026-08-29 19:14:23,,,,17,False
0e5b727d-9814-453f-8687-71b20c1ec664,david mobley,https://play-lh.googleusercontent.com/a/ACg8ocKTyOEMnCpXUw8EvWTyvqBTXtjs2mGBexBlye81mlRpT9nprA=mo,could provide more detail of each event,4,0,2623.100.214469,2026-08-27 08:09:13,,,2623.100.214469,7,False
8d6f1f6f-0cd2-4898-9315-fbd79f461dad,Fanos Tereda,https://play-lh.googleusercontent.com/a/ACg8ocJvi9_nVi8FUq6geBF-o5kmtjHOi8WMWSCTyDGz637oun5vITU=mo,"This app is not working properly. Sometimes, it asks me to buckle my seat belt even when the ignition is turned off. It also incorrectly counts these incidents against me as at-fault driving issues.There are so many other issues I noticed",2,1,2630.100.253389,2026-08-26 13:14:21,,,2630.100.253389,41,False
5381a586-4d97-464a-8b6d-3c609d1ab833,Robert Zito,https://play-lh.googleusercontent.com/a-/ALV-UjUq9buYXfi7UWpx-RzJu3nZcyAcpqjFLMgaHo5apU2gaSo3ZMY,will not work on my Samsung ultra,1,0,2623.100.214469,2026-08-25 16:36:24,,,2623.100.214469,7,False
f567f896-ef7b-45f4-8672-32f7a3cce89e,anthony adams (anthonygadams),https://play-lh.googleusercontent.com/a-/ALV-UjWthsxNqAPLim3pcO0Kfi-bcjnonUiPCPDyua7a7_xm3mNUYnHRWw,Great tool,5,0,2623.100.214469,2026-08-25 16:02:51,,,2623.100.214469,2,True
d2b33ff0-837b-4878-b0b5-cce0abc15888,Gary,https://play-lh.googleusercontent.com/a/ACg8ocJNZzKUMDjif-KSgi6ZV9-3L53FGhsqY5cUrPkk4qYRRBzyEA=mo,works great for me...,5,0,2623.100.214469,2026-08-25 11:06:33,,,2623.100.214469,4,True
2da31e42-2416-415e-aade-87fddc1dfb8a,Karnail Singh,https://play-lh.googleusercontent.com/a-/ALV-UjWsnXmFtfabN25K-Ob-j4ntxuHmB4aimLqbYljuO-Yqcj8J1sDEiw,very good job,4,0,2623.100.214469,2026-08-24 18:36:22,,,2623.100.214469,3,True
e2e17528-9150-48f4-b29e-323ecdf41ac0,John Pritchett,https://play-lh.googleusercontent.com/a-/ALV-UjVKItDlG8-T_wgF-ByUD5uaXOblVWKlKQlTjaVeWrG5CkJgM3Y,good knowledge,5,0,2623.100.214469,2026-08-22 20:57:33,,,2623.100.214469,2,True
874b00df-6d2c-48e9-bd3a-4d732e4a9ab0,Erynn Ripley,https://play-lh.googleusercontent.com/a-/ALV-UjX9iJ8fiDdeJHeOYKGStSNcNTlcmUrujwzJxbgWtJMbweybRMsT,Easy tracking information to keep drivers in compliance.,5,0,2613.100.17912,2026-08-22 13:24:23,,,2613.100.17912,8,False
573ad7e3-5a97-4a38-8c12-103857609a4b,Jose Cespedes,https://play-lh.googleusercontent.com/a/ACg8ocJFyq9FWS_dAZMeGw6vpJJLbz_p21ZGjgAvV8TM9lrYGYOLMA=mo,grateful to have this app!,5,0,2623.100.214469,2026-08-21 08:51:11,,,2623.100.214469,5,False
56250e3b-e7f1-41ee-a160-ced273bb6742,Roger Gast,https://play-lh.googleusercontent.com/a-/ALV-UjWYfqFYpNdbTQYJMH1zHwenAqOjWWl7dAu2ZqW0jht6RPfkEIQ,very good eld,5,0,2623.100.214469,2026-08-20 13:39:17,,,2623.100.214469,3,True
d268ed1b-2c98-42e3-87d8-269cb382c2fb,Brett B,https://play-lh.googleusercontent.com/a-/ALV-UjV2wLFdskpPjzqIs4TJshb6WDBYS1GQrS5ZO6VZW-F3GTtKpRuY,"unnecessary annotations, ""yard move detected"" when slowing for anything, false detection of power events when vehicle is in Optimized Idle status, must go Off Duty to leave Personal Conveyance and then On Duty to do an inspection instead of straight to On Duty, no ""in trip"" inspection available, only pretrip and post trip. clearly not coded by anyone who has ever driven a truck",1,2,2623.100.214469,2026-08-19 19:57:24,,,2623.100.214469,64,False
cf71826e-c874-4929-b8ed-37d9fa93a27e,faisal khan,https://play-lh.googleusercontent.com/a/ACg8ocIxQQZEp3cQfqJlm1gwNr9Ua_YEgKxWhRcerVUVOFJFYjTVmw=mo,garbage app you don't deserve even 1 star!,1,0,2623.100.214469,2026-08-19 19:12:53,,,2623.100.214469,8,False
151531c6-15cc-45bd-9ccf-40c79a8bb07e,Josh Blacker,https://play-lh.googleusercontent.com/a/ACg8ocIJmnSj4St3nBvxd5YGcZWCc0qn1jv88Yf4eXKWeJ2ULzj-_Q=mo,Why is there no select all button for the inspection section. I have to waste time clicking every green button like a retarded ape. I hope somebody sues you for cruel and unusual punishment. this is ridiculous.,1,0,2623.100.214469,2026-08-19 15:50:54,,,2623.100.214469,37,False
6e4852d0-f8e8-4901-8b47-be2e47759c1b,NICOYA MAN,https://play-lh.googleusercontent.com/a-/ALV-UjUXe-wzjXPhlranplWG73BUl9SrCY38d5tHmdSXyyPcIM3zVi0h,"This App I HATE and LOVE because is so Strict, but because of this, is training me to be a More Focused driver, because if I don't ~ I gets me discipline at work as a Driver and could even get me Fired - So knowing this, at the end of the day, it helps me be safe for me and everyone else and I get to keep my job 😅👍. We all need to improve someway, somehow in our driving.",5,0,2623.100.214469,2026-08-19 13:55:00,,,2623.100.214469,81,False
f03262ba-492e-47ea-a078-ffdee2d54e30,JBT,https://play-lh.googleusercontent.com/a/ACg8ocJcmRVziogtZeaClxFLPYAj1YM7-HiwIbchZiXh7wNY1mzclw=mo,issue truck lookup on map. you can only lookup one truck. screen freezes and doesn't allow you to go back to look up another truck.,3,0,2623.100.214469,2026-08-19 07:28:35,,,2623.100.214469,25,False
8d0f858d-f865-4863-a8af-af5a38c5008f,Doug Ita,https://play-lh.googleusercontent.com/a-/ALV-UjVLG09XrICueYP6HTElyF6hZZ4jYEaPnLILjZMZ8ixEIvxE2uY,seems to work good and user-friendly.,5,0,2623.100.214469,2026-08-19 04:38:22,,,2623.100.214469,6,False
0eebedbe-2c09-431d-916e-a0c1d3841b3e,Dan Cast,https://play-lh.googleusercontent.com/a/ACg8ocJvKFmUyzDIZpuz6mPnfuf4-J0bh8yrz7C1T1WsnaW_B7zap7Ku=mo,Makes me a better driver. I like having samsara,5,0,2623.100.214469,2026-08-18 10:50:49,,,2623.100.214469,9,False
e978bb89-ddd0-450e-bb60-33fc8f406bd3,Alexander Tsoo,https://play-lh.googleusercontent.com/a-/ALV-UjWf6-NdItT8NnTyAKNejP73kztIy7eYcLk_JX_pMpgupif4DJNU,"recent updates screwed up my ability to see the pictures im taking as I take them, but am able to see afterward I take them",1,0,2630.100.253389,2026-08-18 00:14:16,,,2630.100.253389,25,False
78f31e8c-f17f-4158-b2c8-4c5e24231b11,Floyd Hicks,https://play-lh.googleusercontent.com/a-/ALV-UjW5eY480YG68kVS_6QH4cp4dNvIZl-iSjLqf_E_dGe5afpzAc9I,since last update my camera no longer works with the app. goto take a pic and the screen is blank but takes the Pic and its there.,2,0,2630.100.253389,2026-08-17 14:11:33,,,2630.100.253389,27,False
714bf556-3fc5-41b9-88d7-4c2b045d4ec6,Manuel Gonzalez,https://play-lh.googleusercontent.com/a-/ALV-UjUAhKSqbYJp__dLNSsD-wUJzxkZAay53u0UM7wdZmbzKuEM25Jk0w,after the latest update app totally freezes when you try to see other vehicles location You can see the first one ok but when trying to see another one the app totally freezes. kinda of annoying. no quality control on these updates,1,0,2630.100.253389,2026-08-16 20:41:29,,,2630.100.253389,42,False
3a46ac1d-69cd-4288-9b46-8ef6d9ed7b35,Kevin Hackey,https://play-lh.googleusercontent.com/a-/ALV-UjWVfMDYsl-IruP3BE9QLpMLn9Oa7l6ax_dnp14imCQOfHiUkwMC,"Recent update, now my camera isn't working in the app.... Yes my camera works. it's the app I checked. please fix soon I'm taking blind pictures as the pictures will take but all I see is a black screen so I'm shooting in the dark basically. Thanks",3,0,,2026-08-14 17:27:06,,,,47,False
724fb3db-c743-4faf-8e41-096da92b01f3,question erethang,https://play-lh.googleusercontent.com/a-/ALV-UjUMUKmezX7AEaFLjWk54VEU93nlZkdGnDE0MifdOy0Yu6d8RddkYw,This app helps keep drivers safe and compliant!,5,0,2623.100.214469,2026-08-14 08:47:28,,,2623.100.214469,8,False
158c8def-67f3-433f-8a8a-18cfc4c9bb5f,Icur Mind,https://play-lh.googleusercontent.com/a-/ALV-UjUvH2inPjXskqAAHSThTlW57Ybgio5du_9ALw2iD76tnKvAGlE,"tablet app is slow and clunky. samsara collects biometric data without driver consent, Google lawsuits. 4 & 5 star ratings may be ai bots, samsara utilizes ai in their cameras to record and store your driving habits. samsara is conditioning users for surveillance state.",1,0,,2026-08-13 07:25:03,,,,44,False
219c97cb-6aee-4226-8a5a-b6abd79adc92,Thomas Mullikin,https://play-lh.googleusercontent.com/a-/ALV-UjUpgv04RF-phkpNxaeqfT8okNZNvT21MlGzkldxW-s-RoMws7L2,horrible... had to have my password reset multiple times... if you log out on the truck device and not on your phone your edl logs your car hours... and don't get me started on the the junk navigation they have I thought I would trust it it tried to put me in a ditch it tried to tell me to turn around in a construction zone... this is the worst thing the company I work for could I ever went to,1,1,2623.100.214469,2026-08-12 00:22:33,,,2623.100.214469,81,False
d338632b-fbb8-4525-8910-4f3bf8b1084e,Sueanna Williams,https://play-lh.googleusercontent.com/a/ACg8ocI_ZktkMCPkXnQ6imSsz3GF2EuzTsAxoYJIUCljLxjKOvZvuw=mo,"if i didn't have to use this app I wouldn't I honestly would rather use platform science, at least that ELD doesn't say your late when you don't get unloaded in a 30 minute window like samara does, and that really needs to change.",1,1,2623.100.214469,2026-08-11 15:22:02,,,2623.100.214469,44,False
e96f1804-a057-450d-8e12-c9f40640dd0d,Alvin Joseph Williams,https://play-lh.googleusercontent.com/a-/ALV-UjVrMupCSKtwCx6UxFh7DgK6JMBRrtZiTJktkWiVEkXBLcOX4FQJ,this app is wonderful and very simple to use,5,0,2623.100.214469,2026-08-11 08:48:53,,,2623.100.214469,9,False
a54b4d91-f74e-4d4e-a29d-548ad3937d03,Louie Ruiz,https://play-lh.googleusercontent.com/a/ACg8ocIt02lK5bK0-4GjG_jUB4BXp6GdDRF7XurqUnF8X_2d206lVg=mo,extremely helpful. keeps your employees on point and on time.,5,0,2623.100.214469,2026-08-11 01:39:17,,,2623.100.214469,10,False
360b3036-d97d-43d8-be66-80447d45bfac,Andrew Leggat,https://play-lh.googleusercontent.com/a/ACg8ocIfY1w7jSxsJPnDkXqAe2tewCkCJtMkxhfqYK4pIy9JQ0mtog=mo,paper log book is a alot faster less bs. dont have to keep messing with my log book all day slowing me down. why is this a thing. it slows u down,2,1,2623.100.214469,2026-08-10 13:48:52,,,2623.100.214469,32,False
b914e959-58b4-4fdd-b70f-170a64ee559f,Daniel Carbone,https://play-lh.googleusercontent.com/a-/ALV-UjXeCYn2p2s3YwkpO1KJsCkczgFv1L4nMUip9JIh_EQ3Fzr2fXcT,helping me a better safer driver,5,1,2623.100.214469,2026-08-10 13:11:14,,,2623.100.214469,6,False
ef6423a1-7051-42eb-ae98-86c09ec2629c,The Blue Jeans,https://play-lh.googleusercontent.com/a-/ALV-UjWFjZiEncWKRyBEoNpINwCRPDdYYLukX7V4DcvU5uYb4n0Dz7E,"ABSOLUTE NONESENSE!!!!! This app just keeps getting worse and worse with every modification auto piloting me to the next screen as if i didn't know where to go next! Makes it easier for the office drones behind the screen all day but not the driver. Every constant update just sinks the samsara app to a new unecessary feature. LITERALLY THE ONLY purpose for this garbage app is ELD. We just input everything in digitally as the DOT made it mandatory, but not make our day longer! Stop adding stuff!",1,1,2623.100.214469,2026-08-10 12:45:57,,,2623.100.214469,89,False
f14eb6be-a800-4474-ac6c-ac2d2a4db0a3,Mr. Anthony B. James Sr.,https://play-lh.googleusercontent.com/a-/ALV-UjVDy9WUMHR-fb8dcfU0jKUsgMGTkUpbh1JrYr9cpkILw-79lHE4,Awesome!,5,1,2623.100.214469,2026-08-09 16:50:37,,,2623.100.214469,1,True
1bb1a2ad-0286-4297-92fc-c284e6d363a8,ikaram Khaira,https://play-lh.googleusercontent.com/a-/ALV-UjWBd-nzjNcblDDZP5lKslsn8YxY4-4z5LB4emRT8XcTC7b3vTIF,good,5,0,2623.100.214469,2026-08-07 18:43:34,,,2623.100.214469,1,True
294f1745-941b-489e-bc1f-3770eae03bb2,J Hayes,https://play-lh.googleusercontent.com/a-/ALV-UjW_dIgoKkvb6_M5iojGW8ByQjWK68FiXq1Z8-gk-GuJXQtdefM,this app is slow and clunky been having way to many issues with it not registering images or taking a decade and a have to upload anything on the app,1,2,2623.100.214469,2026-08-06 19:56:55,,,2623.100.214469,30,False
6f2b9683-9b13-4201-9fbd-99608869f4cf,Brian Wilson,https://play-lh.googleusercontent.com/a/ACg8ocI3B8QzS09UH34veBmy4Y2ny6cZS7lUHrj-geLuwF8TPP3hKg=mo,excellent coaching. things you may not be totally aware of can be noticed and corrected,5,1,2623.100.214469,2026-08-06 19:05:31,,,2623.100.214469,15,False
185bfb41-be14-4763-a897-ece7eea397a5,Brian Rogers,https://play-lh.googleusercontent.com/a/ACg8ocIw5fOpxQq8t0Je14YWX9Bm4qi4mZBxtxvl77Q1xtMNa6ZQ7g=mo,"app randomly places me as on duty while at home sleeping, then says I'm not HoS compliant. Unable to log out fully after marking as off duty. Randomly changes my duty status throughout my shift without warning.",1,2,,2026-08-05 22:47:45,,,,37,False
849be340-3ad0-4f63-8198-e2ef8422b09b,Janet Garrow,https://play-lh.googleusercontent.com/a/ACg8ocL2WDh4FkW7QpYp3YBqJx2JF3VX2vt-uSrEhbzgSFkVp3tUVA=mo,makes it even easier for the seniors,5,0,2621.100.102848,2026-08-04 12:44:31,,,2621.100.102848,7,False
f98d6c27-7236-440b-88b7-c1fa147c6dba,Gary Rindlisbacher,https://play-lh.googleusercontent.com/a-/ALV-UjXrXbaTxJ0nRJSQ7_IcPbNj5LH9dEElzd1xdTvxH0SZ2IBOBPo,it's a great app.,5,0,2622.100.166167,2026-08-03 11:29:35,,,2622.100.166167,4,True
bc55829d-dd57-4c1f-9dac-62885bb0e7b2,Daniel Diesel,https://play-lh.googleusercontent.com/a/ACg8ocIgdyVlpvBzq56-QuzDRQwsve9zUB7O4wo9D9ljVmuFEzS5Yg=mo,you should not have to go in your phone settings to change the size of the font to be able to view all the acknowledgement portions.,1,2,2622.100.166167,2026-08-02 15:35:30,,,2622.100.166167,26,False
52f13a31-2d6f-4fac-8dd3-1b1cc2eb2896,lavonedrey jackson,https://play-lh.googleusercontent.com/a-/ALV-UjXdtZv7rsNUAniA8PVyeQmXvwTwnSg0JwfwbAKX47t3u6YqJ62V,great app to use very simple and explains anything you don't understand about it,5,0,2622.100.166167,2026-08-02 10:20:28,,,2622.100.166167,14,False
bf75f2da-75a8-4bea-b783-b432d2a94c36,Rito Lopez,https://play-lh.googleusercontent.com/a-/ALV-UjXYufs6oiEI5fhGaTXZneSST66E7if4GcULbDGhSAnj0HMiSw4d6w,love 💖 it,5,0,2622.100.166167,2026-08-02 07:48:29,,,2622.100.166167,3,True
6908697f-a54c-4a55-a781-cb8e7aca810e,Alexander Young,https://play-lh.googleusercontent.com/a-/ALV-UjU8yNAvJQDSWZLTrQwSChctIU4RKUhPOcH2TZdKNRMcwEPgAXwb,"I use it for work, it does alright just slow to start up and sometimes freezes",4,0,2621.100.102848,2026-08-01 13:03:47,,,2621.100.102848,16,False
093eddf8-f957-4526-b78a-fc94302a2ba5,Hokyun Kang,https://play-lh.googleusercontent.com/a/ACg8ocL-rMw841HJ0Aw_yjEHuaJrpM4ZDL2u7XVxnF5KS-bYbb30Kg=mo,"Straight forward. easy, friendly, smooth user UX.",5,1,2621.100.102848,2026-08-01 06:45:07,,,2621.100.102848,7,False
3f2ca66f-cd3e-4ca8-bad4-4bf7570da99a,Robert Aguilar,https://play-lh.googleusercontent.com/a-/ALV-UjV6ULDkKW8iEONTWUSQf9bR31TLmCOvElW1UjmFuHwOxDXnjdeu,"anyone else have problems of it not putting you off duty, a few times i went off duty saved abd went about my buisness to get stupid warnings that im about to get a violation cause it kicked me back on duty the hole tome very irritating. messes with my clock 🙄 puts me on drive when im not even in the truck and off duty.",2,3,2623.100.214469,2026-07-31 23:04:56,,,2623.100.214469,66,False
01817889-7a07-4d6a-87b8-99aa493737ac,Henry S,https://play-lh.googleusercontent.com/a-/ALV-UjVa-QohjeJ3ObnAhBbZZmZuLpMKv_OTI5pY24oJLoJRfnmcTvXe,"terrible. we have been telling you that you guys have a bug in the system. But you don't fix it when we are in yard moves, and our truck shuts off and we restart it. It restarts our clock. Why does that happen?It doesn't make sense if we are in the yard.What does it matter if our truck turns off and on?Why would the clock reset?When we are in a yard? your system has bugs in the system. But no one complains, because we're wasting our time. Telling you guys, and you don't fix anything. why?",2,2,2623.100.214469,2026-07-31 23:02:47,,,2623.100.214469,96,False
f7196216-f77b-4609-ab0c-ee54dc20201a,Shayne Turner,https://play-lh.googleusercontent.com/a/ACg8ocK6uTk0sQ0H9knkCNKY8y5cEuLCz92epiPDIp0RizWznKEZ0A=mo,"Its obvious after using the app for a while that the designer has never driven a truck in traffic, let alone rush hour. They also have no clue how to corner in a truck, or pretty much how a truck handles, period. It has its uses but is really just poorly designed.",1,2,2622.100.166167,2026-07-31 18:59:28,,,2622.100.166167,52,False
db683b23-2184-4bd7-9dc3-dbc67fa2c262,Edward Edward,https://play-lh.googleusercontent.com/a-/ALV-UjVRlSKCNsuQ-Aa5aYcjDU6FgCWqZxCuGmRrKSwVqGGuNpruocXdYg,"This app is incredibly awful! It continuously disconnects you and kicks you off. This has got to be one of the worst truckers, eld apps of all time",1,2,,2026-07-30 15:08:55,,,,28,False
f3cad5b1-1f4c-4a2f-83eb-405053b59d70,Marshal Gilliland,https://play-lh.googleusercontent.com/a-/ALV-UjUtfcYGbzIrEIlP6vaf8OuL_jK92UvBj4G-CmmXqKIFHcyG5eNe-A,Works well by itself !,5,0,2622.100.166167,2026-07-30 03:52:49,,,2622.100.166167,5,False
28688db6-ccc7-4e5d-a91c-6babfcab0a39,Sunshine Godislove,https://play-lh.googleusercontent.com/a-/ALV-UjVAmsRtRkb7GEGUQX5mvTTov2vhD-lQNLdSO6hLeuLSkxfE2aBqsw,you are not Bluetoothing my phone for this app I have told you one time and thats what I mean. So stop asking to get into my privacy.,1,2,2622.100.166167,2026-07-29 12:17:17,,,2622.100.166167,28,False
6e93132d-4605-4709-b8d8-5a00c6cf437c,LumberingDeer,https://play-lh.googleusercontent.com/a/ACg8ocIErQwfqCBA_NBYn4Iph-5NgvlUzLHQMK6mGJxtqCO9HaLJXA=mo,I have tried this and motive. this one has 0 issues thus far (3 years) no complaints on the app,5,0,2622.100.166167,2026-07-29 11:25:31,,,2622.100.166167,20,False
6db1cd2e-f156-4cc0-9027-973783b5c503,Joe Silva,https://play-lh.googleusercontent.com/a-/ALV-UjWgD2x1YAP_b8yqIibhgWsgbDchLl4JXhzS2S0RIHeMQUjVp2tc,Very accurate and the app is user-friendly. Great app for commuter drivers!,4,0,2622.100.166167,2026-07-29 10:19:34,,,2622.100.166167,12,False
6564e72c-6841-4485-a225-3b0f475141b7,Andre Huchet,https://play-lh.googleusercontent.com/a-/ALV-UjU89A0RF9Vi8Pw7gY0h9onGfQ-CxFohRvY0YWBKXY0SSfy2yCs,product was fine. new logo is silly. app updates have made it less user friendly. feels like some c-suite hired their nephew after his 4 years of frat parties and now he's trying to revolutionize the company. Hopefully this dosent set the tone for the future demise of this company.,3,0,2420.100.11899,2026-07-29 06:39:42,,,2420.100.11899,50,False
c75b2ccb-e174-474d-95f1-0b4ae68b70d5,Lori Sanchez,https://play-lh.googleusercontent.com/a/ACg8ocLy3pAdTtXp0IfCft0DBt8ZAywY_W-IUln5DMU6ccLmGtLsNRk=mo,"to touchy of a camera, I dont appreciate pleasing a camera/computer",1,2,2622.100.166167,2026-07-29 06:12:48,,,2622.100.166167,11,False
2fdbac94-2a6f-4fa7-bc6a-e85173843191,Asi 2220,https://play-lh.googleusercontent.com/a/ACg8ocIujvEWGXargxsD7Y3Vkemero7TEaGQiFLBEAq32VRxLThqZw=mo,Easy to use and navigate,5,0,2622.100.166167,2026-07-28 15:49:41,,,2622.100.166167,5,False
ef2ddb31-850f-4ab2-a92b-39f6b59c4bf1,Mr Dicko,https://play-lh.googleusercontent.com/a-/ALV-UjVbESjdJ1rvqrRpapZi4fCiJ752AhbTLTLO6rf3LGlcYYcbTIav,only reason for 4 instead of 5 just needs abit of tweaking,4,0,2622.100.166167,2026-07-28 03:05:45,,,2622.100.166167,12,False
ef4c8e86-a5ce-41ce-a850-b0be9d211edc,Russ Ireland,https://play-lh.googleusercontent.com/a/ACg8ocIpBStY9rjymnpadM_etZhntkMq5qNF0hWqcj1ekF9negukzA=mo,"I think this app sucks,I do not recommend! 1) it's laggy,if I'm on Google maps an hour then switch to Samsara it takes to much time to calculate. 2) on duty and off duty should combine for 30 min. break. if it does it's not showing it. 3) off duty and sleeper should combine for 10 hour break. if it does it's not showing it. 4) no button to turn training mode off. when I log in I don't need or want to add shipping info or dvir yet. 5) graph blurry 6) Personal conveyence should not be held against",1,4,2622.100.166167,2026-07-24 08:29:05,,,2622.100.166167,100,False
17c11481-7597-42db-b435-c026f14f87d6,Dave Beattie,https://play-lh.googleusercontent.com/a/ACg8ocLKUKbjyX-RjlyRpvsQGMX_YUWKR5HIjQlvGWUpeWErV2M_sw=mo,lots of times now checked onto one vehicle then gone to check onto another later in the day and its stuck on the walk-around from the previous vehicle,2,1,2622.100.166167,2026-07-22 04:43:30,,,2622.100.166167,28,False
5ad0d703-2165-4386-aded-3131d3fb0c35,Donnie Turner,https://play-lh.googleusercontent.com/a-/ALV-UjVyDT56p6lUl_nQNx4L9wJreknTQQj66CQcNmc1udwmyPG9BN4,Just new to it not very intuitive,3,1,2622.100.166167,2026-07-21 16:51:23,,,2622.100.166167,7,False
66e7a5e1-af04-4bf3-ae23-19ad93c9b2b5,Gregory,https://play-lh.googleusercontent.com/a/ACg8ocLa3OCD5v95MQOvBqb4bsaQvyPrk03_NEWtmG90LX4HDG2sdA=mo,the stole my picture despite my effort at limiting access it has gone around block. it is used for pretrip/post trip nothing else. it does not have permission for my picture,1,2,2621.100.102848,2026-07-21 16:40:20,,,2621.100.102848,31,False
44c5ecf3-74d1-4676-8aae-0bfe53f86890,Jeff Grove,https://play-lh.googleusercontent.com/a/ACg8ocKvl1LPfnagQdQ-LuFDeloRDDxlTEUfCMhHA5zKCoTmKWWE4g=mo,elds suck,1,2,2621.100.102848,2026-07-20 08:32:28,,,2621.100.102848,2,True
daf1aa30-a627-4d09-bc83-52e225cf3cf1,Jhonny Robenson Seide,https://play-lh.googleusercontent.com/a-/ALV-UjWvqbswbb-Er6Q1_EvTbYr4DtxURjJsiuF8IqcMaBuMfJORT09D,"I LOVE YOU, SAMSARA, MY SUGAR, MY LOVE, MY BABY, MY SWEETIE, MY SWEETHEART, MY DARLING 💋❤️💋",5,1,2621.100.102848,2026-07-19 21:37:32,,,2621.100.102848,17,False
786f8733-b658-4cb8-ad17-3211cb25ab4d,Troy Martin,https://play-lh.googleusercontent.com/a/ACg8ocJFj0dCmrYER8gYT4dRg52q04T1oI8x-hBlO7wESS4AMZXYIQ=mo,"room to breath, can adjust on the fly, but need a phone with a fast processor",5,1,2621.100.102848,2026-07-19 21:25:23,,,2621.100.102848,16,False
499a2ece-519f-482f-93b5-1ffa1b821a38,Darrius Watson,https://play-lh.googleusercontent.com/a-/ALV-UjUJuUEUCcdanDtkMg68b5ujQbQIrMQocYcLgA5H9f9cKOajFdg4,works well,5,0,2621.100.102848,2026-07-19 13:16:31,,,2621.100.102848,2,True
138f2166-16ea-4bc8-ac05-c5eb94eae8c0,Megan Miller,https://play-lh.googleusercontent.com/a/ACg8ocLjceuvCTJMmGRGQFOxjET0Q3fmOYNYU2iLZK0ft4OeYirIR9HR=mo,PUSH NOTIFICATIONS FOR MESSAGES INTENTIONALLY REMOVED IN THE JUNE 2026 UPDATE!!!!!!!!!!!!!!! How's about phones stop ringing when a call comes in too. would be the same thing right? This has cause me to loose productivity and miss important information in a timley manner. The worst update in history. Intentionally making it so drivers don't know tgey have a message from dispatch unless we open the app anc check is dumb!,2,1,2622.100.166167,2026-07-19 12:46:36,,,2622.100.166167,70,False
54b569b9-5a46-477c-881b-56646e5464b4,Not Applicable,https://play-lh.googleusercontent.com/a-/ALV-UjUDWqejlIL_WxYXBr1m-rAOCLRKG8W8bVzaJI5Q7nkgnltX0HXe,Worst eld app on the market. not user-friendly and inaccurate.,1,1,2622.100.166167,2026-07-17 19:15:02,,,2622.100.166167,10,False
cc035bba-ea7d-4fca-a0e5-324569f92050,Prince Louis,https://play-lh.googleusercontent.com/a-/ALV-UjUrSRGmMV9_TsTGkwX3DLoJdj3BFmW1aE2FbHAUsim9ADTqLf0,I love how it coordinates with my camera to add distractions and excessive notifications even after I am off work and since I am hourly I make more money from all the time spending waiting for it to get my location and update and whatever else glitch it is having. It is much better than the older versions that just simply worked and did what you needed.,5,0,2532.100.16272,2026-07-17 12:44:40,,,2532.100.16272,67,False
15718214-eb77-490a-86e8-d1a9f51af018,990PPGRDBranch,https://play-lh.googleusercontent.com/a/ACg8ocJirKLi7HW2NpqpAMjJmULkJH1XGjqDNnYNf9kDWUC4jiok4Q=mo,excellent app.,5,0,2621.100.102848,2026-07-16 09:05:55,,,2621.100.102848,2,True
83d57e90-a4f2-42c3-893c-b35ab9c79a57,Keith Hayes,https://play-lh.googleusercontent.com/a-/ALV-UjUk2Eo5QGuZp1eWM6-S9K0BVY5zrkS3qLC2IVq1gVX3Tq2kKcIBxA,Kept me in drive for my entire route today and wouldn't let me sign out when I tried. So now I'm in violation because of this app,1,1,2621.100.102848,2026-07-14 12:52:48,,,2621.100.102848,27,False
3593bbe2-7c3a-41d2-a552-007a9ae16bb8,John A. Sánchez,https://play-lh.googleusercontent.com/a-/ALV-UjVlqlEttDc49vyjKmhyM_Dm11x5kUdFY6mgEF5Ldqye7FN87L8,👍🏻,5,0,2621.100.102848,2026-07-14 05:34:12,,,2621.100.102848,1,True
aa2c29f8-4092-4c4a-91a5-365ae6c6eccb,jeff shafer,https://play-lh.googleusercontent.com/a-/ALV-UjVlh1zCbXA3nZXRLCs4lEURiJA7HAJ78mRJLPkFoCWRGqN51Br3,"poor, signs me out everyday",1,1,2530.103.15562,2026-07-13 21:53:47,,,2530.103.15562,5,False
e23f974d-dc48-4d7a-8519-1e424552b52e,James Hyde,https://play-lh.googleusercontent.com/a-/ALV-UjWNVxgg3EspPtNeskqEWRtP600dAfcbrM56T0LyYuwR5-2gbfaR,my company requires me to use this app on my personal device and it runs in the background and uses my data. they should add an off duty option to disable it from the dash board that fully stops the application,1,1,2621.100.102848,2026-07-11 14:36:43,,,2621.100.102848,41,False
08b036dd-88d9-4e77-bf75-42c9a4a798bb,Muhammad Ramzan,https://play-lh.googleusercontent.com/a/ACg8ocICHH7SofIgxy8_u2JX7XyioexmNdJO0dJKtrBGWgajMdLgyA=mo,nice very nice 👌,5,0,2621.100.102848,2026-07-10 09:02:02,,,2621.100.102848,4,True
28d002d7-af26-40cd-a45a-28548191051a,Karl Blackman,https://play-lh.googleusercontent.com/a-/ALV-UjXH9fWXVLE8obGKCCHcCOH8OAHDE3Ae_Q2dbTFK8NIb5b5UkKU,good app.for trucks,4,0,2613.100.17912,2026-07-08 15:26:32,,,2613.100.17912,3,True
18e3a1b9-880f-4cfd-b329-766fbb492d53,A. A. (Psalm 25),https://play-lh.googleusercontent.com/a-/ALV-UjVCcI9maIsZUmLf421drHFiVCUZYrizMcgG27-zU5zpkz6CHvY4,easy to use,5,0,2621.100.102848,2026-07-08 12:23:08,,,2621.100.102848,3,True
c2e8a148-c44b-47de-af68-3bf0324f1c29,Nathan Morin,https://play-lh.googleusercontent.com/a-/ALV-UjWYj-d3nBPJ8BcTzJ_6C9z8gBzYcgceEnkWtQ9gg3b3jzCw_Po,great way to stay accountable and to make sure the truck and production are working together,5,1,2620.100.21808,2026-07-07 08:00:01,,,2620.100.21808,16,False
764300f1-dd6c-4c6c-bcb3-df69dbf47c11,Marvin Williams,https://play-lh.googleusercontent.com/a/ACg8ocIQ0pFatgAOD98zTfHVaN50CIBpJy_kwq2QPTa1v0akJI08Yw=mo,Alright.,5,0,2621.100.102848,2026-07-02 09:58:46,,,2621.100.102848,1,True
ef62b2bf-6a4e-48c1-9d31-3e8d93f8090d,Dan McIntyre,https://play-lh.googleusercontent.com/a-/ALV-UjUCuLYlwgMrRkIS4Lp9H1r86j34fAm56rIFnOwn0NpmXVbbbtHj,Phenomenal,5,0,2621.100.102848,2026-07-02 06:59:55,,,2621.100.102848,1,True
ef32ee84-c14b-42cd-8fa5-a7ce1d0f086d,David Johnson,https://play-lh.googleusercontent.com/a-/ALV-UjU3JG7Zdi-8vvHkgNOMYsqALCW9XMeO5f36xaZjs-2tuOFDEGYxXg,Excellent ELD system,5,0,2621.100.102848,2026-07-01 11:35:03,,,2621.100.102848,3,True
3d7a8b77-bc72-4fa8-86fd-114f3099a4ef,Ike,https://play-lh.googleusercontent.com/a-/ALV-UjU5ToNVussHt62Kro0kXs6IYlgoXFOQgunHygaY3eHeTqN4tOEw,"slow AF. The old UI system works so much better than the ""new"" app update. for a prescription you pay thousands for. it sure is lacking in every way possible. from customer service to sales rep to everything. as an end user and manager of the system, not two please.",1,2,2621.100.102848,2026-06-30 10:21:31,,,2621.100.102848,50,False
815452ab-2617-4669-aa40-a4f706dd0bbc,Kurt Young,https://play-lh.googleusercontent.com/a/ACg8ocIoOJtOdiZMu3c7Q2lOIA_2kLBQ5Q5cebXwsP22wmW9Ttt6Ng=mo,"junk! uses the gps on my phone, then tells samsara my work truck is in motion when I'm in my personal truck!!🤬🤬",1,1,2621.100.102848,2026-06-28 17:51:02,,,2621.100.102848,22,False
30956910-fc3e-4170-b018-0f892dd2f0e8,L F,https://play-lh.googleusercontent.com/a/ACg8ocKdEg4T4h_TzJrpjPnAxf-Ht6uPGTz3xvZdeTTjOQicA-B-WQ=mo,Spyware,1,3,,2026-06-28 16:18:45,,,,1,True
002eacb9-4cc1-47b0-8b81-509c9b10a67b,Lancia Charles,https://play-lh.googleusercontent.com/a-/ALV-UjXQ_HL_E-vP03goK98xDOJoTS5ar4aRfCx9CbGfqdmTU5T5ADs,"I love being able to see what I need to work on, now that I understand how to do everything properly. I have been compliant for a while now. I just wish it wasn't so low opening.",5,0,2621.100.102848,2026-06-27 12:43:50,,,2621.100.102848,37,False
89784ae6-50a5-471a-828e-1bf5b1d07d31,Michael Williams,https://play-lh.googleusercontent.com/a-/ALV-UjWXA3tXvLt5UhH8I_avgELZDSliLhNheiizto2ZsE_qjiaKS3L-,"On a daily basis Samsara signs me out and deletes my truck number, location, and remark from my duty status. It does this every single day. I implore all drivers to report this horribly malfunctioning ELD to the FMCSA, and encourage them to add it to the revoked list. Every single day I have to fight with thing just to keep the same duty status I went on break with, and I have to add a remark ""Malfuntioning ELD removed truck # & location from status"" just so I can show in case of an inspection.",1,1,2621.100.102848,2026-06-27 08:06:28,,,2621.100.102848,96,False
b77a987a-9592-40aa-8e05-8ec86e6b6c28,Karls Transport,https://play-lh.googleusercontent.com/a/ACg8ocIM2-DEjS_cUH58FDz7V8EHpDqnAkCqogMBmojxDaPXU2FU8g=mo,works great,5,0,2621.100.102848,2026-06-26 15:47:28,,,2621.100.102848,2,True
fa7c60bf-a098-4c98-a71f-d3ca0c794554,Esperia 2019,https://play-lh.googleusercontent.com/a-/ALV-UjXNvpgQIgwgr3tnysccrp51UvlUwPgiPxKCG_BmHHyRMXbcjZck,five star,5,0,2621.100.102848,2026-06-26 11:03:32,,,2621.100.102848,2,True
663fe80d-27ae-45ce-98fc-a224e81757f0,Finister Family,https://play-lh.googleusercontent.com/a-/ALV-UjUd6Qs7WKfcdsBiyMEr6Wa8GgPS1P31bTh2pvdyz7aPgq9uvU6DLg,"Good day, i'm leaving this review because I work for a company that holds us to a standard for our driving. we're based off of your point system. In app, that tells our company how safe we're a drop. I'm losing points on a daily, and i'm trying to find out where exactly where i'm speeding. I drive from texas to louisiana every day, using I10. there is construction on the highway. Much of it is done. The speed limits have changed. And i'm losing points, because no one has updated the speed limits",3,4,2621.100.102848,2026-06-26 04:34:45,,,2621.100.102848,94,False
6c439a05-6231-46f8-a887-767fd5a2a338,Tishia Pharayra,https://play-lh.googleusercontent.com/a-/ALV-UjUEkOglAXvxi4Sg7jSJUh7qnS4GBlXFB1_Q_yEKX9QyDlOWlxWv2A,"not easy to navigate, goes past things I need to complete.",2,0,2620.100.21808,2026-06-25 16:36:50,,,2620.100.21808,11,False
ea2ed9c9-ce36-474c-bf66-99be3087985e,Dave Eaton,https://play-lh.googleusercontent.com/a/ACg8ocJD1DSts9j54onfxbVcjtnyyk01lgyPTRK-HPXPcRw1YZ6q2A=mo,"Great app, makes my job so much easier. Runs smooth and slick.",5,0,2621.100.102848,2026-06-24 21:32:47,,,2621.100.102848,12,False
aaf3aa02-4424-48f7-ac7c-7a246216e707,Chris Swartzfager,https://play-lh.googleusercontent.com/a/ACg8ocIYaTM-v6XakQHOe-IXxs-rkV1mMyPLTbHI7IpQf_W51A15FA=mo,I enjoy samara it has helped me learn more about the eld and the different functions and very friendly user,4,1,2621.100.102848,2026-06-23 20:45:17,,,2621.100.102848,20,False
cc6f177d-33ef-4563-af90-0e76e914b683,Don Wales,https://play-lh.googleusercontent.com/a/ACg8ocLYIox_KHdj-6isldlnbm_e_lq68dCEsCeTq2rd298MoYfgGA=mo,great a lot better than BigRoad!,5,0,2620.100.21808,2026-06-21 09:54:37,,,2620.100.21808,6,False
666b109e-acae-429d-a390-a95898b455e7,James Parsons,https://play-lh.googleusercontent.com/a-/ALV-UjXl11xbJaKr1tQLRsRxaGzJ7VEFko-WX4p7sYiFZtU9sFHzSoWy,"Bad, bad choice for an ELD. Every update seems to bring new bugs. And the updates seem to be never ending.",1,2,2621.100.102848,2026-06-20 12:49:29,,,2621.100.102848,21,False
2a7ce38e-366f-4d89-a7e7-03cb12d2e830,John English,https://play-lh.googleusercontent.com/a-/ALV-UjU14-4uXWh1NBHGSWBWQF7_e8nvgBSX7AsXnP2oaXqi1vdQpisw,the best ELD I ever used,5,0,,2026-06-19 05:40:59,,,,6,False
ee3f8fe2-e8b4-4f80-99fe-758e012d38df,Mike Rinquist,https://play-lh.googleusercontent.com/a/ACg8ocIJ1lkthkQJVDSyf6fKo4VaOPwQ0fFmeZRfagJoHwdPRjYQAw=mo,"Absolute garbage! It doesn't accurately track your time or kilometers. Your log will be totally screwed. If CVSE pulls you over, expect a fine. Plus it wants to give you driving lessons if it feels you did something wrong",1,1,2621.100.102848,2026-06-19 05:10:23,,,2621.100.102848,39,False
34f24f95-68ed-4c65-956c-bf61a5a37fad,Patrick Grogan,https://play-lh.googleusercontent.com/a/ACg8ocLDvL22XF08lL9taA6w-wlEAz-nm018Xa2gqiq7_T9fdSYEpA=mo,as far as ELD goes easy to use,5,0,2621.100.102848,2026-06-18 09:02:07,,,2621.100.102848,8,False
05ae077f-68ec-40ee-b301-7b08fc7cc053,Chris Smith,https://play-lh.googleusercontent.com/a-/ALV-UjVb-xY75tqLzmAWpFWAyHHIQHzqZCVg-DnG9qixjFdgV5ETWtpb,"absolute garbage, switches back to driving after changing to on/off duty, kills all my gauges intermittently, interface freezes up and i have to reboot it for clocks to be accurate. no ability to use app as an electronic log book when running eld exempt.",1,2,2621.100.102848,2026-06-16 23:09:58,,,2621.100.102848,44,False
8f74a50e-39ec-47e5-b78c-435837ea17d8,Beric Tech Solutions,https://play-lh.googleusercontent.com/a-/ALV-UjWVIRtlyjkVYNRRtym1baE8fX50lgTu90pNf5fyezo-7ftgPjyN,"meh, im just here for a paycheck",4,0,2620.100.21808,2026-06-16 12:48:59,,,2620.100.21808,7,False
e0b612b1-b26f-4e5c-ab52-9280fb670cb4,Valentino Antonov,https://play-lh.googleusercontent.com/a-/ALV-UjUzQ7IdnAJeSwSpmvYfpS0ln5x6nquXzhyzOGmzu5QH4-d94X0,Absolutely brilliant and complete nonsense at times.,3,0,2621.100.102848,2026-06-16 00:51:48,,,2621.100.102848,7,False
9c1a3fa0-8231-46fe-a821-bc8e2a799e47,Mike Roy,https://play-lh.googleusercontent.com/a-/ALV-UjVm1EkHMGbAQ54zER_PVH2nrTz58hzC1T9zoZ85xbV6PRs5_mX5Rg,eyeh8 eld,5,0,2620.100.21808,2026-06-15 21:24:38,,,2620.100.21808,2,True
014f4151-58ad-4c8f-9e81-02295c213c5d,Tommy Tanton,https://play-lh.googleusercontent.com/a/ACg8ocI3n19N8Za8JoqzevpBx9XsicqmdoEGGe6XZ3drYuTjxtlRwA=mo,It works great all I need.,5,0,2620.100.21808,2026-06-15 17:34:49,,,2620.100.21808,6,False
dc6a9b1c-e21a-4366-b583-47c87aa54c4c,Shaun Glynn,https://play-lh.googleusercontent.com/a-/ALV-UjUBbtvtcSIK3rxJk5zIRqvhOyNQeuCisRHz2UXz1jqfzC9r5U3S,"Been using this app for the last 2 years for driving from my company. And it's one of the worst apps I've had to use to date. Okay, so update, it's been four years now.And the more they try to fix it, the more this app does not wanna work.Or will not connect",1,2,2620.100.21808,2026-06-14 08:51:09,,,2620.100.21808,53,False
2c9bf124-b368-4adf-a6ef-4ac08b64be0b,Kevin Engberg,https://play-lh.googleusercontent.com/a-/ALV-UjViuWOVSzp0gdQKjTdd3Hx1SJd-eUzcKEzL3TP7asWIcg3zmjqb,I like the way the app works. it's nice and easy,5,0,2620.100.21808,2026-06-12 17:49:27,,,2620.100.21808,11,False
dc1a5d8f-4321-4d9f-83b4-0792f917acd4,James Scholl,https://play-lh.googleusercontent.com/a-/ALV-UjUNxEfylWpFdGuaB6a-Y17kq89k9Ydgcxn5d010NPfeUtyS6tsPKA,"I like it. It's convenient, quick, and I can access everything on one device.",5,0,2621.100.102848,2026-06-11 23:59:02,,,2621.100.102848,14,False
50433a40-d123-4c9b-8c67-5abdfb8c8011,DSIVXX,https://play-lh.googleusercontent.com/a/ACg8ocIlqPjs9hGsaJlu8wuS-RQg4U2m4B_G1ZetNy2FJ4meDIyIJA=mo,"push notifications dont work, location sometimes works, UI sucks. Update: still dont get notifications when needed, but now I get them telling me I'm going to be violation soon after being off duty for 14 hours.",1,4,2621.100.102848,2026-06-11 08:44:12,,,2621.100.102848,36,False
e9442b4d-acba-4109-b767-c91bf30b47bc,c r vincent,https://play-lh.googleusercontent.com/a-/ALV-UjU0JjCmYPFgTqijGub291IP8nlkIzpleKVnABLpu1ZilAf8IYw,latest update really is terrible.,1,1,2620.100.21808,2026-06-10 20:05:39,,,2620.100.21808,5,False
c5fa45f3-aae8-4be0-9225-7c30d97433a5,mohammeddeeq Ahmed Qorane,https://play-lh.googleusercontent.com/a-/ALV-UjXduRAaVWaTqXLdExR_ffQoti3we5jZytD7VfivOea8RyiOiJIh,very good App 👍,5,0,2620.100.21808,2026-06-10 14:34:50,,,2620.100.21808,4,True
df41a0f0-1ee6-4a52-9d8b-9d056d21ac80,Sonic Guyver,https://play-lh.googleusercontent.com/a-/ALV-UjVSFIlS7vBTNQV2b63JM3hFuhOBjuR6EWqoJylMl_sKylN-Wqs,"In general a handy app to use. allows for more streamlined experience with my company. Scanning option let's me send my BOL and other papers in as soon as they are in hand, rather than Transflow. But the last major update really ruined the interface. The app is slow and unresponsive. Msgs are no longer previewed so I need to stop just to see if it's a company memo or a msg. for me. They went and broke what didn't need fixing and foisted an inferior product on us.",2,2,2620.100.21808,2026-06-09 17:40:32,,,2620.100.21808,89,False
33676118-e23c-4b99-b3c9-ce366646bf80,Otto Humpmachine,https://play-lh.googleusercontent.com/a/ACg8ocLHUFs7SOvGzDWUI6-5PVazfw17Zzxye1f6XkHStw-iHXYzyA=mo,"Wasn't great before, but the new ui is just awful. It's so slow, too... I only use this app because I'm forced to at work",2,2,2620.100.21808,2026-06-09 01:56:24,,,2620.100.21808,25,False
daaebad5-743d-45cd-b664-05b295634512,Giovanni,https://play-lh.googleusercontent.com/a/ACg8ocJkcWaV8agk5KU7SOKK9FMt_Ia-pqF7A6fVHgI-O2o8Bi7PEA=mo,"This new version sucks!!! It should be simplified NOT modified, to increase complications. It added several additional steps, plus forcing us to signout after post-trip. Then it won't allow you to actually signout; until you've gone through the entire process THREE times!!! If it wasn't mandatory for work; I'd uninstall immediately!!!",1,12,2620.100.21808,2026-06-09 01:54:49,,,2620.100.21808,51,False
c927e879-2393-4f8a-b1f9-1966ad8c80c1,Aramys C.,https://play-lh.googleusercontent.com/a-/ALV-UjVfU76ad1cxVEpSMQ-ii80fdXtFamPJQqZ2og-uJsW7y04I8EQI,🇺🇸💯🇺🇸,5,0,2620.100.21808,2026-06-08 17:48:18,,,2620.100.21808,1,True
ac591697-e813-4578-b443-4e62f2504056,Moses Harris,https://play-lh.googleusercontent.com/a-/ALV-UjUo3Vb4zMH2-wU39MJz1E9CiH5SY83Npd5j_xk0HuXhldUeQvOD8w,real good,5,0,2620.100.21808,2026-06-08 12:39:37,,,2620.100.21808,2,True
03d82d13-0545-43b6-96bd-32c2c7e36941,Craig Stern,https://play-lh.googleusercontent.com/a-/ALV-UjXMoGa6pT1OaXkQ-AWGs7hLIA5E_K-8haWd8_WNEMXNioudQ8WctQ,this app constantly is telling us we are speeding or severely speeding when we are not. then we look at the app and the app shows that on a major interstate it's been showing 60 mi an hour when it should be so in 70. we have tried to get this problem corrected but it does not get corrected. The evaluation part of the drivers needs to be fixed because this drivers aren't even trying anymore because the information used to evaluate us is so outdated. for God's sakes please update the speed limits,2,1,2620.100.21808,2026-06-08 08:55:22,,,2620.100.21808,94,False
4679e5c0-4675-4279-a781-83b3daea5779,Dave Seiders,https://play-lh.googleusercontent.com/a-/ALV-UjX33rsZAs_ASqiWYr8lCJY1UTx07O0GcuFquHEm6UaP0qUzP3Eujg,will not work,1,1,2620.100.21808,2026-06-08 08:12:52,,,2620.100.21808,3,True
7e069c3f-da55-4a3d-ac67-e3f9561d5031,Christine Mackert,https://play-lh.googleusercontent.com/a-/ALV-UjXckjxl0GV3vBzI4PldxwSc-S4L2TGfkPRG2eCjwQcMQjt0ezDW,Is a great app for drivers at work!,5,0,2620.100.21808,2026-06-06 19:35:40,,,2620.100.21808,8,False
a7679952-7676-4d9a-b06c-4544e11f03ec,John Butero,https://play-lh.googleusercontent.com/a/ACg8ocI_NUApe0dDVn0I7VEL33aPv17cblGNT92UIIwRXf_whn4i6Q=mo,"The app with it's annoying bell is more distracting than the actual issues it is warning about. It can startle the driver and potentially cause an accident. There are many false alarms like claiming the seatbelt isn't fastened when it is. It will say to take a break when you are wide awake. It records everything you say even when you haven't given permission. It is like having an annoying back seat driver with you. Such devices should be outlawed. Front facing cams make sense,but not this.",1,3,2620.100.21808,2026-06-06 13:48:12,,,2620.100.21808,87,False
44c1efb5-0109-46e3-a088-edbcf6cc4194,Bhandal Bros,https://play-lh.googleusercontent.com/a/ACg8ocLo7WRoQbhBLtYHjeo0yldj8FGcyIQjhn5iHjuuEN5pnmoMMA=mo,Good,5,0,2620.100.21808,2026-06-06 06:06:08,,,2620.100.21808,1,True
284fcfe5-d4d6-4f9b-97c8-3ed6d175413d,Shane Perdue,https://play-lh.googleusercontent.com/a/ACg8ocKCXToIDFMsSedHI38CMqZAYVKnsfQz6jEudAoQnUwm2Aynnw=mo,makes DVIR easier than than paper trail,5,1,2613.100.17912,2026-06-06 03:09:11,,,2613.100.17912,7,False
4723e3c7-adc7-4540-92ee-da44b2f3b81f,JMM,https://play-lh.googleusercontent.com/a-/ALV-UjV9fxRFsU-8mcFp6zON3VlWaDOP5hPCeEfJ1vylNaVxsmkPF0DW,"The screen goes dark every time it tries to download an update, which it does not allow you to opt out of. Also, their website is worthless. I really wish my employer would switch to Motive. Samsara sucks.",1,1,,2026-06-04 06:49:48,,,,38,False
64d8b473-e7c3-41f4-a808-771b1bfc8eaa,legend Group,https://play-lh.googleusercontent.com/a-/ALV-UjUOGPVW5rKSCDiwB-T7E8gL03SDqUWYdNE_oOD_DM-u4_AAwWPI,most of time it halt,3,0,2620.100.21808,2026-06-03 11:11:35,,,2620.100.21808,5,False
b990d468-6ce5-421f-842b-9573b1ebcfaa,Terrence B.,https://play-lh.googleusercontent.com/a-/ALV-UjXaJyz2T-w1YP_nMSwHuF3x8A3WTeodpBrsIwk-bg-jxbMlztkW,Nice app,5,0,2620.100.21808,2026-06-02 07:06:33,,,2620.100.21808,2,True
8f567267-b96e-4c80-bdd6-dd9f39fe2dac,marvin scott,https://play-lh.googleusercontent.com/a-/ALV-UjWhRMXEikLJQjpOmG1h_MOSBvku8foibkEoWSUlvYGG5ueptuhM,"it helps me know and stay aware of my time, store number, and correct trip. it doesn't buffer or shut off without my control",5,1,2620.100.21808,2026-06-02 00:30:26,,,2620.100.21808,24,False
001cabad-17fb-4d8c-a613-8d23854163bd,Heather Monroe,https://play-lh.googleusercontent.com/a-/ALV-UjVAd8_s0B2_nLxKyQuFYKKaAm0FmfVVSxoiWKZgmDiJ2iFS1xjz,pretty easy.,4,0,2620.100.21808,2026-05-31 21:19:48,,,2620.100.21808,2,True
173e0f4e-d719-4e3e-b79c-00ad138c2d2c,Jon,https://play-lh.googleusercontent.com/a/ACg8ocJMuMIO9fge1CO-r1IFBQHiQse9QBxyjpCrGKxVBbfqbT1vzw=mo,"Good but Odd...alot of quirks, the recent issue has me posting this. I have to hunt all over to use the most obvious and well used functions as a driver. Also not the same across devices (phones and tablets, and I mean multiple), as in issues. The issue with off duty jogging the truck, and it pops into drive...those are unforgiveable! And they never seem to scale the app windows properly for landscape. I would post a screenshot of my jumbled screen right now but google apparently no longerallows",3,0,2620.100.21808,2026-05-31 18:55:35,,,2620.100.21808,89,False
16e6aa12-743f-447f-bdbf-2151be66c197,Chris Osborne,https://play-lh.googleusercontent.com/a/ACg8ocJWPvs7-_zELG3-P-ar0tuS9Nj8-xbV1quDseH9ZcofaoUTIQ=mo,hate hate hate Ai wish you guys get sued for these cameras,1,3,,2026-05-31 05:49:25,,,,12,False
0413831f-088d-4e79-87f7-4e6da2dad46c,Dakota Carriers,https://play-lh.googleusercontent.com/a/ACg8ocIWvNrpZd1me-RH0itA6Qv0kan0KhxHQO7W7-Rwa3R7WOiOUw=mo,It constantly crashes and freezes. It's absolute garbage,1,3,2620.100.21808,2026-05-30 13:27:47,,,2620.100.21808,8,False
0d40c3d8-6d78-40e3-9d37-459e81427b31,Q B,https://play-lh.googleusercontent.com/a/ACg8ocIx8rES8k8O98jTFUUzyd2n1SHjeQX7axQyE7scfqGcKG9I=mo,this app isn't great. Can't view the dvir photos from past days. the map does weird things says to take time off when I'm already off. Just bad needs refining. as I typed this it said to take time off..,1,2,2613.100.17912,2026-05-29 21:16:23,,,2613.100.17912,40,False
0d72f3f6-0749-49da-804e-0f248f6aa000,Mountain Doug,https://play-lh.googleusercontent.com/a/ACg8ocI5mrfYe0nOZtH4whf6vh6hDctO1EKSM4yUkaL1qnoelGPAog=mo,new layout SUCKS! Too much displayed on one screen. extremely distracting to drivers. information that is not needed clogging up what drivers needs. not to mention big taskbar at bottom not needed or should be able to be minimized.,1,3,2620.100.21808,2026-05-29 20:43:45,,,2620.100.21808,39,False
fc74f71b-ab4e-4497-84d4-3b2ece106062,Terence Atkins,https://play-lh.googleusercontent.com/a/ACg8ocIeH1RifXVLSFfSCB4YJhIkKme2HXdgNX4icQifzn3jKc97vQ=mo,gives good insight,5,0,2620.100.21808,2026-05-29 17:13:40,,,2620.100.21808,3,True
8796d233-ec7d-4e0a-872d-94351cade378,Dauane Hoist,https://play-lh.googleusercontent.com/a/ACg8ocK_wt0YFvotQ4Wm_gHgZANyrj4ZYzXA5KjmfyDIwVplIz3bTQ=mo,🔥,5,0,2620.100.21808,2026-05-28 22:16:31,,,2620.100.21808,1,True
6fc50ae0-ce46-4791-a6c8-ec45369213a4,Garrett Cook,https://play-lh.googleusercontent.com/a-/ALV-UjXlV7EmKF8DJukpUZKp2CWRzfvzW3_JbAj6sC7yPBFOgCFViqFb,"I get Hours of Service violation alerts randomly on my days off that are proven to be nonsense as soon as I open the app, but other than that it does it's job okay.",4,0,2620.100.21808,2026-05-27 12:48:10,,,2620.100.21808,34,False
ea4f65ae-5ac2-43ff-972b-a9ec650eed60,John,https://play-lh.googleusercontent.com/a/ACg8ocKtkMTRcIryCsx_4pV5RXuIZ1XTjiMrZxwgttRvJJXZvFwlTg=mo,so easy a monkey could do it,5,0,2620.100.21808,2026-05-26 22:26:18,,,2620.100.21808,7,False
bc51ff99-93a9-42dd-9f42-7db14409eb31,Ricardo R Hernandez,https://play-lh.googleusercontent.com/a-/ALV-UjWk92F7Vog9nYwLfo_dCS_XAsNftWWHaAylXs2razxPXG89Scw,Best application ever. Very simple and easy to use. I highly recommend it 👌.,5,0,2620.100.21808,2026-05-26 08:28:14,,,2620.100.21808,14,False
d7e7e32d-faa3-4885-af63-684278fe6654,Tanu Nagra,https://play-lh.googleusercontent.com/a-/ALV-UjWk10ZJrI5jdXaOME0QxZ-M4yKeAsIXanrznxn1KB9cAQdRlMs,greatest,5,0,2620.100.21808,2026-05-25 08:17:29,,,2620.100.21808,1,True
5e9b1531-a483-42f7-acfe-56254b715f52,Dick Nasty,https://play-lh.googleusercontent.com/a-/ALV-UjU25T2pm-AhxfeIX53fZ_kmP0NWTgVOdH-l3S-YFrYwuCfGC0Kc,"the new ( kudos) feature is annoying , I don't need to know how great im doing several times a day in my inbox , inbox is for important information",2,2,,2026-05-24 14:40:20,,,,30,False
3978e4b5-a1bc-4ec7-a6ad-96ec6dc51b44,Johnny Cuestas,https://play-lh.googleusercontent.com/a-/ALV-UjXxnCHGhT2vDn0HafpjZHaEb9T811lGPNkq8YW2Ql5OKJQV8LTm,it's cool 2 use,5,0,2620.100.21808,2026-05-24 14:09:51,,,2620.100.21808,4,True
bcc507b8-b95b-4b12-8b09-75867850043e,Skylar Cherry,https://play-lh.googleusercontent.com/a/ACg8ocLPhjpdgF9kygmQsZcudEo6fYikMUcFOMF80JZCkqhgOWTq1g=mo,"most recent design update has made the app run slower, look worse, and adds steps to get direct information as opposed to simply seeing my items once I open it. this update wasted time, money, and I'm certain frustration on the part of the programmers to make a worse product than what we already had.",1,4,2620.100.21808,2026-05-23 08:10:15,,,2620.100.21808,55,False
4c768a88-6ee2-4714-8b73-bf87962ea373,Clinton Green,https://play-lh.googleusercontent.com/a-/ALV-UjUFGos2xtZtO3ICkTM9JKTYtFOaQmljxtpbcPkrJYCEYOc73eeW,"Outstanding reminder for all commercial drivers that every life is just as important as our own, no matter how they choose to drive.",5,0,2613.100.17912,2026-05-22 12:42:04,,,2613.100.17912,23,False
098d303d-177a-4ccf-9e5a-0647bdece5d1,scott mccomas,https://play-lh.googleusercontent.com/a/ACg8ocJo6n3ARfAK_TgzGSuo-iaGXr3rUjQiv2gdMp_I1gmqLYTiAA=mo,worst elog app ever. not user friendly and always crashing. wish my company would switch,2,1,2620.100.21808,2026-05-22 00:44:40,,,2620.100.21808,15,False
2ba08390-0139-429e-b60d-425da3ef7bb6,JCC Pinc,https://play-lh.googleusercontent.com/a/ACg8ocIwFQyq4_IFgzhQoLRjIhzNV1EtEbq_VSmTnUzKD9_3IP3eJw=mo,App is extremely slow since lastest update,2,0,2620.100.21808,2026-05-21 21:45:10,,,2620.100.21808,7,False
3ef6c610-438b-4e89-8c62-6e153cf1b91c,Mark Bowron,https://play-lh.googleusercontent.com/a-/ALV-UjVC_IeumiE8kbYUfcwWhorBAYZaQ0aJfZpjkxY-9eoZN37RHga1kA,Samsara is too cheap to hire programmers competent enough to learn the HOS rules.,1,2,2613.100.17912,2026-05-21 06:53:57,,,2613.100.17912,14,False
9f8928a8-8792-4002-a270-2fc79095376c,No one Nobody,https://play-lh.googleusercontent.com/a-/ALV-UjWFqszm6stbxXCnqG6lezLSnfpvfl7vRI8z5XlsF1KjOiWeULc,it was a good app but after the last update it has a delayed response. up to 3 minutes after pressing the screen. you will be looking pretty dumb while being inspected because the app has a very long delayed response time each time you use it.,1,1,,2026-05-21 04:31:13,,,,47,False
c2c2cce0-0b82-44db-b453-5fc801c11085,Dylan Weeks,https://play-lh.googleusercontent.com/a/ACg8ocLwr6lHP8j69jvM88cZIydWkP2EJsVTNsIRwSiny8cH3dhnaQ=mo,use to be decent but the last update made it so slow I'm about to find a new app to use. should take over 5 minutes to change from driving to on duty,1,3,2620.100.21808,2026-05-21 01:53:45,,,2620.100.21808,33,False
38c48234-8f8a-46df-90a8-b1f7dac0b6d0,Jeremy Blaine,https://play-lh.googleusercontent.com/a-/ALV-UjXe2-ocJHYHMUp2bUcCATlgg_0smDd8QMFuqNkkjVJ-5Fxpxucg,This app sucks !,1,2,2620.100.21808,2026-05-20 18:41:37,,,2620.100.21808,4,True
66cd19dd-c151-4dc4-bddf-8f47ac4f5b19,Russ Ireland,https://play-lh.googleusercontent.com/a/ACg8ocIpBStY9rjymnpadM_etZhntkMq5qNF0hWqcj1ekF9negukzA=mo,sucks,1,0,2613.100.17912,2026-05-19 20:01:00,,,2613.100.17912,1,True
df098b3f-dea5-44ed-beda-6f46ac53fe2b,Satnam Singh Sidhu,https://play-lh.googleusercontent.com/a-/ALV-UjV7mhGl4R62fUFFOgiTRKIcfYgUe1XKutqW16TFO8e-4cHRjbfLzA,Easy to use ELD program.,5,0,2620.100.21808,2026-05-19 11:43:15,,,2620.100.21808,5,False
69983c44-cf42-4148-9abc-0ef8dc3086d2,Sergey Dovhaliuk,https://play-lh.googleusercontent.com/a-/ALV-UjW3V32EbKH-fjONV_PngBIhff0c3jRdUdJH_JlNfpvRaI-bzX9dDQ,New update not good,1,2,2620.100.21808,2026-05-17 19:45:53,,,2620.100.21808,4,True
975627eb-54a7-439c-8d36-29a695ce20b3,Cheri Johnson,https://play-lh.googleusercontent.com/a/ACg8ocK3Ft7oDkTSkw1irjABs0FEpijDvZHsQkSpnJxvNjmtUtP5uw=mo,once you get the hang of how it actually works it's cake walk I think it's a great app,5,0,2620.100.21808,2026-05-17 08:44:43,,,2620.100.21808,19,False
c68fb7fb-7b75-44b6-bd72-5b01637a111d,Divine Enterprises,https://play-lh.googleusercontent.com/a-/ALV-UjW-R-Bg-zTFo293I9udaie7mJjDYNXuqFpgz85qNkkGjCD8IDfF,works 2 slowly...,2,1,2620.100.21808,2026-05-16 11:36:22,,,2620.100.21808,3,True
1f4c2cfb-77f7-483d-8b31-1b5a3e547a9d,Babal Bal,https://play-lh.googleusercontent.com/a/ACg8ocLdbu_AeYZUxGLHij4UTnL9_mlYDFNU31yig5u-1ga54XH0lA=mo,very slowly work,1,1,2620.100.21808,2026-05-15 23:34:38,,,2620.100.21808,3,True
b147ede6-e288-4407-af0a-30d1fbea1e34,ERIC,https://play-lh.googleusercontent.com/a/ACg8ocJetAXYkfpsHqdI99e8nbZ_HTG5Nj19v-uch3yXn4EEz91QjA=mo,this app is so slow,1,1,,2026-05-15 18:55:09,,,,5,False
3b7da144-c7b6-416f-9f91-c70667beae77,Christian Puckett,https://play-lh.googleusercontent.com/a-/ALV-UjXs-ehD-ysjM8XRhwGHHSb84O9Ir4dtsKIqVyP3gPe0LhsLw5BM,Its ok I reckon,4,0,2620.100.21808,2026-05-15 18:39:46,,,2620.100.21808,4,True
597e7f0c-04d5-41f7-bfb1-098a6df5a9ea,Guri,https://play-lh.googleusercontent.com/a-/ALV-UjVVDrr8a_7xqpJANYH8NnDbpuUH_iINypcc_K0Aglbu29THh5jtLQ,"this app already had so some issues before. but instead of fixing those, they updated the interface, so now instead of everything being on the first page, they complicated things. so instead of 1 click for most of the things, you have to scroll and try to find what used to be on the main screen. JUST WHY? why try to fix something thats not broken.",2,2,2620.100.21808,2026-05-15 13:42:38,,,2620.100.21808,66,False
611d0d38-0620-40d2-9e89-ed1da06e13d8,Mike Gore,https://play-lh.googleusercontent.com/a/ACg8ocJhrTCGreej6MaAjPZKu7uVb020KM7pz4H3f-O-VLiyGy6qVg=mo,app lags and now the navigation map freezes and I have to restart my device,1,0,,2026-05-15 04:29:20,,,,15,False
5538c8b1-5a17-484c-ba02-95f99b53669c,Bern Cer,https://play-lh.googleusercontent.com/a/ACg8ocJD3dPHlFuk0WwBO-NOdW0StF-xblf_Q_TiBMoys-WQox8L_Q=mo,"Wish I could show pictures of before and after. But the recent update for ui was appalling. HOS, the most important part of this tool became more difficult to see. The duration tool tip is practically invisible. Too dim. The sudden UI changes was not welcome either. Wake up to this update and had to plan my route again just to get used to the changes.",4,12,2620.100.21808,2026-05-15 00:38:10,,,2620.100.21808,66,False
b47c76b2-822a-42bf-88e5-2678ef854135,Eric Seese,https://play-lh.googleusercontent.com/a/ACg8ocKmy7VvIAlg3QWyk53ErdDOzqBVe0odwzGlBHi9bW4YdOjsQw=mo,often and randomly stops working,1,1,2620.100.21808,2026-05-14 23:07:18,,,2620.100.21808,5,False
45935ac3-0480-400d-a861-a04ad32d63d0,Caleb Child,https://play-lh.googleusercontent.com/a-/ALV-UjXIIzCL25pbAaJZtw_DY_T2l_RUEjaHEkzidvpLlNjUrR5i2NS4,"App is completely broken. When I sign in and try to assign a vehicle to me, it demands I assign a trailer. I select the option for ""no trailer"" and it gets stuck in a loop where it won't let me proceed without selecting a trailer. I can't even back out to cancel nor sign out nor assign a different vehicle nor even review logs for a patrol officer. I am stuck on the screen demanding I assign a trailer to a vehicle that can't haul one. Creating a fake trailer just gets me stuck on the next screen.",1,2,2620.100.21808,2026-05-14 15:00:31,,,2620.100.21808,99,False
1429b53d-856c-415e-a6f4-001a350584d7,Tamara Gebhardt,https://play-lh.googleusercontent.com/a/ACg8ocKBJXkD9mwTeXZHDJ89G4bQhhsYe6XY11CL8PX3N2RaFcaFRg=mo,I use this app for 2 driving jobs. I love this app very easy to use.,5,4,2620.100.21808,2026-05-13 09:00:50,,,2620.100.21808,16,False
9597bcaf-2bca-4189-96dd-da56dd8a5f23,Albert Sesmas,https://play-lh.googleusercontent.com/a-/ALV-UjWxJ3SwYGUk3kDOPb2dlgCAc-hs7bBIuqRuGeNJ1CE5yu1T9utd9w,keeps putting me in violation even though I go off duty and sign out. I can see how this is necessary but I do not like using it and it is unreasonable,1,2,2620.100.21808,2026-05-13 08:43:34,,,2620.100.21808,32,False
57d82011-009f-4693-bf87-0283957fa3c4,Tykwando51,https://play-lh.googleusercontent.com/a-/ALV-UjWfG56keHRfPIT1W_oYGeAPn9IQcO6-5Jcjl0TGFnsnYlUiu12x,good app,4,0,2440.101.13125,2026-05-13 08:13:33,,,2440.101.13125,2,True
dd50173c-09e5-4989-b18c-74b475175a7e,Adam Welling,https://play-lh.googleusercontent.com/a-/ALV-UjXyYjs7XVxi73jp52aVHqABHKI8nJuVn31XM09mTdD7ekFHOQXc,Easy to use,5,1,2620.100.21808,2026-05-13 06:42:46,,,2620.100.21808,3,True
0d8ebf90-8830-416e-b9ab-897442d0e66f,Boris Schwarz,https://play-lh.googleusercontent.com/a/ACg8ocLO-Hcx-dHzp6POsUbic6rTm_wiQMXZS8KZMmkuaDtu7hqgxQ=mo,"The interface is extremely unfriendly : when driving between Canada and the U.S., you have to change settings just to get the information you need. By comparison, the Motive app lets you access the same information with a single swipe. After the latest update in early May 2026, the interface went from very bad to absolutely terrible. A driver now has to perform several operations just to see the hours-of-service information — all while driving. This is completely unsafe and encourages distracte",1,3,2620.100.21808,2026-05-13 00:44:08,,,2620.100.21808,82,False
2c69baba-0386-43d7-adde-9d833520ac96,Leo Sal,https://play-lh.googleusercontent.com/a/ACg8ocJhzuMSRFCmlCgJ4_UqiqWAgoEsxNBOo0p2-XPCBTzfROZPpA=mo,it is the worst app ever,1,1,2620.100.21808,2026-05-12 22:36:41,,,2620.100.21808,6,False
bbbdfac8-825a-464b-ab79-1340e1869a14,Glenn Packard,https://play-lh.googleusercontent.com/a-/ALV-UjX78xWntH2JZci4BFnWUZEqKjpR9L6BgCukH_ynAG2dTd5hpXg,love it,5,0,2620.100.21808,2026-05-12 22:10:13,,,2620.100.21808,2,True
4f02fdfc-7928-4d8b-be3c-7c800031cf00,Jon Yarbrough,https://play-lh.googleusercontent.com/a/ACg8ocI_UUTIgOIonZ6OvqRbw-ti2Jwhm9NihLqIZrg8jiOxS8kerg=mo,"Not very good if you spend much time without cell service, timers will be wrong when you get it back",1,1,2620.100.21808,2026-05-12 21:18:33,,,2620.100.21808,20,False
806be2ec-c564-4794-886e-ab388c1c8e8a,Gary Devonshire,https://play-lh.googleusercontent.com/a-/ALV-UjVAl9r193DD69Zfq7aDljFeeICnmSLFwGtc3Qvdd5MS5NnIGW0,this new update with a black background is absolutely disgusting! there's got to be a way for us drivers to switch it between black and white,1,0,2620.100.21808,2026-05-12 12:28:23,,,2620.100.21808,26,False
78c394cf-7ffd-4109-8132-ff2ba73c19d5,Ryan,https://play-lh.googleusercontent.com/a-/ALV-UjUbyyDW92Tt5gp8i5_SspJenOS-N6IEpi59RjINlLw70g0xv_uA5g,This e-log app is undoubtedly the worst I've ever used. It continually has issues when crossing the Canada/US border. Issues have been reported on numerous occasions and it still does not work properly. Save your money and get something else.,1,3,2620.100.21808,2026-05-12 09:12:26,,,2620.100.21808,40,False
d7a52a6e-dd1e-4f19-97d1-f78312a61cd0,Vante Hypnosis,https://play-lh.googleusercontent.com/a-/ALV-UjVYJBaUeFHlxxid7StFht-KP27JrqXGVCraeRn2wSHxfNZCw5k,"Before May 2026 this app was mediocre at best. Now it's a complete nightmare. Useless information is right in the driver's face, and any and all important information is hidden behind a wall of function buttons. This is absolutely terrible. Someone needs to lose their job. Avoid this app at all costs.",1,4,2620.100.21808,2026-05-12 08:33:10,,,2620.100.21808,52,False
768c0397-0d4c-46ca-a4f9-6c9b1197a771,Doyle Wilkins,https://play-lh.googleusercontent.com/a/ACg8ocJgUyAoQbHJ0My8zpkHNSqwQ5517M-oApyy-knNZSutCuUBeA=mo,doesn't work well,1,0,,2026-05-12 07:05:21,,,,3,True
b77c1ce1-d762-43e3-8e44-5aa0ca25b209,Adolfo,https://play-lh.googleusercontent.com/a/ACg8ocJ3Wp8MlKfnVPkpdhtj3Vqj69hplErH8FCqaDaHnFKmNBtYzA=mo,great app,5,0,2613.100.17912,2026-05-11 09:20:44,,,2613.100.17912,2,True
9132f6cd-b8ae-49af-8b60-6a7c2d8a87c3,Marc Robillard,https://play-lh.googleusercontent.com/a-/ALV-UjXZBWxSc_TtnY00HPuhtWh-4PJsYmlS3rauPphUqTMmAImDv4PD,bug quelque fois,3,0,2620.100.21808,2026-05-10 23:19:06,,,2620.100.21808,3,True
7ab86ec8-65c3-446f-adc8-803384b43c10,Sleepwalkr 1,https://play-lh.googleusercontent.com/a-/ALV-UjXHlbpc54Tqk9oamhGnTtoxc37mEfUJYu8bVBFbDZkJnDnGRu2XbA,"This is now my 5th update. This app is absolutely terrible. It's like it was designed completely by a third grade computer class. I will clock out at about 5pm and I will get a notification 4 hours later, saying that if I don't clock out soon I risk violations. I'm already clocked out?! It's able to record my precise location, but has no idea what time it is? Visually terrible. Making sense? also terrible. If I wasn't required to use this app for my job I would delete it in 1.2 seconds",1,10,2620.100.21808,2026-05-08 23:53:13,We are sorry to hear that you are having trouble. We'd love to understand more and help you resolve the issues you are seeing! Please reach out to our support team at samsara.com/help and we’ll be happy to help.,2025-12-22 15:43:55,2620.100.21808,93,False
2400c777-c16b-4abf-82eb-44e6e4f63ca9,Richard,https://play-lh.googleusercontent.com/a-/ALV-UjVQEmWvfanskYbO1zuxTLysJQDLF1AKt6Y2Jwp9XjOIgcdnO3mLXw,"The app turns off your tracking even if you have ""allowed all the time"" checked. also erases load ID for no reason. it should have a countdown clock for 10 hr breaks and 34 hr restart, the app has it but you have to go to the sleep mode.",2,2,2620.100.21808,2026-05-08 16:04:48,,,2620.100.21808,49,False
8449e890-9be8-4761-9142-9ef5c8843e88,Tiger88 Jacky,https://play-lh.googleusercontent.com/a-/ALV-UjWxon98_fPhB7_oWaXvMNOMwSUDLBsPtDFDSZYyQDOF27eKvue8YQ,un installed. hate it,1,0,,2026-05-08 12:52:54,,,,4,True
8453729d-b4e4-44bc-90be-64d2defcb6b8,Oreste Caballero,https://play-lh.googleusercontent.com/a-/ALV-UjVPUj-jSrQ8dw78dvy9mKh98oHXRBtanLGpTfrBEJWqUdPgUiyp,"its always the same thing with this app the minute they do an update on it becomes very slow with commands, takes forever just to change status",1,0,2410.102.11794,2026-05-07 16:21:18,,,2410.102.11794,27,False
a598ad33-e544-42d5-b768-40e02b4ee333,anita lambeng,https://play-lh.googleusercontent.com/a-/ALV-UjVw4cx7QxNqCybScsxFF7_wKsQT9wFC0KaAhYRGLOhR_kyGWeBiHg,I love it is so easy 😌,5,0,2620.100.21808,2026-05-06 09:20:30,,,2620.100.21808,7,False
4652c10d-1c3a-428f-addf-3b2ad1c6855c,Truck 124 True North,https://play-lh.googleusercontent.com/a/ACg8ocJVeeqypIF3Xr-ZOL6UxmMLgnLY3p4vlParlmZW3mQHs6xwig=mo,this horrible lag is completely unacceptable!,1,3,2620.100.21808,2026-05-03 22:57:32,,,2620.100.21808,6,False
9acd2da6-8619-468a-b563-4a2af078ff53,Brian Standley,https://play-lh.googleusercontent.com/a-/ALV-UjUt-Ts0EtEO9Kama_M5D7VvO32MjR6h1WG9NvjB-L6A_hBtpky1,Everything works good except for the navigation. The navigation we'll try to put big trucks on roads that they are not supposed to be on and it shows speed limits that are incorrect almost all the time,3,0,2613.100.17912,2026-05-03 07:00:19,,,2613.100.17912,37,False
75917d71-095f-4cd3-8421-9062314a1439,glasgow reginald,https://play-lh.googleusercontent.com/a-/ALV-UjUoxdfl6XnTCcLr2Hb1GI0aR_TCJNOTofBk0x-0We0Gw5EVvvcu,Nice app,5,1,2613.100.17912,2026-04-30 22:16:57,,,2613.100.17912,2,True
5bdff165-5076-46f3-a2a7-4db16d7249d8,Brian McAlvey,https://play-lh.googleusercontent.com/a/ACg8ocLVr3hoQeI_gD4Tq5WvcOxe7a3eeCZu5lIWNiopPPg9Kpdjtg=mo,Idiotic camera AI flags me for lane departures in construction zones where all traffic is forced onto the shoulder.,1,0,2613.100.17912,2026-04-27 06:51:33,,,2613.100.17912,19,False
c223d3e8-b4e8-4845-afe9-81027ed27cdf,Ramon Valdez,https://play-lh.googleusercontent.com/a-/ALV-UjWf4UrNygp2waV796Hw-n7wf2bZYkyjpjxd0WR-_6suwDlHgc4zgQ,"this is a pretty good app just don't recommend you downloading the app on your phone cause when updates come up it overrides and the camera feature and will turn it on my Google Pixel phone, however if you got an iPhone it stays off no override for them. I feel like my privacy is being invaded by Samsara and feel like it's unnecessary to be watching, you pervs.",1,1,2613.100.17912,2026-04-26 16:33:46,,,2613.100.17912,69,False
b56b13f8-226c-484d-be4d-ceb44027c175,BS,https://play-lh.googleusercontent.com/a-/ALV-UjXJrFu0mSa2TOj2jW3uuJjkhvjd-pwiUHjpZhm3erwennYBNA,"It seems I'm losing 5 minutes of pay every few days from logging out for lunch and waiting for the green check mark to confirm my thirty minutes off. Over time Potentially, I could be losing hundreds of dollars In pay/year. I have brought this to the attention of my manager and they are shocked. Stop using this feature and ""manually edit"" your thirty minute lunch to prevent this type of theft.",1,0,2541.100.16727,2026-04-24 11:40:47,,,2541.100.16727,72,False
3d331849-2449-485a-8beb-3dce110e91ca,David Wise,https://play-lh.googleusercontent.com/a/ACg8ocJLGLIm6lS9t8lQG9pp_MPXyuNCT7CAcwABeq6u_nInT9d_6Q=mo,awesome,5,0,2613.100.17912,2026-04-20 16:09:37,,,2613.100.17912,1,True
7d1d50c4-b0ee-4c25-8a5c-d8d5d861e8d4,Scott Millard,https://play-lh.googleusercontent.com/a-/ALV-UjXScIPXrMuYOTWyRy7AyR8TEEd5BBZwCiqDJFYFcueOo-kHiFI,"Way to sensitive for drivers. I don't even look at my phone, use it, or even touch it, and I get my focus taken away when touching the regular radio to repeat a song. Also the AI camera lies and says to put on my seat belt which I do have it on already. Then there are times when the speed limit is 35, but still tells me to slow down.",2,0,,2026-04-19 20:53:39,,,,71,False
3d31d151-b8b1-4b63-b1c0-9c7585af6985,Miles Dee Johnson,https://play-lh.googleusercontent.com/a/ACg8ocIabWaucO4GYB_zY1sLPW4qHwpS0oUJ6-h1J7ttfl40K6HWCw=mo,all good,5,0,2613.100.17912,2026-04-19 19:10:48,,,2613.100.17912,2,True
c606835a-eb58-4e93-bc79-5d82a45b2c8d,Tablet,https://play-lh.googleusercontent.com/a/ACg8ocJq8LPDVgEos95IJNzy2me_DtazIso1ziTfVIftyoRzYzBFnw=mo,Very easy to use,5,0,2613.100.17912,2026-04-19 19:06:34,,,2613.100.17912,4,True
e0540c0f-d605-4f95-813f-4c85268ad433,Paul Munoz,https://play-lh.googleusercontent.com/a/ACg8ocJlBV9W-bP5V0m68xcBeFDyuIvwRD--cIsKw-U0BJ-4BBWorw=mo,Great A I Tool So Far,5,0,2613.100.17912,2026-04-19 09:40:14,,,2613.100.17912,6,False
31ffd98f-3c33-4722-8649-62723d11a81c,Indy Pannu,https://play-lh.googleusercontent.com/a/ACg8ocIjYA9rHlkalu7nSpSvqx-ufvSN4vlpwliZ5hTzsQXfqV9F1g=mo,"Constantly freezes while doing pre/post trips, and occasionally logs certify themselves. Needs work.",1,0,2613.100.17912,2026-04-17 11:50:09,,,2613.100.17912,13,False
fcf7a68c-d3c2-463b-8e64-b9ed0e62dd07,Serhii Naumenko,https://play-lh.googleusercontent.com/a/ACg8ocI6e8r17aOMSphcbBFkK0KHnH9KRtNW2oD7lSgO-jSOW2Ij9w=mo,Prevented road accident but lost points due hard braking. (not my fault at all). Go outside of the lane because of workzone and flowing the cones - lost points,1,3,2613.100.17912,2026-04-16 16:51:35,,,2613.100.17912,29,False
3fb5b1a0-515f-488c-b950-43a8697ef822,Superior Protection Services Patrol Phx,https://play-lh.googleusercontent.com/a/ACg8ocJ7sBJHyas1n9tONam8RSgL1ieQXCWqDnkLC63FEdMHJ0QEcw=mo,not accurate,1,0,2613.100.17912,2026-04-16 08:00:44,,,2613.100.17912,2,True
49e401a3-eb69-4fa3-8b2e-2a2d3258e0c2,Jay Damron,https://play-lh.googleusercontent.com/a-/ALV-UjW4vrHkJX95T3qLxRlETYn7DfVdpBdrsFy_2qIgbmnvi5UYw47t,Absolutely the WORST ELD Program ever!,1,0,2613.100.17912,2026-04-16 07:57:32,,,2613.100.17912,6,False
29d9ac39-b778-45a1-8394-f91fa62a8237,John Pinchin,https://play-lh.googleusercontent.com/a-/ALV-UjU0B6WFiQgJrabIFpdu727nUOvfpAibcWXp-ujlZolKhipQQJHv,very good,5,0,2613.100.17912,2026-04-16 07:46:49,,,2613.100.17912,2,True
9c5d43cd-aa10-4bd7-a7f2-511bd0315edc,Ronald Reid,https://play-lh.googleusercontent.com/a-/ALV-UjV9psV-D9LxKrLPLhlUNErohI4No7VGttEE8OnXK5m2iQbW7Kqm,Greatest invention!!!!,5,0,2613.100.17912,2026-04-16 00:43:26,,,2613.100.17912,2,True
5a60c0a3-6342-4a3c-9f7f-c615c7086dfb,Muktar Wario,https://play-lh.googleusercontent.com/a/ACg8ocKIBhnuEr6EaWJzR2gJa1LGvnsg5Kf4508cOGFqND7OYSP9yQ=mo,💯 tru,5,0,2613.100.17912,2026-04-15 12:35:31,,,2613.100.17912,2,True
6cdcded4-de0d-4f86-8e66-89a6cdad588e,Roy Davis,https://play-lh.googleusercontent.com/a-/ALV-UjXo-PIhb3vsF_fOSsZjQenyeGG8mhIZ0Va-wSLsc8wZKV0mstRA,This app robs drivers of their drive time if your going to automatically switch time duties then do it correctly. If the truck isn't moving the truck isn't moving stop the drive time when the truck stops moving don't keep it going for another 8 to 10 minutes,1,0,2613.100.17912,2026-04-15 10:42:20,,,2613.100.17912,48,False
2b3fa260-599f-4b4e-b7dc-f203cc2aa57f,Ibilly Duncan,https://play-lh.googleusercontent.com/a/ACg8ocL2IQtRazkjxLeKagQZF2xbnM0t0EU7ZPArruK68gIDhVpPEA=mo,"Very user friendly. Initially it was a challenge however, it will grow on you with every usage. Now, I like it. The Tech support staff is the BEST !! THEY WILL STAY WITH TIL THEY FIND THE SOLUTION. Thank you",5,0,2612.100.17632,2026-04-15 08:37:33,,,2612.100.17632,40,False
bbb851b5-7387-4309-9b96-ccf17d8e5484,Larry,https://play-lh.googleusercontent.com/a/ACg8ocIwqthsLDWhQBgskCQYbn_C1bLQ33pH73MaqOZbklq4rIO9gg=mo,"The app works well. It could use a ""delete all"" or ""Select All"" for deleting inbox messages. I have about 8 years of useless inbox mail that I can only delete one by one, and not all at once.",3,2,2613.100.17912,2026-04-14 20:14:20,,,2613.100.17912,39,False
cfd6b396-5d80-4b8b-8dbd-9bb4464e242c,Patrick Murphy,https://play-lh.googleusercontent.com/a/ACg8ocJ44iLudgv7ZzW33qNx_uMUk6W5xsacqocdQXtpEPyxIfDt=mo,my company uses this for all of its functions and it is the most wonderful tool that a professional driver can have,5,0,2613.100.17912,2026-04-14 16:10:43,,,2613.100.17912,22,False
bd901907-f445-4e9c-8d5f-67494f43e2a0,Tony Caruso,https://play-lh.googleusercontent.com/a-/ALV-UjXGND9sWTJqtuhr_8n0PLWwV7Ao7LZVdciWt6LwhBXxqtXs8ks,lots better than paper lol and the other apps I've tried!,5,0,2613.100.17912,2026-04-13 13:54:21,,,2613.100.17912,11,False
e7bf4e15-7f1b-4793-84a0-a5d61241d600,Filippo Pizzo,https://play-lh.googleusercontent.com/a-/ALV-UjUhAfUDE5oY7Z8eK7y6Ympck_goRfgscYxZ0LgrA6lS58NlprlY,it is very intuitive... after a week it becomes 2nd nature... I keep thinking that was too easy I must have forgot something... no I entered everything correctly..,5,6,2613.100.17912,2026-04-13 12:42:53,,,2613.100.17912,28,False
02da00ef-ad1d-4504-aeb7-a46270abbc61,Amber Fontenot,https://play-lh.googleusercontent.com/a/ACg8ocLbUsgyFzjIGiAj5TylI928-SKif5WoSkjvSFF3mzJkZTP1eQ=mo,glitches a lot,2,0,2613.100.17912,2026-04-13 08:52:25,,,2613.100.17912,3,True
7df0c0a9-578d-4af9-9c1b-be21a3371f32,Chevy Ed,https://play-lh.googleusercontent.com/a/ACg8ocJxC7-WLhByrUBxOc-g5o0pBeRU6s1Ql3W3V0OjubfEGyMXJw=mo,"I've never liked using this app as a short haul driver and even less now. Your attempt to make it pretty has just made it more confusing and complicated. I don't care about meaningless statistics on the main page. I just want to go on/off duty without having to sign in every time. Also, I don't read Egyptian Hieroglyphs. We're supposed to be more advanced than that. Use your words and bring back the old layout, this new one is dumb.",1,19,2613.100.17912,2026-04-13 07:10:58,,,2613.100.17912,81,False
e69f0729-bee7-4298-8d17-1ff92274c69f,Paul Elliott,https://play-lh.googleusercontent.com/a-/ALV-UjX4xic-4Yr9gZk-6Nno63252lDAXlA7L-6Si37nws5Bv_Yyiya7Rg,"Not so keen on the ""safe to drive"" at the end. I think it should have, "" To the best of my knowledge it is safe to drive"" , Lorry and trailers you can't see everything underneath due to air tanks, road grim, bodywork etc . Only a mechanic who can walkabout underneath can make the claim it is safe to drive.",4,8,2613.100.17912,2026-04-13 00:30:35,,,2613.100.17912,62,False
d445e1e4-3196-4735-a956-af3a54f416dc,Devell Hicklen,https://play-lh.googleusercontent.com/a/ACg8ocJgfKXbaQUqKG-lqcFjyi2--Q3BK1LcKKz3dCSDi-QAEg_6Iw=mo,😁,5,0,2613.100.17912,2026-04-12 13:30:05,,,2613.100.17912,1,True
7a3ebaa7-7d86-416b-b305-12231c47cec1,Anthony Vaughan,https://play-lh.googleusercontent.com/a-/ALV-UjXGJUpRTTL0L4D5w3YSM6xcXMVDGNbJrVEkfOgC_kT8YB40wGSc,OK 👌,4,0,2613.100.17912,2026-04-11 08:48:00,,,2613.100.17912,2,True
b4b5d6f8-21b5-41a3-b94e-e5d00f1c52f3,Nik Dault,https://play-lh.googleusercontent.com/a/ACg8ocJBKKwYwEczywINrhKL7-nWn8XvU1MHu4Tg1IfGwOGh5mU1Ag=mo,app freezes everytime it's opened and is very inconvenient when every minute counts while using the eld service. freezes initially when opened for 40ish seconds and intermittently while trying to change duty status and select vehicles for pre trips etc,1,3,2613.100.17912,2026-04-10 14:15:46,,,2613.100.17912,40,False
6afc07e7-e99a-431b-ab32-70807b55d26c,Michael Page,https://play-lh.googleusercontent.com/a-/ALV-UjXNYP6WyI1YR-Kl1LPbFQvFLyi6rVoRuNwxnGacB-E3sD2YviHc,"excellent eld service, easy to navigate.",5,0,2611.100.17414,2026-04-10 12:16:21,,,2611.100.17414,6,False
749716a8-209e-4970-98b2-4e38652ed0af,Jeff Coleman,https://play-lh.googleusercontent.com/a-/ALV-UjWb24rbz8h-0IWunkWhYfVvtur2vyfDQlSwaS46abkN5sItjALp,ok that was kind of cool.... to see that.... the only thing I would say is when on a job site there's no traffic,5,0,2613.100.17912,2026-04-10 11:34:06,,,2613.100.17912,24,False
b5d58e11-5d28-4938-b104-63ff58e94973,Todd Crookham,https://play-lh.googleusercontent.com/a/ACg8ocKvZCf1c3aEGUuIuKEQrUKBwTAGEN9-3hhpDBXMCJDv2wsKrg=mo,"latest update has created an issue. When entering DVIR pre-trip and post-trip odometer information in miles everything looks fine, but when I come back to see what I entered one minute later it has been changed to kilometers. please fix this.",5,7,2613.100.17912,2026-04-09 23:22:46,,,2613.100.17912,41,False
377a6200-95e6-4f45-b4ec-cf89fa49dfff,Dwayne Thomas,https://play-lh.googleusercontent.com/a/ACg8ocKgvAGYlXmVDPnuSRdgvUVKtJa7JyiH5CTu-t58zYUsoLAX=mo,freezing to much,2,0,2613.100.17912,2026-04-09 07:21:54,,,2613.100.17912,3,True
fc40f0d0-d152-4fa6-8643-f6db977c46f1,JayPate Trucking,https://play-lh.googleusercontent.com/a-/ALV-UjVtKQRqt6iz_aa6Xsg8VZwXRXgtfNuDrtbiQNmb9P6Fc3j6sFWD,load slow,1,0,2613.100.17912,2026-04-08 01:33:10,,,2613.100.17912,2,True
45cad9c9-38ef-4533-8528-bd814340422c,Driver1234,https://play-lh.googleusercontent.com/a/ACg8ocJUzYjf7Aq7lFzF0T_mSmTsPw6x-qgMm3k9-h-WXEkFhQqCAA=mo,good,5,0,2613.100.17912,2026-04-07 11:03:39,,,2613.100.17912,1,True
e4afee5c-797d-4b98-a3da-fcfe300c63d7,Alexi Hancock,https://play-lh.googleusercontent.com/a/ACg8ocIR0acxY7rGUKhiZ6l9syoStJWtlhsgYAGl3bJj9fQYPbPR=mo,Extremely user unfriendly. Over micromanaged app constantly changing layouts. Laggy and consistently crashing. The worst driver app I've ever had to deal with.,1,1,2612.100.17632,2026-04-07 07:43:24,,,2612.100.17632,23,False
ead9256e-3a91-4543-8dcd-33471bc5b043,Shoeb Shaikh,https://play-lh.googleusercontent.com/a/ACg8ocJowLHdbs2cacijFWpHj0GZuZRF38n8xF3E9kMpt8qC7cCLTA=mo,sucks,1,0,2613.100.17912,2026-04-06 19:25:29,,,2613.100.17912,1,True
dd20982f-8c55-47ce-bf96-95a0db438d3c,Norman Edwards,https://play-lh.googleusercontent.com/a/ACg8ocKURY6W4jkMmalcr5mlBxF9PMeTr5rerQKrQgMwLWpLn-xIpQ=mo,easy and quick to use,5,0,2613.100.17912,2026-04-06 18:37:01,,,2613.100.17912,5,False
e9cf7697-cc4e-41fd-b9ea-2535146be5f4,Dwight Mallett,https://play-lh.googleusercontent.com/a/ACg8ocKF5KQCeCbTO9tGB9SzvAx9U4ny6bmwChwhVJlQE8iLekBfsA=mo,love it,5,0,2612.100.17632,2026-04-06 15:48:24,,,2612.100.17632,2,True
a6e0e836-f116-44ae-9105-8524ff60075f,teja nagi,https://play-lh.googleusercontent.com/a/ACg8ocLKH4GaOhMLWdxDllLVudmB2js7cL7n9yoA6aEt2Cod9z9P4A=mo,previously app was very good and easy to use. after New update vision very bad experience always hanging and always need to close and open again to do check or put sleep anything take to long time. improve this,1,1,2612.100.17632,2026-04-05 19:33:54,,,2612.100.17632,39,False
c712fe78-1462-4e35-8821-6fd1e941ba13,Kyle Johnson,https://play-lh.googleusercontent.com/a/ACg8ocKgNgv837opVTRWomRbVv56RfVu0GS0cYpxoysnTjv769AI5w=mo,Makes My Professional Job Easier!,5,0,2613.100.17912,2026-04-04 15:10:00,,,2613.100.17912,5,False
a992cd0b-74e3-4c7d-851b-be83264d284d,Roshawn Maeberry,https://play-lh.googleusercontent.com/a-/ALV-UjXvqUV6XcOrY1W82RBWUuf5_ibd02a06fEaXflAjl9XFtsQSHDX,the Split sleeper berth toggle switch keeps turning itself off!! and sometimes I can't even turn it on. fix this!,2,1,2612.100.17632,2026-04-02 23:50:05,,,2612.100.17632,20,False
2f23a928-15c2-49b1-8701-40fb3dab18b6,Alainnishan,https://play-lh.googleusercontent.com/a/ACg8ocIfYvr9OQZzMrnvx99irUdh6ntSKJWnA2YECNM_JjUOtA26Qw=mo,the best ...,5,0,,2026-04-02 19:27:34,,,,3,True
774809e4-63f2-4dec-ab8c-906af32edf42,JJ,https://play-lh.googleusercontent.com/a-/ALV-UjUdP928OUKxMeNuAAEsM_lpEsuSdQJiZFGsIXKeF3tZdcSOdikK,multiple dvir is annoying and redundant... before was truck or truck/trailer. 1 and done! now? truck then trailer. same BS and having to do it twice for something that never changes is pretty much asinine!,3,2,2612.100.17632,2026-04-02 12:28:54,,,2612.100.17632,35,False
d6970299-692f-44fb-bf21-854dc4fc6d63,Yuvraj Ganda,https://play-lh.googleusercontent.com/a-/ALV-UjVVET3KLYskDV2AT5kpzhFDIsGzPCGcX6-j7OWRzMmKey8lNx2l6g,"it's the glitchiest app I have ever used, keeps on freezing all the time no matter which device is being used. 0 Star",1,1,2612.100.17632,2026-04-02 09:00:14,,,2612.100.17632,23,False
47059246-0b93-4ab5-8d2c-09bd10b8aab4,Laurentiu Ciordas,https://play-lh.googleusercontent.com/a/ACg8ocLvEQZycbycg-ctCMTMI4BtqqdlAhH7DJuRA_IE-diz-ks67A=mo,very slow after updates. it freezes almost every time after opening and I have to restart the phone. the previous version worked much better.,3,1,2612.100.17632,2026-04-01 21:27:04,,,2612.100.17632,24,False
42d235ee-29f9-4e3d-bb97-1ab76eb65553,J A R N,https://play-lh.googleusercontent.com/a-/ALV-UjVAwn_V7x8Qq5hClR6BNF5MlKOk7PYnZ2gsTcDdQVk7_TMZiWM,Great tool to have,5,0,2612.100.17632,2026-04-01 08:35:04,,,2612.100.17632,4,True
233d1a88-c4dd-4de9-9e34-afd9b1c13523,Angela Jones,https://play-lh.googleusercontent.com/a/ACg8ocI4WvDLQcCLge6sGjSB73IAnezwlxHmkotjWmVDVPfwekNIjw=mo,"Since the early March 2026 update, I've noticed that it frequently drops the assigned trailer number and shipping number from our logs. They show listed in the assets, and on the home page, but get dropped from the daily screen and the roadside /finalized screen, so that we have to manually go back, doublecheck, and reenter them.",3,5,2612.100.17632,2026-03-30 09:12:35,,,2612.100.17632,57,False
7d88aa48-60ce-41ca-9dbd-dd684b108efa,Cedric Jackson,https://play-lh.googleusercontent.com/a-/ALV-UjUKL9WO_7HzUsa9dniAWS4rgZm9lzm-gty8bfCzUDOdvni3J4xWUg,"Great app. very consistent, with no stoppage or anything.",5,2,2612.100.17632,2026-03-30 07:09:22,,,2612.100.17632,9,False
924b305a-28f3-41aa-b9ec-01964b909b1b,Douglas Broom,https://play-lh.googleusercontent.com/a/ACg8ocKjcnL8U-jB1OAcX6OuMPp10t_8tGQ6TMZiiz1S1sHZZ2AoqQ=mo,works good but would be nice to be able to do easing from the app,5,0,2613.100.17912,2026-03-30 04:01:45,,,2613.100.17912,15,False
4d78ecff-8539-43ed-8277-44e79bac00b7,Malcolm Lewis,https://play-lh.googleusercontent.com/a/ACg8ocKzz_plLF6QOpr7icRsLi97w4je_VMzcVsE-jAWaudzkmESLw=mo,no in trip inspection do you need it? can't view your hours without going on duty?,3,0,2612.100.17632,2026-03-29 22:05:48,,,2612.100.17632,16,False
ed5d353d-4f0f-497c-af8c-2fcd75da62cc,Will Fahmy,https://play-lh.googleusercontent.com/a/ACg8ocKwJzNB_QxV2Pz2IYVl_W-v8CSr5gaY4TGL3Uw-hoVFpyVBpg=mo,So many false positives in terms of drowsy driving. It needs to be fixed. There is an obvious difference between adjusting yourself in your seat and falling asleep behind the wheel. Please properly train and test your ai before releasing it,1,3,2612.100.17632,2026-03-27 19:31:09,,,2612.100.17632,41,False
c2c23d6f-4024-4346-8e38-12e8fd15d69f,Chance Chambliss,https://play-lh.googleusercontent.com/a/ACg8ocKRTim0kXQub0bPovIUdHxNFxnsm6rSI8Ktxki-C4eHxXmWLA=mo,Terrible product. AI sucks don't use.,1,2,2612.100.17632,2026-03-25 13:32:06,,,2612.100.17632,6,False
45bd7226-34df-45d7-8a01-60352d8a72cc,William Dunning,https://play-lh.googleusercontent.com/a/ACg8ocI5elp8FieDXym3y9J84Kno3GA4ByliTSxIk-keDoB6JUP1=mo,If unsure whats behind you if ur able GET OUT AND LOOK GOAL. Put that on every side mirror. Would really help the driver if everybody would practice that.,5,0,2612.100.17632,2026-03-25 10:32:56,,,2612.100.17632,29,False
d66cb0d0-c978-40b8-9cd1-a77d96bcef35,Jamie Gladstone,https://play-lh.googleusercontent.com/a-/ALV-UjUycFaDx5JyPMdatclxpDseq48NcewbJEmWcZ-Rzlm3U3_jhIpq,"it's an OK app considering what it is. It's major problem for me is I use ferries alot. To Nfld and Vancouver Island, so it's logging us on at speeds that it should not, and that causes issues once inside the ferries. No reception so it will log you on driving and nothing you can do once on the boat. It should not be logging us on duty driving until we hit minimal highway speeds. And we as drivers need to keep copies of our logs for 7 years. Doesn't seem to be possible with these elog apps.",3,0,2612.100.17632,2026-03-25 09:57:29,,,2612.100.17632,98,False
11cde0c1-f820-4f53-94a9-a5fb05c80a89,Cristian Viorato,https://play-lh.googleusercontent.com/a/ACg8ocKXBMD78PxZ2LzujIhNyHsvmJc5r1CqUHhyq6QshkjysN9z=mo,ever since the march 2026 update my app has to download an update almost every day. it says it fixed some known bugs but they actually created a new one. And before anyone ask yes I have restarted my device multiple times now especially right after this app downloads and I install the latest update. otherwise this would be an easy 5 stars app.,4,3,2612.100.17632,2026-03-25 07:24:04,,,2612.100.17632,64,False
56af8c75-a228-468e-816e-0139375056c1,Sunit Thakur,https://play-lh.googleusercontent.com/a-/ALV-UjXuJ_Cw1xDTcGlK5fvsaYx12pAxDUzCtiyuX93CESSvxstgLTL5,garbage app always hangs,3,1,2612.100.17632,2026-03-25 04:55:16,,,2612.100.17632,4,True
e9b27e21-a24e-4f5f-95fb-97160df8295a,Gabriel Galindo,https://play-lh.googleusercontent.com/a/ACg8ocJl1C4dsrRwH7TYvONLdCcN_e1FYAA3P60JS9njShV48Cr6NAzB=mo,pretty good app easy to use,5,0,2612.100.17632,2026-03-23 20:33:19,,,2612.100.17632,6,False
6c9b88e9-61bc-4960-88ee-3950ade7cab5,Warren Hiltz,https://play-lh.googleusercontent.com/a/ACg8ocIgX9p93yBU64rhYSAjtT5Tl3Srrq5fNvom79sN6oD1etb87A=mo,"Time to do another review of Samsara. This app, among its many, many problems, has always been very slow to load but recently it's gotten much worse. Two weeks ago the app asked for feedback, I told them how slow it was and, mysteriously, the day after that the app became so slow it's almost unusable. I'm talking about waiting 15-75 seconds for it to respond to EVERY SINGLE BUTTON. You can imagine how rage inducing this is. Life's got enough stress, don't add more by using this atrocious garbage",1,11,2612.100.17632,2026-03-23 17:08:13,,,2612.100.17632,90,False
ea1b7ba5-8079-4fb8-8a1c-db37b027250e,Charles Kappele,https://play-lh.googleusercontent.com/a/ACg8ocIulgUE95ihyKB1msy10xIFOj9PpS5Ga8Q1kWUnjdsrFuFq6Co=mo,"I thought for many years that I was a safe driver. With the Samsara camera, an app. I have tweaked my skills and eliminated bad habits. Thank you",5,2,2612.100.17632,2026-03-23 06:00:30,,,2612.100.17632,28,False
c59bdb4a-7f12-4dc6-8ef3-a6c4174fc587,Lakhwinder Sohi,https://play-lh.googleusercontent.com/a/ACg8ocK7PsGfTTLZxp_pQk0BNsGD7SncHOcK1yAErUORPGof2BSAUw=mo,always lags,1,1,,2026-03-22 12:20:50,,,,2,True
39862747-bacb-454a-b09a-2eb5da85617d,Bos Trucking,https://play-lh.googleusercontent.com/a/ACg8ocL5MMVxbKJ2lepTbDLFq0ogiKI16HrlFNZhMHrZz6p0Zx7M=mo,app is very very slow to respond.,1,0,2612.100.17632,2026-03-22 09:38:42,,,2612.100.17632,7,False
7255e263-966f-46ee-8269-deed228849ed,Allure,https://play-lh.googleusercontent.com/a/ACg8ocLvSeO-5XqHPKJVxQaN7SyEtEIZKfqTjTCTiw1pFsM8boKHog=mo,worthless,3,0,2612.100.17632,2026-03-20 14:27:04,,,2612.100.17632,1,True
bd6a870c-83f7-4053-90c3-8e7e65f77b7d,Chris Foote,https://play-lh.googleusercontent.com/a-/ALV-UjXKTMbybzVcZTNGgcLVDF0YIsQEuEYWzKuudQGFaZ7zxPfCHBWjyw,if it didn't ask for reviews so often I'd rate it higher. hopefully this stops the pestering,3,0,2612.100.17632,2026-03-20 12:47:22,,,2612.100.17632,17,False
022db37e-f103-44c9-a8fb-6bf95de9eff4,William Knowles,https://play-lh.googleusercontent.com/a-/ALV-UjVPPIiCqqjlMBjZeAqMpKlrglICaiZBgZca-6CH8YwYKOODuVCC,update requires twice as many interactions to do the simple things that the previous version did. noticeably slower than than previous version. what's up with the gamer-style achievement badges? update. 3/20. recent update has slowed program even further,1,4,2612.100.17632,2026-03-20 02:07:48,,,2612.100.17632,38,False
b05c9772-b7ac-4662-9438-00ad4067e130,Habtweld Solomon,https://play-lh.googleusercontent.com/a/ACg8ocK7QmUFSyeEBOb4yXbEQimGHFJw8HIiBuPXImZeMHwLuDqz9Q=mo,"From all the different apps I have used so far, this app is the worst app I have got.It is so lagging, and It sometimes notifies when approaching end shift or running out of hours and sometimes not.I have been using for the last three years so far but I still couldn't understand it.It even puts me in violation for some things I couldn't understand why. That's not only me, I even have a friend having the issue happened to him as well. And now they update it even to a more annoying interface.",1,3,2612.100.17632,2026-03-20 01:58:23,,,2612.100.17632,94,False
865e754a-9fae-4c2c-b91d-6a9c30c7c5bf,Regan Rowntree,https://play-lh.googleusercontent.com/a/ACg8ocJ4HXmt5zVG5z8o-D51BN8jKcuYks3c8jffMXr4gKsigP478g=mo,This App is Crapp!!!!!!! Don't use!!!!!!!!,1,0,2612.100.17632,2026-03-18 18:40:27,,,2612.100.17632,6,False
e51868ab-dc3c-477a-bf5f-f3685d45e8fc,Timothy Bender,https://play-lh.googleusercontent.com/a-/ALV-UjWD5mGm9za_-FI2d_TYf4xWtemYEWzFgVY9b-yb4USFOFy0d0MPvg,"update: 03/18/26 Fairly decent product if your willing to work with their customer service. Any issue can be frustrating, but are usually resolved in a quick professional process.",4,22,2612.100.17632,2026-03-18 09:26:13,,,2612.100.17632,28,False
bce11b7f-5111-41a5-be70-8212732686f4,Paul,https://play-lh.googleusercontent.com/a-/ALV-UjXj4ubKlFs62fgZZLCJSR0O_KoSF1K-3o-GHDDdBVtNpoMX07f7EA,"What really bothers me about this App, is if you go to YARD MOVE then stop turn off your truck the App doesn't automatically switch to ON DUTY, it used to at one time but apparently some desk jockey decided to change it. I've heard the excuse its still ON DUTY status, Yes and No. YARD MOVE can't be edited, ON DUTY can be edited to Sleeper Birth. PLEASE FIX THIS AND CURRENT GLITCHES IMMEDIATELY",3,0,2612.100.17632,2026-03-18 09:04:11,"Thank you for your feedback. What you’re seeing, staying in Yard Move instead of switching to On Duty when the truck is shut off, can happen when your fleet’s settings use Persistent Yard Move Status. If this doesn’t match what you expect, please ask your admin to review the configuration or reach out to our support team and we’ll be happy to help.",2026-03-24 15:34:19,2612.100.17632,75,False
490e10b0-6103-484b-9ed0-15937a04c0b2,Brandon Hunt,https://play-lh.googleusercontent.com/a/ACg8ocI7n3XuV_jEQYWzp3IkJue_49zmg4-y31vIEhbIuMBqjmTum47J=mo,can we get the option to upload our own photos? the in app camera sucks my camera is way better this the in app camera.,1,1,2612.100.17632,2026-03-18 08:04:14,,,2612.100.17632,25,False
b176502d-c886-44a9-95b6-b7b6bd38c9ea,Jrtekk1,https://play-lh.googleusercontent.com/a/ACg8ocI5wfuQN5f0rdB6Q51G88jG3uCVkLcMgf2A3wG76wUxI8LM5Q=mo,new update is terrible. its clunky and slow. go back to older version please,1,1,2612.100.17632,2026-03-18 06:46:11,,,2612.100.17632,14,False
fba82c22-5a7c-4ec9-a314-47897fd72177,Marc Andaya,https://play-lh.googleusercontent.com/a-/ALV-UjWNQ6ZLd6tBry0onCiU0fKg-1GWY6w2b9ZmCwPqzwreqmJ6KDl3,App just went super slow responding. it takes 10 seconds atleast to change duty status and to create dvir's.,3,1,2612.100.17632,2026-03-16 17:53:13,,,2612.100.17632,19,False
60d73f2d-739f-44c3-b0fe-8e5f75505f63,ozz ozz,https://play-lh.googleusercontent.com/a-/ALV-UjV3joKpCrPuFgMjBl07-n91y42Bn2UVsiNRqDbr1qLH8RtNAo7M,great..,5,0,2612.100.17632,2026-03-16 07:10:21,,,2612.100.17632,1,True
d750735c-4db9-437f-aea2-9684cda7ea3b,Dylan Nabarowsky,https://play-lh.googleusercontent.com/a-/ALV-UjWPfA15N5QJWii_FSmM65FpIW74KIsbrkn_TL3IGsFB-Ia3nq8,CHANGE THE APP BACK!! AND STOP SETTING OFF DUTY WHEN I SIGN OUT OF MORE THAN ONE LOCATION IN LOGGED IN AT,1,1,2530.103.15562,2026-03-16 01:50:18,,,2530.103.15562,22,False
5b803b08-eab9-437b-a7c6-a3de19ca1c22,Jennifer,https://play-lh.googleusercontent.com/a/ACg8ocJNnNq4LIr4XTcG5CxrMv67PmX7qf_iBjeX-7PqMsRXnxBm4A=mo,split sleeper berth don't work. 7 or 8 Hr sleeper berth and clocks still run to 0 time.,1,0,2612.100.17632,2026-03-15 10:54:24,,,2612.100.17632,18,False
af686c15-4d57-446e-9ef8-0e80df505006,Jeff Fletcher,https://play-lh.googleusercontent.com/a-/ALV-UjWqR_ftV5rKWEzvpAcOBkVug1b62LiS39Bv8vUgizVNCMgYEMDj,AI slop garbage.,1,1,2612.100.17632,2026-03-14 22:42:48,,,2612.100.17632,3,True
a0e8ced8-8139-4036-96b3-16400def6d87,Michael Hatch,https://play-lh.googleusercontent.com/a-/ALV-UjX1nqKaAGzBZgv-KqwseZHhKBf8CFvBY5IVC6wtHR0jMLEFDzSZ,slow as heck after the last update. I have to clear the memory from device care to speed it up. please fix it.,1,1,2612.100.17632,2026-03-14 22:24:37,,,2612.100.17632,23,False
8f6301a1-b12f-4a3d-88c7-c6b7ed6bc20a,Mike Wood,https://play-lh.googleusercontent.com/a-/ALV-UjV1XYCUYNiKXBqOOC-6u1HoBtVQwKzXQmaFvhoMeGMF7LaRGWhnIQ,new update sucks,3,1,2612.100.17632,2026-03-14 13:46:31,,,2612.100.17632,3,True
51a2c8eb-c580-4e52-82d1-831c9f844d08,JohnnyP,https://play-lh.googleusercontent.com/a/ACg8ocLuNuMj-2SiuQ6IthnhYDDVyHeIq02Ti9x3ax1XUYpqvO5pDg=mo,Nothing pisses me off like unnecessary updates making it way worse. If it's not broken - don't fix it. P.S. Navigation sucks.,2,2,2610.100.17330,2026-03-14 10:16:48,,,2610.100.17330,22,False
b2b37763-65c0-4384-8b40-6216816fb5f1,MWV588,https://play-lh.googleusercontent.com/a/ACg8ocKZ_vLiHFN0eGxomTlwXsB2CW_wkz8XcT8xYRZG57kDKDv82A=mo,great,5,0,2511.101.14101,2026-03-12 18:21:33,,,2511.101.14101,1,True
05c6ccdd-cea7-46b6-8145-4cabc2487828,Synnah Da Horseman,https://play-lh.googleusercontent.com/a-/ALV-UjXxuQ26nfAiqW5Mj0AjR2pDfj1KlYatouvxZPdEzKojuYJHtnIK,""" PERFECTION PERFECTED """,5,0,2612.100.17632,2026-03-12 08:26:10,,,2612.100.17632,4,True
7ad2cf19-f56f-47be-98d2-5fa205bd84f6,Thomas Lilly (Tom),https://play-lh.googleusercontent.com/a/ACg8ocIh4pyMkc4ZtZOsuYnuiLfyjZ2WpwYsL0IaEzmcRyygCdgT_Q=mo,itd puts me in drive time when I'm sitting still or on reset,1,1,2610.100.17330,2026-03-12 04:53:34,,,2610.100.17330,13,False
7f1ac080-337e-4734-99ee-98f1e7e49e17,Robert Estrada,https://play-lh.googleusercontent.com/a-/ALV-UjWbJrTRnlBrcJfYX2J-SOLtu936sIMRb_5RYo36t3DvyTeslDF3Xw,works very well glad they made this app.,5,0,2612.100.17632,2026-03-12 03:20:05,,,2612.100.17632,8,False
54e90083-7568-4c88-a6d2-64123297d725,ROBERT SAMULOWITZ,https://play-lh.googleusercontent.com/a/ACg8ocIWnP12luHKB0qlffvELF_9KfgfOMK8Gd-n_yG-XmBYjaNuwg=mo,good program if the device that is used on can handle it...can't use more than just 1 program at a time though or it crashes,1,1,2612.100.17632,2026-03-12 00:25:38,,,2612.100.17632,25,False
1736b31b-d0e3-4f86-9c56-ad3cc32269fc,Memo Cardenas,https://play-lh.googleusercontent.com/a-/ALV-UjWkUjvtNMu3OL2jIUXfPx3zEQCqlg8Pj-deIlYcEEozOdky1cw0,The app was way better before the update. Thank you for making a simple app into a more complicated app!,1,2,2612.100.17632,2026-03-11 20:56:23,,,2612.100.17632,20,False
67f0d5c5-db03-4796-a620-45efcbb8082e,Andy Nichols,https://play-lh.googleusercontent.com/a/ACg8ocIP8A4GL3Gh0JC21aTb6QItorUAqqkPlUudcFRmCRY2TR9JlQ=mo,"takes a very long time to connect with truck, program is not smooth, you can not use app when it is connecting",1,1,2612.100.17632,2026-03-11 10:46:25,,,2612.100.17632,22,False
c27e76a2-1bda-41aa-a863-ce2ef85f7afe,Jon Crumplin,https://play-lh.googleusercontent.com/a/ACg8ocI13T3U9UZqDwxC_fKl4tGe-0o_YFBf0yD0iGSbvPba6mPErA=mo,"Unfortunately my employer insists we use this app for vehicle checks and monitoring safe driving is quite frankly a joke. Takes as long to log in as it does to actually do checks, increases check time and lot of questions not even relevant then company unable to remove defects. Then we get on to safety/driver monitor won't go in to details but seems intent on destroying career. Avoid if you can or look forward to sporadic micro management and endless pointless questions",1,2,2610.100.17330,2026-03-11 10:34:12,,,2610.100.17330,82,False
211fb7cd-de48-40db-9580-8145b0ae0228,Jeremy Finister,https://play-lh.googleusercontent.com/a-/ALV-UjXUZLU90_Br9VOHt6GlWIlY7OXX4bIVjFAAYuTT1Ew3dW6sMdut_w,"hello, I'm having an issue with the app on my truck in Louisiana on I-10. I've been driving back and forth now for about 2 weeks and it's lowering my driving score even though I'm following the posted speed limits so I don't know if the speed limits aren't updated within Sam. Sarah, but my safety driving score has fallen 2.5 points from 100 to 97.5 I guess.",3,1,2520.100.14464,2026-03-10 09:28:39,,,2520.100.14464,68,False
1e69082a-34bb-46c9-a435-ebf28c3b07e3,robert,https://play-lh.googleusercontent.com/a-/ALV-UjX25RrOhCtvMRBNm5Z0IsQCHuN81lbcQqNo_rUJT8rGxyDklsQv,messages barely work,2,1,2610.100.17330,2026-03-10 07:29:45,,,2610.100.17330,3,True
4606d7d2-fd1d-4ad8-a2b3-b8284d46e3da,Deb Coleman,https://play-lh.googleusercontent.com/a/ACg8ocLF0Oevv0hKC_HDUjNrpIlcQzk6SCkaidWr3i9846pNFbv_7w=mo,freezes,3,1,2610.100.17330,2026-03-09 10:29:52,,,2610.100.17330,1,True
e7f5e9d7-949f-4e2c-9805-cb4bcc6d3cdc,John Logan Lengel,https://play-lh.googleusercontent.com/a-/ALV-UjU4mubupp5ivzWTobIi1R8lrDepHti4C1rmm9-96RuQOljVc65hTg,Y'all need to figure out how to make the utility exemption not screw up the logs after having been claimed and then unclaimed. it will show me in violation until I take a 34-hour reset after having claimed it for doing storm work for utility companies. My company says on the end everything is good. if it'll show right on one end why can't it show right on mine? none of that time during the exemption being claimed is supposed to count against me.,1,4,2610.100.17330,2026-03-08 19:23:58,,,2610.100.17330,84,False
ed46ebb1-074e-4a5c-8c9e-ebdc28c20bcb,Christopher Owens,https://play-lh.googleusercontent.com/a/ACg8ocJvI64fRmtKMfjmeaq4MGG8hNE_1Tne-MOmx3xke1hYq_6k2Q=mo,Safety First ;),5,0,2610.100.17330,2026-03-08 09:53:27,,,2610.100.17330,3,True
24c3fb38-12b7-445f-a936-76fad8c2d84e,Adrian Anders,https://play-lh.googleusercontent.com/a-/ALV-UjXnIFO_LIlOkuZdVxba3mx4OmndPu922SFTi3rMdt2YikIOtTk,"the new updated application is completely horrible and extremely inconvenient. Too much extra bs to do when is was very simple and direct in the beginning. Fire the cp programmer, the tech and anyone who thought this new version was wise.",1,3,2541.100.16727,2026-03-07 22:36:41,,,2541.100.16727,41,False
4fe379ec-b1f0-4f6e-b8c0-174eb27454f7,Tee,https://play-lh.googleusercontent.com/a-/ALV-UjW2XpZa2O6nvQrrCbXBNBXapjutFCue56yIYQdKp9BEzGN2Wxeyzw,"The update is beyond annoying! Can't find how to log out of a vehicle, had to log all the way off. It all used to be simple, now we gotta search for tabs........ And when signed back in, it keeps the shipping ID 🙄🙄🙄",1,6,2610.100.17330,2026-03-07 16:21:01,,,2610.100.17330,44,False
00c5fc7c-d29a-47bf-80dc-3ad3bb1a8047,Darren MacDonald,https://play-lh.googleusercontent.com/a/ACg8ocKc2aKKCSidRw5QBZw5NvhGdJMK_2e0j3BrEjCCe9Wv0IkKAQ=mo,"What an absolute backwards step. New app layout -- whatever. Apparently developers have no concept of putting mostly-used items FIRST in a UI, but that's fine. It's the *performance*. Leave the app running in the background for an hour, say. Suddenly, every. single. action. results in a delay of 15 seconds. It's actually quicker to kill the app and start again than waiting for the app to wake up. I dare ya, developers, put the app in the background for an hour, then try to certify a log.",1,5,2612.100.17632,2026-03-06 04:37:46,,,2612.100.17632,88,False
796681f0-8279-4b2f-aad0-a9f2e4d143de,Emmanuel May,https://play-lh.googleusercontent.com/a-/ALV-UjUXoG1UbDe_C89EuuFmBWFc-e_bTNxuVFSKXG9pxRyZ2sfy5kI,not a fan of the update.,1,0,2610.100.17330,2026-03-05 12:35:17,,,2610.100.17330,6,False
8975366e-d16e-47fb-a1a4-41c05aeb316f,Convoy Supply278,https://play-lh.googleusercontent.com/a-/ALV-UjUYS3Us0GKOCYBzl4s83Iyg3ctQbunuuA6y353MS1_AAYZr2FY,"Try any other e-log. Developers are completely unwilling to take suggestions and implement real world helpful changes instead they waste time completely overhauling the U.i and added completely redundant functionality, useless buttons or shortcuts nobody asked for.",2,1,2541.100.16727,2026-03-05 07:22:55,,,2541.100.16727,37,False
8b8d8127-2cd9-46f8-b091-ae7e7eafa269,Tina Parker,https://play-lh.googleusercontent.com/a-/ALV-UjVgw4WXLYTeLIxnV1PMzhtuZ7Ml_A-93Mg-9aj9v9P7gSKgxBJc,hate this system. they can't leave things alone. they change things and people are having a real hard time trying to figure it out.,1,0,2610.100.17330,2026-03-05 05:39:09,,,2610.100.17330,24,False
56ac8387-b522-4b18-b0ed-0c1442f45313,Dialvan Safety,https://play-lh.googleusercontent.com/a/ACg8ocI_Jd_gJ4g3FJ1WeQiO2-HRSNvfaOEgFrc8z9bH5wxNNMA3fA=mo,new update has problems with doing g the split birth,1,1,2610.100.17330,2026-03-04 16:25:02,,,2610.100.17330,10,False
4a3622f6-7807-4399-9cb4-09263fea43ed,Keith Akey,https://play-lh.googleusercontent.com/a-/ALV-UjVR2oSY1crhCMIaOnF1wmCd0nBR4lvlLOddTSM6Ml4Zp2X4hK4msA,it was only unrelated briefly,4,0,2610.100.17330,2026-03-04 09:48:18,,,2610.100.17330,5,False
a3cb5971-7405-4185-9e4e-db81cee20c71,Jaspreet Singh,https://play-lh.googleusercontent.com/a/ACg8ocL1mi8jaHJjJhwTh2nzi9-kSH13TTpNJGwLl3vGArFL7sFoKg=mo,apps work to improve or simplify the interface but samsara make it more complex than previous,1,1,,2026-03-03 16:19:48,,,,16,False
dbc3c08e-94ef-4757-8afc-06d8b675fff3,Brandon One,https://play-lh.googleusercontent.com/a-/ALV-UjXjrjbRe6Urc938WmiNeSALSIKoa8U2qLt7tYNzXTLjL6mH9gyUXA,"While filling out pre-trip its hanging on auto fill license plate, also when in yard move its saying engine restarted and it will boot me out of yard move when the yard is 5 square miles, and top speed at said yard is 13 mph",3,2,2610.100.17330,2026-03-03 08:01:23,,,2610.100.17330,45,False
bc08379a-7a46-4da5-98b0-612f743f6be1,Semaj Smith,https://play-lh.googleusercontent.com/a-/ALV-UjXlSSGhU1luL7gw6w4INojAWDQYmDCHv5_d7WDlcMfXNYA-9L0w,The new update is TRASH!!!! Go back to the previous format.,1,1,2610.100.17330,2026-03-03 05:32:22,,,2610.100.17330,11,False
0d3a5e26-5c04-4c40-a7ba-d241234200ac,Mike Diesel,https://play-lh.googleusercontent.com/a-/ALV-UjVbrhBQREAMCP0hFBie6wxPWQ1xkkyrcQBT5YM6bruorF0gTBH3Lw,the new format sucks the split sleeper dont work anyway in which I depended on,3,0,2610.100.17330,2026-03-02 22:58:18,,,2610.100.17330,15,False
03b1053a-f940-40da-8b7c-56705bf16755,Robin,https://play-lh.googleusercontent.com/a-/ALV-UjXZ9JQShbWvtaIGxqRnV6c48C9as_KA9EX6YSLIEdP41vyaR-bkpQ,don't use this app! it is not driver friendly they changed the front page and complicated things rather than to make it good for the driver so that they don't need to touch the screen. the only reason there are so many downloads is the companies use it and drivers have no choice,1,2,2610.100.17330,2026-03-02 19:21:25,,,2610.100.17330,53,False
ad433091-0d63-43e5-b5ad-e8b46f89f729,Adrian Martinez,https://play-lh.googleusercontent.com/a/ACg8ocL0STPoDTNq9uHLkroT2m-uKSX85KWGl495Npjim0M2ZuXJ4g=mo,great,5,0,2530.101.15482,2026-03-02 18:31:06,,,2530.101.15482,1,True
844fcba9-f0d0-470a-9da7-8a1f82ffe426,Matt Stamm,https://play-lh.googleusercontent.com/a-/ALV-UjXRaZtR1ToUJdcD16tHfDFrAtRqHlLeWYgOyBv0ivqnQxALvqSE,I dislike the new updated main screen. There was no need to change it. The new screen is far less user friendly. Please reverse the unnecessary changes to return the app to a more user friendly and less cluttered status.,3,4,2610.100.17330,2026-03-02 09:19:58,,,2610.100.17330,40,False
55bad636-8f47-426f-9091-75ff003b2e5f,Abdulwahavi Jemal,https://play-lh.googleusercontent.com/a-/ALV-UjUme-RCYbLt9o_dNDhiAhRj4QLLCdM9ilFGsXal8r32aIR4uIu4,good advice helpful for many things and more,5,0,2542.100.17032,2026-03-02 07:12:11,,,2542.100.17032,8,False
9819fa87-738c-4d63-b887-09535330e0dd,Working mans restorations,https://play-lh.googleusercontent.com/a-/ALV-UjWMY0HkGD0G_146wgxReicvv8B76kBkfO7UmiqVETG8GTyesZoy4w,good stuff,5,0,2610.100.17330,2026-03-01 08:04:18,,,2610.100.17330,2,True
38b29a42-44d0-4157-9e6d-5cfe6244dc37,Gerald Nordahl,https://play-lh.googleusercontent.com/a-/ALV-UjUKxQmFx7rtZELKd2p2Aa1ioV8OAGppQjdhkSSvRWejbWGfdkQanw,the update really messed things up.Befor the app was fast to use and getting around in the app was easy.Now it is a chore like using Windows 11 compared to windows 7.People like nice and easy and the people upgrading the apps or programs likes the Bling Bling like makeup on a pig or more tattoos on the Island Boys will turn them into Tom Cruz or Elvis Presley. THE USER INTERFACE IS BAD.,1,5,2610.100.17330,2026-02-28 10:19:35,,,2610.100.17330,74,False
38ffe2cd-e733-4fe6-a294-c5088d15be65,Christian Parker,https://play-lh.googleusercontent.com/a-/ALV-UjXvFfciEBfaCiIWRTgjWid-LE1esHnKx54JsKkPUP5D5iup0ph5,i projectile vomit while using the new UI. 5 stars when you change it back to normal.,1,3,2610.100.17330,2026-02-28 09:19:41,,,2610.100.17330,17,False
1e21be68-2cc0-4314-b587-9b1d912d2f04,Justin Helms,https://play-lh.googleusercontent.com/a/ACg8ocKCmoU9wnFpZTercCsuW7v2Ia8s_mDFHqXEapRqJHkANXO8zQ=mo,"Samsara turn Off the ""vehicle is in motion"" screen lock out! It is ridiculous that I can't change my duty status because it's stuck showing I'm still moving. I think we can handle this on our own without a computer holding our hand. Same thing with the ""start of day"" BS....I know what I need to do",2,2,2610.100.17330,2026-02-27 12:55:32,,,2610.100.17330,57,False
7db10637-288c-4a95-815d-9aa2746ab8b8,John doe,https://play-lh.googleusercontent.com/a-/ALV-UjV5vzYH7Tj9LLY1_-cRpQdVj6wdn_VZK7Mga26C3QbtsAN6FM_V,"don't bother , this app is a waste of time and money 😒. takes forever to do pretrips and post trips and ui is terrible",1,4,2610.100.17330,2026-02-27 11:40:11,,,2610.100.17330,25,False
ba3914fb-eae7-4975-98a7-766e5358acdb,Anton S,https://play-lh.googleusercontent.com/a-/ALV-UjXVpoMDd7iDoB04UogBx_HL3rJyFQo5GvkKkJXeMV9Wj2xqdrp7,ai slop,1,1,2542.100.17032,2026-02-27 10:18:23,,,2542.100.17032,2,True
32d967db-9065-448f-bc73-2b576c4c6127,klaus jessen,https://play-lh.googleusercontent.com/a-/ALV-UjUrpNZNka8hWPN70u5s5_VcoFf0keRYrd4QOtJ8lIO0OIAxbUc,Dislike,1,2,,2026-02-26 11:37:50,,,,1,True
be55f68a-2a49-4c08-9834-f80186ab7835,Darryl Dunlop,https://play-lh.googleusercontent.com/a-/ALV-UjVjNK-74_i5lEJTN_zzATLlgc6gLgFRGdelp1wQae9n26Eox-BxgA,App was absolutely fine. Woke up to a completely new layout and formatting and its absolute garbage!,1,5,2541.100.16727,2026-02-26 08:58:52,,,2541.100.16727,17,False
d9fbb5cc-7796-45d1-bed7-f32694e52c76,Kevin Beaudry,https://play-lh.googleusercontent.com/a-/ALV-UjX0kUqtNJzCGTJWuAH9R_UI6AYsj2WU6NtBM-Kak8eww5DIt0U,great working app 👍,5,1,2610.100.17330,2026-02-25 15:09:35,,,2610.100.17330,4,True
69e9e4fa-1ea0-4887-9501-4366325f7f29,Jay,https://play-lh.googleusercontent.com/a-/ALV-UjV8ZyZjQjqi5nnRQaaeRU3hC6710jZr9SPwsDVQizRuZSMJDLBe,I hated this app but you updated it and somehow made it worse. I just want to see my clocks. Not all this blah blah bs about coaching and new tasks (as if I don't know my job).,1,3,,2026-02-25 09:25:34,,,,38,False
f91f2e31-b8d7-4ecb-bfb6-ccbe045cdea3,John,https://play-lh.googleusercontent.com/a/ACg8ocIJULljYM9lnwgh0Qv3e_JE5k01EmNEsHDGaciGRr78fIYqRw=mo,"easy, simple, and great app",5,0,,2026-02-24 22:06:47,,,,5,False
bc8fc27e-5ff8-4da1-91b2-70d711f2a691,Daniel Anderson,https://play-lh.googleusercontent.com/a-/ALV-UjVlzQZYtmi0MVqp7mf3-HuZMKZFRelU34_NYKk4NOWg-s0vK1qU,love this ELD. very helpful and easy yo operate.,5,0,2610.100.17330,2026-02-24 15:39:01,,,2610.100.17330,9,False
d6708a76-3af1-439c-819a-aedbbbc33816,Juggin,https://play-lh.googleusercontent.com/a-/ALV-UjXXS0sSya2bA7P-kXQDuPDrvekDFwg8WgpmY2i5s6MUw8K4kNE,new update to the user interface is ugly my whole team wants to revert back to the original menu,2,1,2542.100.17032,2026-02-23 22:42:23,,,2542.100.17032,19,False
890d5c97-219b-402b-a05a-e5d39e1e27a7,Ravneet Mavi,https://play-lh.googleusercontent.com/a-/ALV-UjW0lXx0yCE2K4dhjpCj4fqyc-3yHX1l3uzMmEY2mZkxvNOSHgGb9Q,Very slow and laggy. Unnecessary warnings about skipped stops due to incorrect location detection.,2,2,2610.100.17330,2026-02-23 10:32:22,,,2610.100.17330,14,False
4af95317-338f-4bb2-ae9a-6305b5c96425,Dawn S,https://play-lh.googleusercontent.com/a-/ALV-UjXAOjoXddR8121GA6K3wjwjDqi_gi5aHvY0Gj7gffi0b9WMPvPs,I'd give it zero Stars if I could. magically overnight they have revamped the user interface with zero instructions and zero communication. I can't even find anything on their website. All of the tutorials and user manuals reference the old interface. Using an ELD is federally mandated. Being able to see our hours of status at all times is also federally mandated. Now for some reason the easiest thing to see is your personal safety score. Back to paper logs until it's fixed.,1,2,2610.100.17330,2026-02-23 10:20:56,,,2610.100.17330,83,False
2cc0c8f9-8174-42b3-9454-09c89c6a616c,Tony M.,https://play-lh.googleusercontent.com/a-/ALV-UjXNDy7iPD_jxWgXNY9Bk4eF4_EnMXke4YItaby6xYY_Gq5M3p05,"My safety score started at -3600. Then after using it for the first time; it will flag me for ""Harsh Events"" . Even when I am at a complete stop. Three different times it flagged me for ""No Seat belt"". Even though it is in full view of the camera. Basically, it has a lot of flaws that they need to still work on.",2,2,2610.100.17330,2026-02-23 09:23:24,,,2610.100.17330,64,False
f745b4de-5752-4c60-8b49-e5db077dfae3,CDG visuals,https://play-lh.googleusercontent.com/a-/ALV-UjWLzSbxjpnZsvBwUl4xyWHwc-YkVfZZJpcxt0dTbfVE1IcG96hgJQ,why did you change the app????? I might go into violation because I have to learn a new app,1,1,2610.100.17330,2026-02-23 06:13:13,,,2610.100.17330,19,False
b3a8ac1c-3304-468e-8bf9-ac10d661f6b5,Joe Chavez Jr,https://play-lh.googleusercontent.com/a-/ALV-UjVjbnej64ejGcNgqYcMqdW_x2G8IeWZycIaD_L-oc8ZArXqq5cs5A,I've used samara for quite sometime and I like it.,5,0,2610.100.17330,2026-02-22 10:51:27,,,2610.100.17330,10,False
0e1d3194-62da-441f-a302-45216f4cc38c,Jim Conrod,https://play-lh.googleusercontent.com/a-/ALV-UjWLQ13lNOa2XvBnZcm49Y3HD2Ewkg0fiZ7P89OwiAh7g9oJy-Iv,wrong GPS for direction and location sometimes,3,1,2542.100.17032,2026-02-21 12:32:40,,,2542.100.17032,7,False
67882560-b5a0-4506-a112-ac5c5daff9a3,Earnest Webster,https://play-lh.googleusercontent.com/a-/ALV-UjUL3NWoJPgz3EN7HnvrWdiRU8vIBDdRwNQenubSctlWRA_4U-ygzQ,It's Great!!!!!,5,0,2610.100.17330,2026-02-21 00:09:31,,,2610.100.17330,2,True
e0e19da1-5236-4168-9b0f-89cc56a3f1a8,Frank Armienta,https://play-lh.googleusercontent.com/a-/ALV-UjVKs0EOMbbYZCK1joJYWcxqsDdUTxprpDR6Jkrv8UZR-VfARRs,"keeps asking to do dvr. frustrating when you know you've done them, then it ask you to do it over again.",1,1,2610.100.17330,2026-02-19 18:02:43,,,2610.100.17330,21,False
bb4158d4-132e-4352-a29c-ec5a74c15d6c,Andy Owen,https://play-lh.googleusercontent.com/a/ACg8ocK073L2ve0kwcN208xMJZx0h0cU5Z7_06bTbAN1gE13iUOWdQ=mo,"great app and convenient, but it doesn't sync with the other devices. shows drive and duty violations while off duty even after the phone app has been halted.",3,0,2610.100.17330,2026-02-17 09:01:42,,,2610.100.17330,28,False
17278246-8fcb-408e-857a-7e92b16fff92,Jesus Verastegui,https://play-lh.googleusercontent.com/a-/ALV-UjW0bEbEGqjhe6eGbnwc4lvNEHDUVXtYBTOfo9BPj-2zcvp9pwgyMw,easy to use user friendly,5,0,2542.100.17032,2026-02-17 06:21:30,,,2542.100.17032,5,False
830437bc-6035-4389-ba98-f84833460ea4,Jason Nankoo,https://play-lh.googleusercontent.com/a/ACg8ocLYU7wBXijVoggBXV9JiQpNdJb3gIqRtcorUCbUdZCfIWPQsA=mo,The app is fairly simple to use. There could be more preset remarks though like border crossing or weigh station inspection. Over all it is very quick and convenient to use.,5,4,2542.100.17032,2026-02-17 04:26:08,,,2542.100.17032,31,False
74e01835-8f77-4ce2-8375-d3a124f680e4,Morgan Monroe,https://play-lh.googleusercontent.com/a/ACg8ocLDZmP-3EIO9kGCuymjIYgglkyFoFmkpFWiM8l9UO7uzHZG-g=mo,Great !!!,5,0,2542.100.17032,2026-02-16 17:15:40,,,2542.100.17032,2,True
7cb42f06-0564-4a7e-8358-54afc375d9cd,Jerry B,https://play-lh.googleusercontent.com/a/ACg8ocKsgm5SToOkNpP_BQ8QP9pXfOvFS_GMidiYlUzGuHi_b8ZciQ=mo,why did you mess with the home screen? it's like going from windows 7 to windows 8 🤮,1,1,2542.100.17032,2026-02-16 16:58:11,,,2542.100.17032,18,False
05342964-4bb7-43e7-805c-d03fe0a454b6,William Beitner,https://play-lh.googleusercontent.com/a/ACg8ocKJSCSZTAZ8DvxJkOmKEcC5tYVBVSVeYwdY5BJQUV9ImJrqlg=mo,great,5,1,2541.100.16727,2026-02-16 14:05:55,,,2541.100.16727,1,True
b50e7f2e-9319-4994-a89b-835e5f57cc90,Carolyn Nadina Vavala,https://play-lh.googleusercontent.com/a/ACg8ocI7uXWNFDwVLqxOpeXYCxHZ2QZcBLgvShErBtfG6wyq2DdREg=mo,driver friendly,5,0,2542.100.17032,2026-02-16 13:58:23,,,2542.100.17032,2,True
f970ece7-bb9a-4dd4-9ef4-d3e8c4ee816c,Kevin Wells,https://play-lh.googleusercontent.com/a/ACg8ocI4eSIOuOqUyjpszNp6GaPVO9B4V5l1Ppk9_UWueAejmWx5Kg=mo,"app has recently started to change my duty status on its own, switching me from on duty to off duty multiple times a night.",1,0,,2026-02-16 00:55:31,,,,24,False
7b4e252c-4d30-4adb-b089-4f21ee9cddce,Nigel Daniels,https://play-lh.googleusercontent.com/a/ACg8ocLBv7NRm3tw7BXT2ddwGZW1767cX7bthhsWSmk5VCaMLNn6Rw=mo,Awesome,5,0,2542.100.17032,2026-02-14 22:36:42,,,2542.100.17032,1,True
2c73c3dc-bdeb-4eb6-bf06-ab0194c33c20,Andrew the Snowmon,https://play-lh.googleusercontent.com/a-/ALV-UjV8e2q726ynFMRhdPjBXIx_IxC8rbJk8_aQWyHwXpWQVEhhlaE,it sucks it won't let me see the graft.,1,0,2542.100.17032,2026-02-13 20:28:29,,,2542.100.17032,9,False
8d9050b2-0a63-4fc9-8cbe-08c239f32732,Enrique Ovando,https://play-lh.googleusercontent.com/a/ACg8ocJFJEcYn8hQwuY7ahHMUsqnKKcEmHW4nchD33rVqeFrWeTPRg=mo,The rewind bar will not always work,4,0,2542.100.17032,2026-02-13 19:44:01,,,2542.100.17032,7,False
51c352a8-e427-4dfd-b379-95b24dd78ee1,Kevin Gaskin,https://play-lh.googleusercontent.com/a-/ALV-UjXid-c6lxDaAkiiMudbt_CnQXXlhgLquXXue-3umeRvJjD2EdHuRw,"always have to restart the app every time I change status as it reverts back to the hours available earlier in the day and right now I'm trying to send a message and it's not working, it has been trying to send for over two hours and I can't do anything other than receive messages. There also needs to be a way to go into the messages and delete them since my company wants to send my load info through the messages and I have to scroll back through a lot of messages to get my load info",2,3,2542.100.17032,2026-02-12 16:02:55,,,2542.100.17032,98,False
e8f2ea95-9258-49e6-839c-acca92688bc4,Jose Ortega,https://play-lh.googleusercontent.com/a-/ALV-UjUvspaArvpax4d1fIEM_S-tajvdqCHbIM2Fb5pGpQY8mgxEoNX2,it's 2026 and it still stays on driving status with the vehicle off parked for 12 hrs tired of it...,1,0,2542.100.17032,2026-02-12 01:57:30,,,2542.100.17032,20,False
9f29f7f9-7529-4b0f-9b42-fcc4424c81df,FRANCISCO Mariscal,https://play-lh.googleusercontent.com/a/ACg8ocK5mTRK2EUkOsHpX93tBOSccYK4i1qtPdGwaIBNYmOFX1BfFg=mo,easy to use and accurate,5,0,2542.100.17032,2026-02-10 05:40:56,,,2542.100.17032,5,False
cdb1600a-8531-4f23-b881-44dd13a00345,Cuong Vo,https://play-lh.googleusercontent.com/a/ACg8ocIIPDZCI2raKOLuaMdDroWBScLntJOk9RQA1RgbBWgmHjacKQ=mo,"glitch, map isnt up to date and AI is not even working right. terrible app",1,1,,2026-02-08 10:56:49,,,,15,False
3700180b-dad5-484e-a082-c7c81893d8d6,Charles Falesch,https://play-lh.googleusercontent.com/a/ACg8ocJiM0G1SopQHn_SspFAwzUvu0-wtALDf_cvhheW-4kgWcXrCA=mo,app sucks,1,1,2542.100.17032,2026-02-08 04:07:24,,,2542.100.17032,2,True
4559dd72-b30e-4b6a-9b4b-3c82593e0a40,Nick Cukrowicz,https://play-lh.googleusercontent.com/a-/ALV-UjXwGV4sVQcmluF5dWHfN72BDIxmSy8HedUgOYeVSpttIAu7Zv3X,Needs work uploading info,3,0,2542.100.17032,2026-02-04 20:42:56,,,2542.100.17032,4,True
e3d1af4b-2004-4477-b5f3-20b26d21a9eb,Moises Osuna,https://play-lh.googleusercontent.com/a-/ALV-UjUsus_XdtH5_H7_lUUB0DhS1leZ0gkOvSUYcE3Hi55MnsbJu91_NA,good app,5,0,2542.100.17032,2026-02-03 20:30:19,,,2542.100.17032,2,True
26a586a8-f8ba-47c5-a82b-55ce31a44c24,Darius Autry,https://play-lh.googleusercontent.com/a-/ALV-UjU6q3uYYC6VODXfcdF2OhRgvpHhXujids5nebrZveDSKnnIz8A,not easy to use,1,1,,2026-02-03 11:48:41,,,,4,True
2657df32-9130-4fc5-8ac1-cd17df746478,Michael Peters,https://play-lh.googleusercontent.com/a-/ALV-UjWiyYyi7hcpYtG4jDbNAJThJ-SHKGL-XQtNAva6kW1XZdaxzjQ,I am so happy to comply with this application and its ability to closely monitor me and my safety. I feel safer.,5,1,2542.100.17032,2026-02-02 14:53:42,,,2542.100.17032,22,False
2fedb769-01ce-46e9-a0c3-f104cb7bb518,Todd Murat,https://play-lh.googleusercontent.com/a-/ALV-UjWH0Eavs83JOKbyAtGgv6v_l26yr9akOx1mv0gzcM_bXG2JcPc,"This ELD is easy to use, very intuitive, and accurate. I especially like the automatic logging feature, so nothing is ever missed. Some companies use ELDs that are overly complicated, inaccurate, and frustrating to say the least. This one takes the cake for being the best in my opinion.",5,4,2542.100.17032,2026-02-02 03:51:31,,,2542.100.17032,49,False
9fa79de8-c45a-434e-a0cd-062360c50494,Fact Power,https://play-lh.googleusercontent.com/a/ACg8ocJYXgtbhFQWHXBVwTAR6tU3S94af5nBoQ9SdynRv450fWPmuFs=mo,excellent,5,0,2542.100.17032,2026-02-01 22:21:20,,,2542.100.17032,1,True
2f305f53-b2ef-4e15-80cf-f3876fd24b03,MCM YD TRANSPORTATION,https://play-lh.googleusercontent.com/a/ACg8ocLqlDnvcMRJlayMai2UV4WWE2SUZ51WWqA_RMfXm637Tm8Aig=mo,"this app is stupid I don't think they know what there doing, this ELD loses locations, ran all day and it didn't record any locations except ept where I started from",1,0,2542.100.17032,2026-01-31 22:18:47,We are sorry to hear that you are having trouble. We'd love to understand more and help you resolve the issues you are seeing. Please reach out to our support team at samsara.com/help and we’ll be happy to help.,2026-03-23 10:05:46,2542.100.17032,31,False
cdb1c386-d43d-4085-9a80-2ff3853cd3af,George Trujillo Jr,https://play-lh.googleusercontent.com/a-/ALV-UjXw-t22i5bVFOnBw74eMAOxoTz0jOQxFwwH26uYzsat9E799NYg,Having trouble understanding it,2,0,2542.100.17032,2026-01-30 12:34:51,"Hi George, we are sorry to hear that you are having trouble. We'd love to understand more and help you resolve the issues you are seeing. Please reach out to our support team at samsara.com/help and we’ll be happy to help.",2026-03-23 10:04:35,2542.100.17032,4,True
952964b3-8de1-4b9b-905c-929e16bcd1d5,Paul Lee,https://play-lh.googleusercontent.com/a-/ALV-UjXIu0j5EpXI1q6TqXvwQRcK0yBsfAL2ORvI0jXBkahXJ_PyUcM0,sometimes a little slow because it's updating,4,1,2541.100.16727,2026-01-30 07:31:57,,,2541.100.16727,7,False
7f6a8623-4b23-42d9-ac1a-22cb2deb5f61,Sebastian Kaczmarek,https://play-lh.googleusercontent.com/a-/ALV-UjWcMVc1kqFtKYu37orGT2WdlsJgZ42chxbc3Jpm58oWpjZt1A-7,user friendly app. with lots of other options to make it even better.,5,2,2541.100.16727,2026-01-29 17:55:22,,,2541.100.16727,13,False
3df46384-789e-4c61-a071-0f5baf66def6,Jeramy Ericsson,https://play-lh.googleusercontent.com/a/ACg8ocKg2jMrS_oo7RQOwuMCXyHCBUct6Z49AYTWscSHYQdfviUjfg=mo,"engine idle warning going off all the time, even when not signed into a vehicle. like we will shut it off when it's hot or cold outside and we're stuck in the vehicle. gees.",1,2,2541.100.16727,2026-01-28 12:31:49,We are sorry to hear that you are having trouble. We'd love to understand more and help you resolve the issues you are seeing! Please reach out to our support team at samsara.com/help and we’ll be happy to help.,2025-11-26 14:05:24,2541.100.16727,34,False
8c88a5b6-7442-4508-baa5-f4a153007fb3,Bobby Wood,https://play-lh.googleusercontent.com/a/ACg8ocKowrCW6TE-DD9PqdaqC5d1XrtozugXlZ6Kxo_J8wOJKMugBw=mo,easy to use!,5,0,2541.100.16727,2026-01-28 08:26:31,,,2541.100.16727,3,True
eaa40aa7-de26-4483-8888-141796e0781e,Bill Chartrand,https://play-lh.googleusercontent.com/a-/ALV-UjWLuww3s1ApTbDa8mxWNKlMdcap3rAPcSEPsTevClnAPEtL7kY,"Easy to use, Very driver friendly!",5,0,2541.100.16727,2026-01-27 21:29:55,,,2541.100.16727,6,False
99750163-9377-4c7d-a9ee-8df8c63fc6f4,Jennie Snyder,https://play-lh.googleusercontent.com/a-/ALV-UjXp5n4Kjrx--8uavtbTdi07NHAm5FaBr68QrfVJQ2EAWSY_UMtBvA,more disappointing than my father,1,1,2541.100.16727,2026-01-26 23:49:25,,,2541.100.16727,5,False
39ec489f-f217-4114-a010-bd1c72c40dd1,Kenny,https://play-lh.googleusercontent.com/a/ACg8ocKZFdszoguu6NvCYawHlWtVfONSDOPdrxLHXE24PQlQu8n4hA=mo,slow opening tabs and glitches,2,1,2542.100.17032,2026-01-25 22:22:45,We are sorry to hear that you are having trouble. We'd love to understand more and help you resolve the issues you are seeing. Please reach out to our support team at samsara.com/help and we’ll be happy to help.,2026-01-27 14:38:33,2542.100.17032,5,False
a874d8b2-4c01-4b38-bd95-b7028b4d7d71,Carlos,https://play-lh.googleusercontent.com/a-/ALV-UjU1BsZfEvo4tJErNVb1mDgkLBxFlWSlG9267UbTJO6aBMUM3zHyrQ,"they make it hard to log in or even troubleshoot, everything is ask manager",1,2,2542.100.17032,2026-01-25 10:30:02,We are sorry to hear that you are having trouble. We'd love to understand more and help you resolve the issues you are seeing. Please reach out to our support team at samsara.com/help and we’ll be happy to help.,2026-01-27 14:37:59,2542.100.17032,14,False
d719d9cb-51be-420a-b487-f718bc6e273c,jeff rose,https://play-lh.googleusercontent.com/a/ACg8ocL-rfOyz50-s50qFUs02PuyVvqc9jZB7lFgG3x6UUjbxK1rVA=mo,I've been using elogs for over 20 years and this is the first one to make me pray for paper logs again. worst elog I've ever seen. the AI is about as smart as a box of rocks,1,4,2542.100.17032,2026-01-25 07:36:50,We are sorry to hear that you are having trouble. We'd love to understand more and help you resolve the issues you are seeing. Please reach out to our support team at samsara.com/help and we’ll be happy to help.,2026-01-27 14:37:07,2542.100.17032,38,False
010cb6f2-c1fd-40be-aee9-17fa3bfb3835,paul williams,https://play-lh.googleusercontent.com/a-/ALV-UjVqeUlQWInmHask9SyPDImaiSkzofR_UNhr8LABLBtW-URDkJuR,"Should not have to do a pre-trip when signing in to check on HOS when signed out. Also, should not have to do a post-trip when signing out when already done one.",1,3,2541.100.16727,2026-01-25 07:32:12,We are sorry to hear that you are having trouble. We'd love to understand more and help you resolve the issues you are seeing. Please reach out to our support team at samsara.com/help and we’ll be happy to help.,2026-01-27 14:35:26,2541.100.16727,32,False
01ca25a4-0127-4880-82da-e72f91254716,Benny Cortes,https://play-lh.googleusercontent.com/a/ACg8ocKrtUjdu6dVcsiuO167pL1QDbfMmgZxhHJISdgcUfrqKlArxW8j=mo,doesn't work when you don't have signal on cellphone,1,1,2541.100.16727,2026-01-25 03:10:29,We are sorry to hear that you are having trouble. The Samsara Driver App is designed to work in offline mode in the event that drivers are in an area with poor or no connectivity. We'd love to understand more and help you resolve any issues you are seeing. Please reach out to our support team at samsara.com/help and we’ll be happy to help.,2026-01-27 14:28:46,2541.100.16727,9,False
3b5eae7e-dde9-46b1-80a3-e38d307bd450,C Stubbs,https://play-lh.googleusercontent.com/a-/ALV-UjUBDpcjqnsTYJE6lzQmDAqMhKvk2T6Q__fL2e-GnHo4uGuLwqyr,this app is GARBAGE. I have no idea why my company moved away from Motive which was FAR SUPERIOR to this trash.,1,0,2533.100.16413,2026-01-23 21:27:50,We are sorry to hear that you are having trouble. We'd love to understand more and help you resolve the issues you are seeing. Please reach out to our support team at samsara.com/help and we’ll be happy to help.,2026-01-27 14:25:53,2533.100.16413,22,False
d15573d2-fddd-43b2-bce0-2409dd8bad44,Matthew Talich,https://play-lh.googleusercontent.com/a/ACg8ocKiIKmnXNoueJB0RmOXIDk6tjckDuLPatqlWZ0NvHoIfJ_tTg=mo,Samsara has done a number of things to my logs that aren't legal. For instance I work at a company where slip seating is common two drivers are assigned to the same truck but if you're not moving and are at a delivery a another driver can remove you from your vehicle. Samsara will end your shift and when you begin driving it will not log driving time to you. This is severely illegal since you're ghost driving. Basically you could go to jail if there's an accident and log transfer at the scene.,1,1,2541.100.16727,2026-01-23 19:33:10,We are sorry to hear that you are having trouble. We'd love to understand more and help you resolve the issues you are seeing. Please reach out to our support team at samsara.com/help and we’ll be happy to help.,2026-01-27 14:25:47,2541.100.16727,94,False
1c46a778-d863-483e-8110-67da93546f18,Jonathan Worachek,https://play-lh.googleusercontent.com/a/ACg8ocKgYa4yol9bGiEp9FVTotoxdjb0oeHtRLo9MUdrfDEVRVXmRA=mo,It helps keep you in line. Which keeps everyone safe,5,0,2541.100.16727,2026-01-23 18:38:18,,,2541.100.16727,10,False
fc254d4f-7fa3-4b3d-85be-6816d359c449,War Phoine,https://play-lh.googleusercontent.com/a/ACg8ocIFI8H2eBIOBWNT3YBWC0IyeaCflrz0XbjVcSYhPzb6qFeV3A=mo,They removed the equipment locator. You could find your trailer or tractor with ease. Now it's just gone. Thumbs down.,1,1,2533.100.16413,2026-01-23 05:33:37,We are sorry to hear that you are having trouble. We'd love to understand more and help you resolve the issues you are seeing. Please reach out to our support team at samsara.com/help and we’ll be happy to help.,2026-01-27 14:20:09,2533.100.16413,20,False
324da53d-9eca-4074-9e74-cb9c0403a676,Andrew Bullock,https://play-lh.googleusercontent.com/a-/ALV-UjWLUURELL3KTKleQgDnCUH4rn4RaSF2RIRw0YGhsC6qF1o07uk,"App is loaded with bugs that they refuse to do anything about! When I first started using the app, I could submit feedback and get a response, as well as a possible fix. Lately, no matter how much feedback I have submitted, they refuse to respond or fix anything. Truly a pathetic experience!",2,6,2541.100.16727,2026-01-22 19:34:53,We are sorry to hear that you are having trouble. We'd love to understand more and help you resolve the issues you are seeing. Please reach out to our support team at samsara.com/help and we’ll be happy to help.,2026-01-27 14:19:24,2541.100.16727,53,False
5ebcfa85-ce91-4b72-af08-7e127765a71e,Jason Cotellessa,https://play-lh.googleusercontent.com/a-/ALV-UjVpwqukQNJ8K7bCax2BJS4xwrvCcNUx51AtR-MlVUOk8e2wW2t3Gw,Works great. Very fast to do pre and post trip.,5,0,2541.100.16727,2026-01-22 14:55:25,,,2541.100.16727,10,False
ac928188-872e-4408-a913-fed1748b53af,John Melendrez,https://play-lh.googleusercontent.com/a-/ALV-UjXc_QR7JNHEisLyIPZneEwUc9nt0ITB3WscCMssRj32fiMzwHry,Great App,5,0,2541.100.16727,2026-01-22 14:06:33,,,2541.100.16727,2,True
4d439b3a-79bd-49e3-9c74-da0e9b5e51b2,A R,https://play-lh.googleusercontent.com/a/ACg8ocLmaZNE16OgLYOnGeuVJdgjavbKqFa85PYHUhWv4W2JbUTP4A=mo,"I like using the app due to its easy to use.. My job is hard enough, don't need the headache of complications..",5,0,2541.100.16727,2026-01-20 22:19:48,,,2541.100.16727,22,False
45f9a8b6-0ae3-48ca-ac26-811bb133bf5a,Tielk,https://play-lh.googleusercontent.com/a/ACg8ocI6_Ipz8fXTe9UB1h6ptZj8n5A26yOSJtoUqhOOGv97RHwCo1k=mo,program seems to work well the only problem I have with this program is it has the tendency to randomly log you on duty after you've already logged off and out of the program so you have to go back and fix your logs constantly to make sure that there's nothing wrong. in addition to that when the application is running slow and you double tap in the area where it says to certify log when you're trying to accept something else. you need to make the program not accept certification until the end of,2,7,2541.100.16727,2026-01-20 10:33:50,We are sorry to hear that you are having trouble. We'd love to understand more and help you resolve the issues you are seeing. Please reach out to our support team at samsara.com/help and we’ll be happy to help.,2026-01-27 14:15:15,2541.100.16727,95,False
f32251b7-40b8-40ef-879f-fc8e12fc5e83,John Novelli,https://play-lh.googleusercontent.com/a/ACg8ocIWn-cyCpnDE_8C6cn6uycGYJXiHrRFUo7C4lurq-Hwgzsfiw=mo,downloaded it but start page does not have everything to get started or to go on duty .,1,0,,2026-01-20 08:46:12,,,,18,False
2da0442e-42a2-4ac0-ab33-06a0571827f1,Kaleb Clark,https://play-lh.googleusercontent.com/a/ACg8ocIcKLx3_oxK7LsyCFNGeXYDUIf6xknnJrufaV369oKfYl8vdQ=mo,needs work but usable,3,0,2541.100.16727,2026-01-19 15:20:07,We'd love to understand more and help you resolve any issues you are seeing. Please reach out to our support team at samsara.com/help and we’ll be happy to help.,2026-01-27 14:11:31,2541.100.16727,4,True
77fdf04e-425a-462c-b5a5-8aa5b1d19cce,Nikola,https://play-lh.googleusercontent.com/a/ACg8ocJLl13gtYCLlrG28yLG9Nx7tGPaobGvYQwMQLhoXM-NYWohtg=mo,worst,1,1,2541.100.16727,2026-01-18 10:04:31,We are sorry to hear that you are having trouble. We'd love to understand more and help you resolve any issues you are seeing. Please reach out to our support team at samsara.com/help and we’ll be happy to help.,2026-01-27 14:11:10,2541.100.16727,1,True
b32ad9a9-92e4-475d-a1a0-cd223fc48e1a,Darryl Legg,https://play-lh.googleusercontent.com/a/ACg8ocKiXvl62211OBD7faYENatvyR4VuGQ9CTAYzRYn94RlFZKoIA=mo,poor quality,1,0,2533.100.16413,2026-01-16 18:58:38,We are sorry to hear that you are having trouble. We'd love to understand more and help you resolve any issues you are seeing. Please reach out to our support team at samsara.com/help and we’ll be happy to help.,2026-01-27 14:10:18,2533.100.16413,2,True
3b3bb355-c0b0-4bcd-8115-1ef84531e22a,Andis Mindis,https://play-lh.googleusercontent.com/a/ACg8ocL7Qkeclpr_ZAPeaICC1RIt2Vd_lwzYpAeDwLMDhLU8-BkKpw=mo,this app is how company scam your wages.,1,0,2541.100.16727,2026-01-16 04:53:48,,,2541.100.16727,8,False
99859aa3-9de2-433d-99d3-e4111c2fa176,Geoffrey Galloway,https://play-lh.googleusercontent.com/a/ACg8ocJfb5V-QaVsvC85_oJydaDUyIZaXlAfkiP1s_SzkYK_pB-0sg=mo,"system sucks, lags and malfunctions consistantly",1,0,2541.100.16727,2026-01-15 22:23:06,We are sorry to hear that you are having trouble. We'd love to understand more and help you resolve any issues you are seeing. Please reach out to our support team at samsara.com/help and we’ll be happy to help.,2026-01-27 14:07:17,2541.100.16727,6,False
07106815-0fbf-4674-88c0-ddddbbd45c3d,Google Customer,https://play-lh.googleusercontent.com/a/ACg8ocIB8I0V5DZzD6Y9rFCjBiUso_nXDWIqiUguZYz2KmiSkLwdTT7u=mo,"Doesn't give me a peep when I'm getting close to any violation. No notifications, nothing, until I'm in violation.",2,1,2541.100.16727,2026-01-15 13:55:11,We are sorry to hear that you are having trouble. We'd love to understand more and help you resolve the issues you are seeing! Please reach out to our support team at samsara.com/help and we’ll be happy to help.,2026-01-27 13:59:22,2541.100.16727,19,False
6b5d3bd2-7519-4e44-97f1-661cacbf5b95,Derek Teixeira,https://play-lh.googleusercontent.com/a-/ALV-UjWEg7TxpqMoPNlj9INiyy2xWdS2SUIUFyAivGgM-huTuHFf7Te7,Incredibly bright white light flashes after the app is opened- super bothersome and damaging to the eye! please fix!!!,1,4,2541.100.16727,2026-01-15 03:45:46,We are sorry to hear that you are having trouble. We'd love to understand more and help you resolve any issues you are seeing. Please reach out to our support team at samsara.com/help and we’ll be happy to help.,2026-01-27 13:58:54,2541.100.16727,19,False
931c9421-19c8-44e5-8553-3b47234b8185,Ghost IsHere,https://play-lh.googleusercontent.com/a-/ALV-UjUKpW4Zv17RPKb04XZVEVlJPkbARj3Zx4X01WPp2Zoa2QC61IjqeQ,"Horrible! I'm parked! why is it flagging me for phone usage??? And Even if I physically see it log off, itll log right back in and eat my drive time. screw this app.",1,1,,2026-01-14 08:16:34,We are sorry to hear that you are having trouble. We'd love to understand more and help you resolve the issues you are seeing. Please reach out to our support team at samsara.com/help and we’ll be happy to help.,2026-01-27 13:56:47,,33,False
1aa313d5-fbb4-4cf6-8063-c568d78dc951,Anthony Adair,https://play-lh.googleusercontent.com/a/ACg8ocLrizuV9WwqTJSjwvZQEY77b__0zddLtOAMQLK-ZtM4BDlPLA=mo,Great,5,0,2541.100.16727,2026-01-13 16:48:31,,,2541.100.16727,1,True
76b01680-ec4e-4d2b-9d02-289bbc1f418f,Daniel Schur,https://play-lh.googleusercontent.com/a-/ALV-UjWjLgU1xVIY6__OCEMdfX5JNMYPAlC9YXQBRNHh-SDxIiLhKHqm,"other than it is not able to be used with other platforms , its alright.",4,5,2541.100.16727,2026-01-09 08:06:36,,,2541.100.16727,15,False
b18be763-18b4-4009-a528-2194c3d29d08,Kenneth Anthony Huskey,https://play-lh.googleusercontent.com/a-/ALV-UjWyE05WUNFTqBtkOArvqrvthAXrnd_NSkwrWEuE3YFiFNv-yRU,the best there is,5,0,2541.100.16727,2026-01-09 00:00:53,,,2541.100.16727,4,True
e4d9c805-5ea7-4857-b3be-28156f258d87,Willis Rich,https://play-lh.googleusercontent.com/a/ACg8ocLtpPtdEO9OahDDN2daGXmagQ3t3nUdhSgLHMZhFoLWgEfGaA=mo,Easy to use,5,1,2541.100.16727,2026-01-08 21:07:44,,,2541.100.16727,3,True
c2b3dcea-6837-4e44-b53c-e18e451e455d,Andy Watts,https://play-lh.googleusercontent.com/a-/ALV-UjUlZ8-2sHwjkEZdrMA-RbZlrWGjMVfeixE5rkcn9mALuRWXh5QP8w,Amazing system.. not to happy about being told off for my bad driving habits . But that's what it's there for.,5,1,2541.100.16727,2026-01-08 04:35:36,,,2541.100.16727,21,False
de925ef0-3045-4bb3-879b-9ab7c04a90fa,Brian Stout,https://play-lh.googleusercontent.com/a-/ALV-UjWNLQF8SQo5swOuM_ErtL-SeqeZxXNbEE_unsU4AbizKVofQAE,"This app will arbitrarily assign speed limits different from the actual, posted speed limits, which will effect the drivers score! There seems to be no remedy to this as I have tried to no satisfaction! THI APP NEED WORK!",1,4,,2026-01-08 04:35:12,We are sorry to hear that you are having trouble. We'd love to understand more and help you resolve any issues you are seeing. Please reach out to our support team at samsara.com/help and we’ll be happy to help.,2026-01-27 13:45:13,,39,False
7bc21349-5f48-4ed3-b8ed-e924203a6c0d,Rigo Soto,https://play-lh.googleusercontent.com/a/ACg8ocIMtMJ59_CYsmlDClTre1QavmTSj8gqfdk7mlXg7FvQI2TMTQ=mo,good app,5,1,2541.100.16727,2026-01-07 18:07:01,,,2541.100.16727,2,True
e1046445-30d3-4ea8-86f1-4054ebc15fe8,john johnson,https://play-lh.googleusercontent.com/a-/ALV-UjWxmLHyjVw7zGTIFzzvLMXgQg20FqwvXDC7WSPQRw1F7kITurg,very user friendly.,5,0,2541.100.16727,2026-01-07 15:04:28,,,2541.100.16727,3,True
6fb41769-c3af-4565-875f-accfa3061b96,Alexander Velez,https://play-lh.googleusercontent.com/a/ACg8ocK_2Vj51TL9qtBmO3ijtbZbc_QtPydgTclOgO7yKTH7wITN2g=mo,really goog ELD,5,0,2541.100.16727,2026-01-06 17:47:25,,,2541.100.16727,3,True
67174b89-71eb-4a64-a894-d0573e0394da,DJ Truckin Steve Wilkinson,https://play-lh.googleusercontent.com/a-/ALV-UjXMRr3llchDtCvAmwnPy38_Bl5_eOl0wWb9KQyD5FB9NAusOIo,"it took a minute,but works very well if have a good running tablet.",5,0,2541.100.16727,2026-01-06 15:44:29,,,2541.100.16727,13,False
9e918325-99bd-4325-99ee-eab81fc2d0dd,Duraney Kavanaugh,https://play-lh.googleusercontent.com/a/ACg8ocLoJelHlZ8PrlkkEDcYA93dx-8VaE2b9wpf9Eb9nfAsycDnbA=mo,great app,5,0,2541.100.16727,2026-01-06 14:57:18,,,2541.100.16727,2,True
b5c973ad-24bc-4a89-8156-ff51e45f24df,Gurbir Randhawa,https://play-lh.googleusercontent.com/a-/ALV-UjVY48jALjTPrN4ibjgOvQaERUGL9AmGGcXBvwCQKgfwh_7NmZOv1g,good,5,0,2541.100.16727,2026-01-06 11:24:30,,,2541.100.16727,1,True
54394f1c-d59c-4489-bb53-132b6c343ce7,Jeremy Sprague,https://play-lh.googleusercontent.com/a/ACg8ocJu_Ry6SgcOX6zfurtTM9dLOr2__wnqNWIWtmqpJkvCkwxbVg=mo,staying compliant with HOS made easy.,5,0,2541.100.16727,2026-01-06 10:10:06,,,2541.100.16727,6,False
ad851f94-9f3d-487c-a141-6ab6c231691b,Jeremy Brain,https://play-lh.googleusercontent.com/a/ACg8ocJgsSXleWSd0yrc6avLLT8xdTiL4qn7ZaDeKXHITaLrhMbb-A=mo,it's asked me 3 times just this morning for a review so stuff it,1,2,2541.100.16727,2026-01-05 05:27:05,,,2541.100.16727,14,False
fa0e8674-34f8-40c2-9298-12689e3bf411,Richard8080 Cooke,https://play-lh.googleusercontent.com/a-/ALV-UjVfxmrnF0BKeLhnRgf5h_2O25sqgK2yG_thy5YgMbI0SbS_qPcd,It works,5,0,2541.100.16727,2026-01-05 02:15:26,,,2541.100.16727,2,True
1fd05784-8820-4ebc-811f-09264bfa0441,Chris Shaw,https://play-lh.googleusercontent.com/a-/ALV-UjW8M96Zp4cxKnNHyfF5H42PlUHxUF7CCLVXnW7SSj3tyWulfjWL,making progress and getting better,5,0,2541.100.16727,2026-01-03 16:59:54,,,2541.100.16727,5,False
8059df6d-1e00-4fb9-a3e5-e47cdadba2d4,Virgil Cresswell,https://play-lh.googleusercontent.com/a-/ALV-UjU1x7jxRWhevJf3bddGX3f_9jjNRqYDU38k9ZrGoEOmtkbweXXjEQ,d.v.i.r. needs improving if he asked me I help them straighten it out.,4,0,2541.100.16727,2026-01-02 06:20:03,,,2541.100.16727,13,False
2c93a416-95a1-47af-bac2-b0e4fa9d3fea,Kass,https://play-lh.googleusercontent.com/a/ACg8ocJvg6lAxH4cCnUz4RKtNBTVJFMEN-53qrrD2tcC6lL-Zkq-dw=mo,easy to use,5,0,2541.100.16727,2026-01-02 06:02:47,,,2541.100.16727,3,True
bcdd5ecf-dd81-477a-ac3b-1e4efd72fc62,John Thompson,https://play-lh.googleusercontent.com/a-/ALV-UjXLL0bAg5Nz42jJ5GvF8jrS9JtcMSFJxSNs73-jCUxKBjHZXZTfLQ,👋👍,4,0,2541.100.16727,2025-12-31 19:01:09,,,2541.100.16727,1,True
afb1bd3e-50ce-459f-a37b-bbf7bdb96468,Ronald Ponce,https://play-lh.googleusercontent.com/a-/ALV-UjXDh1CN_om2MyS9X6N0LYFEKMleRGHioFugSurI7lFUGDVkings,the best Eld,5,1,2541.100.16727,2025-12-31 14:57:21,,,2541.100.16727,3,True
ca51698b-6019-4e03-b6b8-50a06541989c,Matthew Travasos,https://play-lh.googleusercontent.com/a/ACg8ocJUJ-NOnN2BAXi_oEYDz-quMNu4mqlvShou5Fdv5_KAZq1OwxE=mo,Just as good or better than others. layout is logical and editing is understandable too.,5,7,2541.100.16727,2025-12-29 13:36:16,,,2541.100.16727,15,False
307a912c-3f0d-4dae-8b93-0cde5647cb15,Luis Bautista,https://play-lh.googleusercontent.com/a/ACg8ocIKOBnPgHsC0vmxsHpK9x1Xg0Q4KbcFdDkMcKzoiq0AMyr7lA=mo,on point overall.,5,0,2541.100.16727,2025-12-29 11:16:51,,,2541.100.16727,3,True
e83c3dcf-c556-4d81-997e-384cea12644a,Murad Saleem,https://play-lh.googleusercontent.com/a/ACg8ocLzoYCikl3baz2Suw8XW8pndc_ddLOQUtbj36j5kX9yeHlXpQ=mo,👍🏻,5,0,2541.100.16727,2025-12-28 10:16:01,,,2541.100.16727,1,True
0d26d77b-bc96-4a35-b407-fbaa8e528dd3,Donald 4577,https://play-lh.googleusercontent.com/a-/ALV-UjU5uVI8kLCa7gbnlZsaE9IWXNMYrD59cVIlgd1sjDBF_IDDVUCOig,garbage!!! company just got it and it is straight garbage,1,1,2541.100.16727,2025-12-28 09:12:47,We are sorry to hear that you are having trouble. We'd love to understand more and help you resolve any issues you are seeing. Please reach out to our support team at samsara.com/help and we’ll be happy to help.,2025-12-29 11:24:35,2541.100.16727,10,False
8cf328e4-f49d-44aa-bdd0-cca02b3c33c1,John Ersfeld,https://play-lh.googleusercontent.com/a-/ALV-UjVrO5EjNWoyl-U9gy8iD_9tp46RVY7soK3VgDHW668Nv-O3S8mW,Fast and easy to manage.,5,1,2541.100.16727,2025-12-26 08:33:16,,,2541.100.16727,5,False
c3979f2e-0550-48c9-970d-02f849453ae2,Greg Brown,https://play-lh.googleusercontent.com/a-/ALV-UjXj52HQ5z0_CSBUA6ItW65Me7GLI-N7vevGAU0v-TgGyJE0UktV,love it 😀,5,1,2541.100.16727,2025-12-25 21:03:08,,,2541.100.16727,3,True
9dbc3bb3-9742-4c7f-8029-920e9a306e0c,brandon kibel,https://play-lh.googleusercontent.com/a/ACg8ocJC59VK484fXfiaWQYFc9wcMiExoZ5a6Oqf-4bZmItxwNA_ar0=mo,screen blinds you at night so you can't see outside your vehicle when you're driving at night therefore is a bad app if it would a blackout the screen and turn the the numbers to Reddit would be better,1,2,2541.100.16727,2025-12-24 19:50:28,"Hi Brandon, we are sorry to hear that you are having trouble. App Themes can be changed within the Setting menu of the Driver App. Based on your description, the Night theme would be our recommendation. If you have any further questions or issues, please reach out to our support team at samsara.com/help and we’ll be happy to help.",2025-12-26 11:30:49,2541.100.16727,39,False
e0094497-305d-463a-ae20-97faeedcbc06,Vladimir P.,https://play-lh.googleusercontent.com/a-/ALV-UjVsFJ7UojMPDnpV4olZqq6MEcbE02NS26dSJQ9vOr9SoOD4ccwl5A,has more location missing duty status,3,1,2541.100.16727,2025-12-24 16:18:15,We are sorry to hear that you are having trouble. We'd love to understand more and help you resolve the issues you are seeing! Please reach out to our support team at samsara.com/help and we’ll be happy to help.,2025-12-26 11:29:30,2541.100.16727,6,False
c9961f6e-f0e2-4300-8342-947743679e66,Corey Janice,https://play-lh.googleusercontent.com/a-/ALV-UjVCAsCAfiiqUl2xsJXmnfbgmzLoqciPgDW57dn3ANYiHTfbMZ4V,great app,5,1,2541.100.16727,2025-12-22 22:29:38,,,2541.100.16727,2,True
71ed92a2-7187-4e73-af10-2ee2dec8d1aa,Jennifer Baca,https://play-lh.googleusercontent.com/a-/ALV-UjWSbUm0CIH5TtcqOzQGV3-FLrtf-jl5UK95RQwNUVq6HYJp3ck,It's an awesome Tool but slow to open up so that would be the only Con trying to do logs 🤔,5,0,2541.100.16727,2025-12-20 02:26:51,,,2541.100.16727,21,False
e6c14bd4-0afe-4d47-a1c1-0fa2f85f03a5,Kenpo Kid,https://play-lh.googleusercontent.com/a-/ALV-UjXPSrK41cw9kuDCExrLnvVM9FZaO32O5dFVIsTS443J_Evs99EA,was good now i have to manually input driving vs on duty. can't upload pics now either.,1,2,2541.100.16727,2025-12-20 00:26:56,We are sorry to hear that you are having trouble. We'd love to understand more and help you resolve the issues you are seeing! Please reach out to our support team at samsara.com/help and we’ll be happy to help.,2025-12-22 15:50:22,2541.100.16727,17,False
f92b952e-3430-41af-a7fc-12663872d687,Jaime Giron,https://play-lh.googleusercontent.com/a/ACg8ocKTNo1iI-qZuaMIw3Bw8C17eNl8VaBtNpyuYt1RSWvJfehW6w=mo,great app,5,1,2541.100.16727,2025-12-19 15:32:12,,,2541.100.16727,2,True
64d71940-6548-49b3-a4bb-64bcb53e6f12,sean murray,https://play-lh.googleusercontent.com/a-/ALV-UjV9F9usfcrWEPJfIoON8W7q_UNv1Nbae_EortGcyaxaCtTicmM,freezes constantly and never finish courses as always restarts and crashes again. useless app,1,2,2541.100.16727,2025-12-19 12:51:22,"Hi Sean, we are sorry to hear that you are having trouble. We'd love to understand more and help you resolve the issues you are seeing! Please reach out to our support team at samsara.com/help and we’ll be happy to help.",2025-12-22 15:49:27,2541.100.16727,14,False
83d14a9b-2726-4e99-9cc3-b3ee0a90dc12,Brad Jones,https://play-lh.googleusercontent.com/a/ACg8ocKRLY8PQXWHb19fS8OO3eNLZgq4D8Hqgkm731Kujq0oS43E9A=mo,"icon disappeared from my ph one, I was unable to log in without my manager's involvement. Icon still absent from my phone.",1,1,,2025-12-18 20:45:12,We are sorry to hear that you are having trouble. We'd love to understand more and help you resolve the issues you are seeing! Please reach out to our support team at samsara.com/help and we’ll be happy to help.,2025-12-22 15:48:38,,22,False
eb24e18d-43b9-40bf-933f-e419bb629816,Kenny N,https://play-lh.googleusercontent.com/a/ACg8ocI5fJcHZ1j31_XD6Z3fUDkrvfG6QFqCCZ_-4zTMFWAj_5JMDp-Z=mo,this new samsara driver app and tablet is awesome I think best thing for the industry,5,0,2541.100.16727,2025-12-18 01:36:30,,,2541.100.16727,16,False
8d3e2e27-c9cc-4615-86b2-597a1e492038,Tasha howells,https://play-lh.googleusercontent.com/a/ACg8ocK6ga45pk1AxNTGbLrlPiPh1JuGwzgJeU8o9gV6s29vi0d77g=mo,one minute after I log off duty it turn me back to on duty. even if sighn out. or not. stay and watch minutes tick by in off duty. log back in in morning. bam onduty for all but one minute. have to correct every day.,1,2,2541.100.16727,2025-12-17 16:05:41,"Hi Tasha, we are sorry to hear that you are having trouble. We'd love to understand more and help you resolve the issues you are seeing! Please reach out to our support team at samsara.com/help and we’ll be happy to help.",2025-12-22 15:48:16,2541.100.16727,46,False
edb477d4-64b6-4e58-ac4a-57578f15dbc0,NickPerry,https://play-lh.googleusercontent.com/a-/ALV-UjVRFA5dMsiaO-pIzJWCN9qjLZ3NsWwLspnJA_GpqcdxtclHR1tL,this app sucks always crashing trying to switch pages. im always having to close and reopen the app 20+ times to get it to show me today's log since it thinks its the day before. Bad app - Stars,1,4,2541.100.16727,2025-12-17 05:54:53,"Hi Nick, we are sorry to hear that you are having trouble. We'd love to understand more and help you resolve the issues you are seeing! Please reach out to our support team at samsara.com/help and we’ll be happy to help.",2025-12-22 15:46:45,2541.100.16727,39,False
50777dbf-df81-487e-8da7-a8f7a68fef06,King Salman,https://play-lh.googleusercontent.com/a-/ALV-UjUS6BeDN3uTaMTameInalVgAW2nFb5PpJAOBPGZZsvlPY6_x3Ni,extremely laggy app it just wastes your time.,1,1,2541.100.16727,2025-12-17 03:56:03,We are sorry to hear that you are having trouble. We'd love to understand more and help you resolve the issues you are seeing! Please reach out to our support team at samsara.com/help and we’ll be happy to help.,2025-12-22 15:46:51,2541.100.16727,8,False
ee34b4b2-2c9a-4a80-8e6a-a1f6bd0b69f6,Jeff Jones,https://play-lh.googleusercontent.com/a/ACg8ocJnMeJ4s_L_giTjDqogq2AYDmunZQrH4NxoT0xHsPlWlyLyRw=mo,Good at changing our behaviors,4,0,2541.100.16727,2025-12-15 19:06:01,,,2541.100.16727,5,False
73055caa-45c0-46d5-9818-8990db53a969,Jeff Baldwin,https://play-lh.googleusercontent.com/a-/ALV-UjUCrIwUa7_HPdHKVl6YZToxkmqjJ1lyihLJi3ndFKRtBmwkclIesQ,doesn't work half of the time,3,1,2541.100.16727,2025-12-15 19:03:45,,,2541.100.16727,6,False
69556c25-855c-49d8-acbc-456ae00fe9fe,Timothy Jones,https://play-lh.googleusercontent.com/a/ACg8ocI1YFGPBOGvmqujOqoi6Ic4Gp1lIeArDNNuP5ODG-quIQG7pA=mo,great,5,1,2541.100.16727,2025-12-13 10:08:00,,,2541.100.16727,1,True
f27e3014-034c-4058-b8ad-1eff08dcd098,Mike Logan,https://play-lh.googleusercontent.com/a-/ALV-UjW2Y7sN328IHP8L1R_9tf0O98JOJdcjHPilIuPP8qfTgJMBA8Eb,its a great app straight foward,5,0,2541.100.16727,2025-12-12 15:34:04,,,2541.100.16727,6,False
83f87b45-8a2b-4455-98f7-ab60508e5af8,krista gutoskie,https://play-lh.googleusercontent.com/a-/ALV-UjVGbDHwqxk_ThMIqSDOGUmE2B3htlqFjaarxbr-otsLekOelmFH,"recent update has changed the seatbelt alert it now alerts when you are stuck in the snow and the vehicle isn't even moving it's very distracting and upsetting, it impacts my ability to perform my job properly while I am trying to maneuver in such a situation, it also alerts now when reversing another very distracting and seemingly dangerous alert it no longer coincides with the factory seat belt alert it also goes off during short yard movements",1,2,2533.100.16413,2025-12-11 21:54:40,"Hi Krista, we are sorry to hear that you are having trouble. We'd love to understand more and help you resolve the issues you are seeing! Please reach out to our support team at samsara.com/help and we’ll be happy to help.",2025-12-22 15:42:44,2533.100.16413,78,False
358f5033-b3b2-4bc8-8b12-39d5a84291d7,dessa jamieson,https://play-lh.googleusercontent.com/a/ACg8ocJVwR4xU_SvEabm0GysVEAgIhNXS66LtEW7V9DAPcPcjOVJ_g=mo,Makes life easy,5,0,2533.100.16413,2025-12-11 15:00:45,,,2533.100.16413,3,True
c277c28b-f8af-4dcd-8a57-dabc1bf216d5,Jerad Walter,https://play-lh.googleusercontent.com/a-/ALV-UjWEh7rVjdffnLjkhhhzLCfzXSTapK2CMo02QHQW5iL_bS622rWD7g,all thos app does is gives lawyers and other parties fuel to use against you should something happen. Not a person alive is perfect and even if a car is at fault the lawyers will use this to make you guilty,1,2,2533.100.16413,2025-12-11 12:09:16,We are sorry to hear that you are having trouble. We'd love to understand more and help you resolve the issues you are seeing. Please reach out to our support team at samsara.com/help and we’ll be happy to help.,2025-12-22 15:41:13,2533.100.16413,41,False
ae373e36-0b51-4518-ad60-4b00f24140a2,De'Andre B,https://play-lh.googleusercontent.com/a-/ALV-UjWTiPvMl1VHjamf4zjwI5ZDWdvyupbK9XdA0lze8aZH6kjILuocrA,excellent,5,0,2533.100.16413,2025-12-11 03:10:14,,,2533.100.16413,1,True
305101a7-7145-4792-9288-3163110a6537,Jessie Bray,https://play-lh.googleusercontent.com/a/ACg8ocKxwEqzso0w2M8Hh2AGIbAy7_BeY7K9wSq_ZQ0THbKCV6h32g=mo,👍,5,0,2533.100.16413,2025-12-10 20:04:15,,,2533.100.16413,1,True
d1ea81cf-1efd-47e9-a97b-93bb12c9a6a8,Ramon Medina,https://play-lh.googleusercontent.com/a-/ALV-UjVLHsXFat7lIN7nWy5xN5ZYojJP9iVVYbRts8r1QpHu61QrnEqWBA,the navigation is a little off but better than before,5,0,2533.100.16413,2025-12-10 07:49:25,,,2533.100.16413,10,False
48c0794e-a6cb-413d-870e-8e5f66b15582,J P,https://play-lh.googleusercontent.com/a-/ALV-UjUKjB3E4wJ9TElZooSuUefokGfNwKF9TLM08u3GOAjE1MvMCtSFIg,"A little nosey, but easy enough.",5,0,2533.100.16413,2025-12-09 15:09:03,,,2533.100.16413,6,False
6f1fcaa9-9017-4a5b-a0de-3bebcd0fd9d8,shameem soharwardi,https://play-lh.googleusercontent.com/a/ACg8ocIU5R5WhcsCnFgjttYJjZL7j1M4mWL84O9DRuAEcBIxlhdIUw=mo,excellent app,5,0,2533.100.16413,2025-12-09 09:49:57,,,2533.100.16413,2,True
87a9613f-1315-4701-bc2a-f2a528c7338b,Jon Haley,https://play-lh.googleusercontent.com/a-/ALV-UjUnFxQTzXVpscjwfuX8vwJbcbiO1Qx9qQJGpFtgWAAvPKBkffYx,I don't know what happened but now when I sign in it makes me do multiple pretrips fix this app. honestly this apps are a joke,2,0,2533.100.16413,2025-12-09 03:36:02,We are sorry to hear that you are having trouble. We'd love to understand more and help you resolve the issues you are seeing! Please reach out to our support team at samsara.com/help and we’ll be happy to help.,2025-12-22 15:39:04,2533.100.16413,26,False
63be7066-fb3f-46db-be27-294ee80d73ba,Eduardo Garibay,https://play-lh.googleusercontent.com/a-/ALV-UjVa-6vxT7jKCq1jNf2uTCss2zxoszLLQhhrI_mspb8clcF1jGSc,when resetting Password it kicks you out we need to find a solution?,2,0,2533.100.16413,2025-12-08 14:40:34,We are sorry to hear that you are having trouble. We'd love to understand more and help you resolve the issues you are seeing! Please reach out to our support team at samsara.com/help and we’ll be happy to help.,2025-12-22 15:38:16,2533.100.16413,13,False
96967179-bd91-4e0c-a249-c569ecae80a5,Moe Ismail,https://play-lh.googleusercontent.com/a-/ALV-UjU3As4loB_FJLuQX_Q0-oy5gU3_8iaFzwbjXTUHdfSJnADf7mmw7Q,honestly it's pretty cool app too not like it! but for me I like it,5,1,2533.100.16413,2025-12-08 02:22:17,,,2533.100.16413,15,False
bb36fb0c-9a67-4f3a-9bb2-e5054eec8708,Princess Penguin,https://play-lh.googleusercontent.com/a-/ALV-UjWL88H7bXC4ysjD0cod6LMtMPuP7dXPRE27x49pqlYplIcJtRs,it awesome but it could use a option to take a miscellaneous picture of whatever the item may be. That is part of the transportation vehicle.,5,0,2533.100.16413,2025-12-08 00:45:50,,,2533.100.16413,26,False
defc0305-3af7-4c4e-af38-85ca57ee7125,Red Ayon,https://play-lh.googleusercontent.com/a/ACg8ocK4sOxt8m7VGt2v_l0AH0Pjta5q2LxdI0bO1rCnWB53wCSgJw=mo,always kick me out and when I enter the password that I written that I made for this it says incorrect and that I don't have an account this app sucks,1,0,2533.100.16413,2025-12-07 18:10:42,We are sorry to hear that you are having trouble. We'd love to understand more and help you resolve the issues you are seeing! Please reach out to our support team at samsara.com/help and we’ll be happy to help.,2025-12-22 15:37:58,2533.100.16413,31,False
f5e216e2-9d2e-4699-b57a-ed486f27a2d1,Vincent Mobley,https://play-lh.googleusercontent.com/a-/ALV-UjU4GnImHkOa85j1tPXDAgIQSQIjaKSRjfQMFKEyFg5KH7g13cQ,"love it, but I don't like the random times that I get kicked out of the app, even signed completely out with no warning, always happens right when I need it ASAP.",5,1,2533.100.16413,2025-12-07 07:25:32,,,2533.100.16413,32,False
cb8bd9df-34f8-4432-a163-6f38e0f0ee21,Davari Manzell,https://play-lh.googleusercontent.com/a/ACg8ocIF9uGEzfkX6Uf_s9ZK4ANyezxyIYHsF_C99SpKjH_VtEADRg=mo,👍🏾,5,0,2533.100.16413,2025-12-06 19:02:08,,,2533.100.16413,1,True
7d09e58f-0ecb-4845-a6f1-f13ed2629c10,Philip Williams,https://play-lh.googleusercontent.com/a-/ALV-UjU4dW5SJol1ZwajuA3PT1XOKgXqa0KMqVeSzz3QbIv6jvY1vwUAMw,Real Cool to Have.,4,1,2533.100.16413,2025-12-05 15:32:13,,,2533.100.16413,4,True
93632512-5269-4657-96a5-b9ef345370d5,S L Durbin,https://play-lh.googleusercontent.com/a-/ALV-UjUpANbFzVCOCmxNd4A3NAQ_Q5hc2FFXIm5_W9dOMl3W1n4ex9E,beats paper,5,0,2533.100.16413,2025-12-05 07:49:17,,,2533.100.16413,2,True
ec423dba-02f2-4a88-83d8-efabb7b05f95,THEORIGUNALJOC,https://play-lh.googleusercontent.com/a-/ALV-UjXSJMwnKppGqCN89W6agJLSl5_MwTTMh2s1jIOI25eKqmT7wwDIFA,Great tool to help me stay in compliance! 👍,5,0,2533.100.16413,2025-12-04 22:58:29,,,2533.100.16413,9,False
8247a5cc-20fc-4325-af12-069fc9d71cd5,A little wiser Still a fool,https://play-lh.googleusercontent.com/a-/ALV-UjV38vUvQfmBrhtpAqAe0N89BxKYZXwtF7-7NV-_eyU9qSkkPPE,keep upgrading the ram to make it quicker it's getting better,5,0,2533.100.16413,2025-12-04 22:47:28,,,2533.100.16413,11,False
0739159f-8448-4b36-9c83-1b415d421267,Dave Douglass,https://play-lh.googleusercontent.com/a-/ALV-UjXCbXj-KEwaedlfRuPJNaacmLEF37aKkO5DR4xYWV-T6vzv1HFXxQ,great app,5,0,2533.100.16413,2025-12-04 17:33:05,,,2533.100.16413,2,True
3ebe08df-e110-4ad6-8fbf-50bbb946b3f7,Michael Moredock,https://play-lh.googleusercontent.com/a-/ALV-UjV0ltNrgpUj4xlBnf7cE4e8StDNVJsnk_rZ-rrVc5GxU_ncx7CO,"Occasionally, Samsara will automatically move me to driving when I am walking. Also I believe that it takes too long when you stop driving to switch you to On Duty. This leads to a waste of time marked as driving when really, you've been stopped for several minutes.",5,8,2533.100.16413,2025-12-04 16:36:22,,,2533.100.16413,48,False
6b48e120-4c5c-49c3-90df-71001ed36aaf,Some Body,https://play-lh.googleusercontent.com/a/ACg8ocJgDwPk6pOwvjAbCKy7eYyCh3QhlapTWImMumHHoOmeHbZPGQ=mo,Samsara steals Cycle time. Takes 2 to 3 minutes after opening the app before you can use it to change your Duty status,1,0,2533.100.16413,2025-12-04 10:50:42,We are sorry to hear that you are having trouble. We'd love to understand more and help you resolve the issues you are seeing! Please reach out to our support team at samsara.com/help and we’ll be happy to help.,2025-12-22 15:37:25,2533.100.16413,23,False
58e2e424-6eae-4a9e-b332-501136934c3d,Shaden Shawky,https://play-lh.googleusercontent.com/a/ACg8ocLvPw-QwVsyoNkvqgsIrgyZoi5Mk_Ct1ZuavYxZfmkwVHvfBqI=mo,App is extremely slow at times,3,1,2533.100.16413,2025-12-04 07:53:01,,,2533.100.16413,6,False
290e0d38-386b-46ad-9e24-f79e6200a818,Keith Spidel,https://play-lh.googleusercontent.com/a-/ALV-UjXAfdAulDVOjgEaQhY1z5oEUyl7Pxe3LQq6o4iJNr2uaWT733UhSw,The app is fine but has hiccups. I cannot scan paperwork on my phone (Google Pixel fold 23). I contacted support but they didn't really do anything about the problem or give any solutions other than the stereotypical delete the app and reinstall it. to sum it up app okay support sucks.,3,0,2533.100.16413,2025-12-04 06:51:30,,,2533.100.16413,52,False
1bd46d0a-8d09-4e3e-a722-a52dee4bee53,David Blake Ray,https://play-lh.googleusercontent.com/a-/ALV-UjWEzFR8k-eOgX07_25TaKEJVTxoVuwcu0rtIiv_wQ7c_e7kMFXF,"once you get the hang of it, it's very handy",5,1,2533.100.16413,2025-12-04 02:35:41,,,2533.100.16413,10,False
bfb0a77a-c2e3-41fe-aad7-b3216b46263d,George Bradford,https://play-lh.googleusercontent.com/a/ACg8ocJXjdgeLBKnjUiDS7zUDnrgWMcyNFTyFwHFWKHge_NUicxnWQ=mo,last update messed up settings.,1,1,2533.100.16413,2025-12-04 01:59:51,"Hi George, we are sorry to hear that you are having trouble. We'd love to understand more and help you resolve the issues you are seeing! Please reach out to our support team at samsara.com/help and we’ll be happy to help.",2025-12-22 15:36:36,2533.100.16413,5,False
c3cb5de5-d951-4d8f-9600-fd6a3c71cb20,Carlos Delgado,https://play-lh.googleusercontent.com/a-/ALV-UjV5g7O9IDLcLFG5EEZZgqRbF7AUgDi77KEXp3wqwX7TJW00xVSg,100 Star,5,0,2533.100.16413,2025-12-03 07:55:30,,,2533.100.16413,2,True
6dfb1745-accc-4789-b165-4401a78edb67,CHARLES R JOHNSON III,https://play-lh.googleusercontent.com/a/ACg8ocLuU6-1_SpeDA5VU3sc-EGWJtqn1hdz9ejVpQLI94_GHD2fqw=mo,"this ELD works great. Easy to access, follow and read. Not complicated to make adjustments and certifying logs.",5,1,2533.100.16413,2025-12-02 18:59:01,,,2533.100.16413,18,False
deedb948-be8c-449e-a77e-d5495ad0bd31,Kyle Naylor,https://play-lh.googleusercontent.com/a-/ALV-UjV7k8PdQAZ36azq5H7ikz8CVDKW2PGOsTL621JxK2EwU_DvmokV,I absolutely hate using this. Such an awkward and terrible app.,1,0,2533.100.16413,2025-12-02 09:13:43,"Hi Kyle, we are sorry to hear that you are having trouble. We'd love to understand more and help you resolve the issues you are seeing! Please reach out to our support team at samsara.com/help and we’ll be happy to help.",2025-12-22 15:34:34,2533.100.16413,11,False
997efd3a-3efc-4b6e-952a-5cdec11cf0cf,Chad Gardner,https://play-lh.googleusercontent.com/a/ACg8ocL8wNpM251f_fYdEbkvdnBpSs0VFOy4O4dFCo4XKysn2W1xgQ=mo,For the most part has been very user friendly and fairly easy to figure out.,4,2,2532.100.16272,2025-12-01 15:39:57,,,2532.100.16272,15,False
8b3313f7-f241-472b-8ef1-6ace7f36eb26,TRUCKER MARK,https://play-lh.googleusercontent.com/a/ACg8ocJUERwRCFt-j-llljl4IEGlVcBb2s3MraPGZsY6Sju2VmDzGQ=mo,😊,5,0,2533.100.16413,2025-12-01 13:04:00,,,2533.100.16413,1,True
5b172706-1922-4444-8993-6263487df674,Arturo Arriaga,https://play-lh.googleusercontent.com/a/ACg8ocL1DS_fqKMQEJGOFGgEmyYahxN2wW0DbygA5TkH0evm1Cv__Q=mo,Easy and Safe for everyone...,5,0,2533.100.16413,2025-12-01 13:01:28,,,2533.100.16413,5,False
8c731a10-1c5e-4b09-90fb-88a7e94a5138,Roberto Kessin,https://play-lh.googleusercontent.com/a-/ALV-UjXF7VPoJ75VpALqpkTFAAQ5_qRZkXqKCTsHu4U75xds-hJ1FWNo,easy to work with,5,1,2533.100.16413,2025-12-01 06:20:52,,,2533.100.16413,4,True
c75ad217-4ff4-40cf-965c-706ae2fa8735,Justin Nugent,https://play-lh.googleusercontent.com/a-/ALV-UjVv2ZmJlV4yRprwaamfe1mzhfNAOIOT6DHy8B7E68YeB0oWYZDI,tracks even when not logged on,3,0,2533.100.16413,2025-12-01 05:24:06,,,2533.100.16413,6,False
e51a7ee2-64b1-49df-90f0-53dfdd5a861c,David of the Meadow,https://play-lh.googleusercontent.com/a/ACg8ocL__PWaKqEQuiYsEPny44CRp6JtmqPsxiwPPV5WPWhmAx0QwQ=mo,new update is aggravatingly clunky. I don't know if it's just resources hungry and my phone can't handle it. I have a Moto g and this app lags. very unresponsive. it's like it's try to do too much. the old version that wasn't trying so hard was better.,3,2,2533.100.16413,2025-11-30 20:45:03,"Hi David, we are sorry to hear that you are having trouble. We'd love to understand more and help you resolve the issues you are seeing! Please reach out to our support team at samsara.com/help and we’ll be happy to help.",2025-12-22 15:33:58,2533.100.16413,48,False
75d40644-616d-4937-950d-ec5168e9f4ac,will Clayton,https://play-lh.googleusercontent.com/a/ACg8ocK4BMDsDYCQksnZKD9yV3gdYGUBbPbLN3qZ59TVTi1TVCir2w=mo,takes a little long changing pages,4,1,2533.100.16413,2025-11-30 20:42:12,,,2533.100.16413,6,False
9de8e1c6-c47f-4ffe-8b39-a2a27b8e2559,Cedric Davis,https://play-lh.googleusercontent.com/a-/ALV-UjW8VL1VP7ktVC8askKxkjVA6aDvdE9KlEkpPj2Y6HwImqME5QUh,it's awesome 👌,5,0,2533.100.16413,2025-11-30 15:01:43,,,2533.100.16413,3,True
217ba900-e1f0-456d-b287-ebfe053775d3,Timothy Ochoa,https://play-lh.googleusercontent.com/a-/ALV-UjV_IaxHb-95DZ2YST87jxpohLgBQjNPAsJnegaen0WEEo3hA-nx,very easy to understand your HOS and logs.,5,0,2533.100.16413,2025-11-30 14:59:39,,,2533.100.16413,8,False
245327eb-c425-45ed-87f8-3910f9c574b2,Robyn Nadeau,https://play-lh.googleusercontent.com/a-/ALV-UjXlI8dMXIniv--DNd-yJ6H1oqcSNMMOaP1ububTJyl8sMuxHnX9,pretty decent all around,4,1,2533.100.16413,2025-11-30 14:34:29,,,2533.100.16413,4,True
b784f0c4-5236-46c0-bfd4-f5e2f3adc808,Doug MacArthur,https://play-lh.googleusercontent.com/a-/ALV-UjXWeYzgYKjkw-JqEmg2mepNaPjhoOYgU78wdu9SQkAEYO5Bbhch,Easy to use and keeps us working safer. The only complaint is that the leaderboard is malfunctioning at the moment so no one can see who is at the top... I'm sure it will be fixed soon. Great app!,5,4,2533.100.16413,2025-11-30 06:45:09,"Hi Doug, we are sorry to hear that you are having trouble. We'd love to understand more and help you resolve the issues you are seeing! Please reach out to our support team at samsara.com/help and we’ll be happy to help.",2025-12-01 11:24:17,2533.100.16413,39,False
40472b2f-1f4f-4f75-b60a-2ab2b2cfb8cc,Roger Brown,https://play-lh.googleusercontent.com/a/ACg8ocLX3LI_wYCIg-4rAhSZfVAhIdEnYBoLrmfYXjr-hb6LqYe08KM=mo,well we've been using this for nearly 5 years now and I actually like it until recently when an update removed the ability to copy and paste information from the messages. you used to be able to copy addresses and then paste them in maps which was very convenient but now you have to write it down and then enter by hand. Also you were able to copy trip numbers and load numbers and then paste them wherever you needed them. Also no matter how many times you delete your trip numbers they return.,1,13,2533.100.16413,2025-11-29 10:00:55,"Hi Roger, we are sorry to hear that you are having trouble. We'd love to understand more and help you resolve the issues you are seeing! Please reach out to our support team at samsara.com/help and we’ll be happy to help.",2025-12-01 11:23:32,2533.100.16413,94,False
078172af-ca11-4fd6-b80b-14180769704d,JD Turner,https://play-lh.googleusercontent.com/a-/ALV-UjUQvYngWrl3HSQhD7X-6tujFp097hF6TUzqkxt31-9ieJA0kPkdSw,Great E-Log and Paperwork/Route app,5,1,2533.100.16413,2025-11-29 08:31:00,,,2533.100.16413,5,False
1637dc3e-e977-4c25-8258-c326d52d1ec3,Jose Mendez,https://play-lh.googleusercontent.com/a-/ALV-UjUna4tJ7vUHeq4O7Odkl0E5WBwXQpGhhY0eqMg5xb9biq9miOun,Love this app,5,1,2533.100.16413,2025-11-28 06:02:05,,,2533.100.16413,3,True
80221d57-454e-46f0-bcd4-12136cedf3ba,Benjamin Wiley,https://play-lh.googleusercontent.com/a/ACg8ocJYWRiuzqNJWIldL48UzpNE9kjnW2lJ7K4Uqlun6hgE2Oe2Iw=mo,love it thanks,5,1,2533.100.16413,2025-11-27 19:26:26,,,2533.100.16413,3,True
e4737ab9-a89f-4048-a30a-44ccc0bf6a0c,One Oilfield Services,https://play-lh.googleusercontent.com/a/ACg8ocJcl6PLlt3ojPb3CBdYaCZam4RZ4_mkCSDWp5nBt_lDUToxRw=mo,excellent,5,0,2533.100.16413,2025-11-27 08:35:21,,,2533.100.16413,1,True
51833c0c-050a-4893-b1c5-ebb74e6affac,Darin Gater,https://play-lh.googleusercontent.com/a-/ALV-UjVRR47N69tiHf0zKNvROKu2LRPyMO1cu7TOqXf6BOP6WzmfbfM,The app is very good. It has everything you need to get you through your work day.,5,0,2533.100.16413,2025-11-26 16:01:14,,,2533.100.16413,17,False
42693596-dc83-41ed-a9f6-fe1a74434636,텔레토비,https://play-lh.googleusercontent.com/a-/ALV-UjW2qk3_uK3lFWbHZErAuHa5pbBMIrNlC7QYyLtqQjLkwDFgSou8,good but malfunctioning sometimes,3,0,2533.100.16413,2025-11-25 16:12:37,We are sorry to hear that you are having trouble. We'd love to understand more and help you resolve the issues you are seeing! Please reach out to our support team at samsara.com/help and we’ll be happy to help.,2025-11-26 14:05:42,2533.100.16413,4,True
6734530c-8f7b-487f-a6d2-fd4a53fa46f3,Bettendorf Trucking,https://play-lh.googleusercontent.com/a/ACg8ocITWeD8-_vxOraQVdMKlfxZtViDGkrLP_PyIxIlfhhJs9NePA=mo,okay,4,0,2533.100.16413,2025-11-24 18:01:41,,,2533.100.16413,1,True
b349c058-cf3c-4a13-bb25-6303fc5694d0,Estevan G,https://play-lh.googleusercontent.com/a-/ALV-UjXOyvoUFL_WqZ33FuPVz88pfL037oW_8DTdk1Wk9xl4hqxM_z-7,take me to where of the upcoming traffic at events that's going on also helps me to do when I'm with my family and the other cars to be more cautious,5,1,2533.100.16413,2025-11-24 16:19:39,,,2533.100.16413,31,False
6a845191-f862-4758-99a7-f6f295de9e2f,Ali Syed,https://play-lh.googleusercontent.com/a/ACg8ocJ5WLugh5fpacuiSo5sat2xN-j1oa785Q3mYmGvc27L_FkgVw=mo,good app,5,0,2533.100.16413,2025-11-23 07:46:07,,,2533.100.16413,2,True
3de09438-8978-438d-be4d-548e61e60465,Bob Harvis,https://play-lh.googleusercontent.com/a/ACg8ocKR7kimnDaEhdZlGUjJJmUWJobEYln-oeUsN04M6WdBZyA0Ng=mo,better than other apps,5,0,2533.100.16413,2025-11-22 14:08:54,,,2533.100.16413,4,True
02461b7e-0ee9-494b-b471-69d799457eea,Michael Alexander,https://play-lh.googleusercontent.com/a/ACg8ocLgWjL1FmN0cQfLSGNo5W5hacXOSRtgltlmRq-QpdtSDenyTQ=mo,use for work,5,0,2532.100.16272,2025-11-22 01:21:13,,,2532.100.16272,3,True
27e288a3-4d3c-4f03-8ac7-034e60f9d23d,jairo osorio,https://play-lh.googleusercontent.com/a/ACg8ocJ51BR0ZaW--rFlg4vjZW-8nSJ3z544q_YAmLt7SKsFMdUn_w=mo,want Maps,5,0,2533.100.16413,2025-11-19 00:38:43,,,2533.100.16413,2,True
de40867c-df67-40b2-92d0-f2899f6b7c9f,John Connor,https://play-lh.googleusercontent.com/a-/ALV-UjVOZWT1yidIGEdE3RxSOWU7NRv8ksQwfyYMIJtMp1ps9PJz-blt6g,It's definitely going to make my way of driving safer with monitoring and correcting my bad habits. I'm not sure if I like that fact that it takes away from my privacy.,3,0,2533.100.16413,2025-11-17 14:14:02,,,2533.100.16413,32,False
3b5969c1-a040-4575-b993-e6c9243fb50f,Jose Rivera,https://play-lh.googleusercontent.com/a/ACg8ocL-Pq79_Gw0wmzq_IMwiVb56PLOWJJqUBYbQZQAV7ddK4CQQQ=mo,Love it Great....,5,1,2530.101.15482,2025-11-17 13:29:11,,,2530.101.15482,3,True
c5086e14-a424-446f-833d-cb75e9dcc72d,Raymond Luciani,https://play-lh.googleusercontent.com/a/ACg8ocJ4oFDJdNYAnq90rq835EFbdIYzBrBYdLV3QRVIbIATuogr=mo,the app seems to work very well for me,5,1,2533.100.16413,2025-11-16 06:16:23,,,2533.100.16413,9,False
c26262ca-59f6-428e-8515-a6b25030d846,Nathaniel King,https://play-lh.googleusercontent.com/a/ACg8ocIc3C15OFQYod0olD_fuh8X8381Al3BP7aXs6YqXur50rldRMM=mo,"Why do I get dozens of notifications a week warning me about time violations WHEN I'M ALREADY OFF DUTY AND HAVE BEEN FOR 3 DAYS?! I work 9-10 hours a day, 5 days a week, and have been since starting my job that requires this app. I've never been close to being in violation. Yet every single day 3 hours AFTER I've gone off duty it's yelling at me to go off duty. Fix your notification system!",1,2,2533.100.16413,2025-11-15 09:41:40,We are sorry to hear that you are having trouble. We'd love to understand more and help you resolve the issues you are seeing! Please reach out to our support team at samsara.com/help and we’ll be happy to help.,2025-11-26 14:04:28,2533.100.16413,77,False
4b8346ce-5d8a-4653-9708-f2ea0621af0b,peter,https://play-lh.googleusercontent.com/a-/ALV-UjUJ4K9Cy9dnXrYZo1fy-6p9gcaKdH4JitmmhwqW-2oce0Xwb5QzhA,keeping us safe 🙏 is definitely a great awesome thing,5,1,2533.100.16413,2025-11-15 04:55:37,,,2533.100.16413,10,False
0ced26ab-f7c5-4396-ba46-19a5ccbd5079,Wanda Fore,https://play-lh.googleusercontent.com/a-/ALV-UjXeIrLzccQZJbPVGABR39IFc0cGuEbv3TOQziJsxZHu7vxBQtY,Fuel is my only big concern 😔,5,1,2532.100.16272,2025-11-14 13:17:09,,,2532.100.16272,7,False
e3602109-287b-435b-9f89-54747174f64e,Love Music,https://play-lh.googleusercontent.com/a-/ALV-UjVcakpGax4DVAXsQ-mVGkQ24PNYa1axfjGLVkrpVESfHRo-8nl2,This app is cloned. Please remove all devices from this app.,1,0,,2025-11-14 02:21:20,We are sorry to hear that you are having trouble. We'd love to understand more and help you resolve the issues you are seeing. Please reach out to our support team at samsara.com/help and we’ll be happy to help.,2025-11-26 14:03:57,,11,False
d4f6b9ed-cbbe-4309-af5b-e0235c2a2e98,Gary Ross,https://play-lh.googleusercontent.com/a/ACg8ocJwlK8xzigD4_EQlFxQHjlR6ZFo31OHp38vPaS92NtLrIWypQ=mo,Easy to understand and very knowledgeable with compliance!,5,0,2533.100.16413,2025-11-13 07:29:47,,,2533.100.16413,8,False
b16417b3-ca1d-43c0-813f-582900c396c0,Kimberly Azabache,https://play-lh.googleusercontent.com/a-/ALV-UjVIJCvnV6UQxiJ7bVdyojfIbvw-3IXKN-BUjKE82QspYMkrLddbMw,the app continuously asks me to complete a DVIR when I've already completed one.,1,0,2533.100.16413,2025-11-12 17:23:00,We are sorry to hear that you are having trouble. We'd love to understand more and help you resolve the issues you are seeing! Please reach out to our support team at samsara.com/help and we’ll be happy to help.,2025-11-26 14:03:35,2533.100.16413,14,False
75d67fc5-0873-4f58-a46a-2f8bffef73f2,Adam Otero,https://play-lh.googleusercontent.com/a/ACg8ocL6QZJJK6M1reWq45EAV52r3gJeoQBPJn8ZtWdU5g3od0wArQ=mo,It's cool,5,0,2533.100.16413,2025-11-10 13:39:30,,,2533.100.16413,2,True
48dd7ddf-fd98-451d-a0d5-2ffdc080eccf,Karen Guthrie,https://play-lh.googleusercontent.com/a/ACg8ocKbobTDNwBTY_LAvCcJFAnEcBelojwLye0_F6paJ33MJm3Huw=mo,still learning to use app,5,1,2533.100.16413,2025-11-10 08:58:46,,,2533.100.16413,5,False
26caf0b9-758a-426a-92eb-ad0187df98c1,Juan 559 Fuentes,https://play-lh.googleusercontent.com/a/ACg8ocKqTZDeSEvdmZ5AXOqAkto7_1UaJ3okR99a3XU7mEll56nIkw=mo,works great,5,0,2533.100.16413,2025-11-10 06:14:49,,,2533.100.16413,2,True
0518d296-19a3-4efc-9702-a1a6db16f572,Isaac Saxby,https://play-lh.googleusercontent.com/a/ACg8ocLhvnbCExRM8ZcGH6rRXuxfaMaqEy1eIb2b0yB8-S8H7iJh-Q=mo,easy to work everything at your fingertips,5,0,2533.100.16413,2025-11-10 05:40:30,,,2533.100.16413,7,False
f9cba77f-7c3f-48e8-aa3e-2c8a2d3a3d79,John Bandy,https://play-lh.googleusercontent.com/a-/ALV-UjUvdEsCHPbJxTaNt0X03WP9GjqFgPXw_wHkK4JfGJCNhWlsV44C,"works great at driver's level. Admin level a little complicted, but doable",5,0,2533.100.16413,2025-11-09 08:25:44,,,2533.100.16413,12,False
df2a78f2-8ea4-4a3d-86db-6c3d031d5f13,GOVERNOR GREATHOUSE,https://play-lh.googleusercontent.com/a/ACg8ocKwgPcfoclhRlG6hDSskUrI95O7s3wgSkTll1YA2AS0caZjn8o=mo,A-1 Device,5,0,2533.100.16413,2025-11-09 03:06:28,,,2533.100.16413,2,True
b23bb3f5-77bc-4067-a6bc-fa98d1b819ca,Mario Benitez,https://play-lh.googleusercontent.com/a/ACg8ocLhwUm6ErhVlpZmrUGjIbTveoCaeyhHFwtSAO4Qe7KAKF44mA=mo,it keeps us safe on the road,5,0,,2025-11-09 00:04:06,,,,7,False
ef5b5085-bbfc-4e67-ac70-5adb60dbbb8a,James White,https://play-lh.googleusercontent.com/a/ACg8ocLblGhLZ1hQ4dqq2NDMK_4M16ZrBuxWotg0nl249hirl1Tp9g=mo,great,5,0,2533.100.16413,2025-11-08 22:16:56,,,2533.100.16413,1,True
696f1bf3-3a5f-456b-9227-d1026968a48c,edwin lai,https://play-lh.googleusercontent.com/a-/ALV-UjVG3FGxA1APH6RONOUp_PKFE_spfW2-qw_gaqUoJV3QXMV5QSXV,great app,5,0,2532.100.16272,2025-11-08 16:38:08,,,2532.100.16272,2,True
5df6b25f-157e-4011-bce6-ac5ad131cd19,Todd Henkelmon,https://play-lh.googleusercontent.com/a-/ALV-UjUzf7azz4KpQDvGLLfIwuBuKURfmKxeBmbX0HCRWasIfsb3M30,"It's very self explanatory, prompts are quick, effective. Best when used with a tablet for legible screen reading, cell phone is really small hard to read.",5,9,2532.100.16272,2025-11-08 10:48:18,,,2532.100.16272,26,False
23e78859-b7db-416b-bcbc-b7722e762b28,Fred Lagorce,https://play-lh.googleusercontent.com/a-/ALV-UjXtKnxOt_Mnpsph1FUxhLgxMeQQFwQcojSkINAYflUWWZv4mO5EbA,"Seriously, this app is legal!!!! Slow, inaccurate, unable to find the location, sometimes stays on duty even if you change it, unable to select a truck nearby even it you are in the truck 😂, what a joke app, there's plenty more.... Edit: after a few months it's still the same, no!!! it's worse, something off duty the app switches to driving then while driving it's off duty. Also the other day I couldn't go off duty and signed out!!!",1,11,2533.100.16413,2025-11-08 06:52:11,We are sorry to hear that you are having trouble. We'd love to understand more and help you resolve the issues you are seeing! Please reach out to our support team at samsara.com/help and we’ll be happy to help.,2025-03-09 23:45:27,2533.100.16413,80,False
19856f78-8b9e-42a5-b471-bbda4189fb7d,Jamel Harris,https://play-lh.googleusercontent.com/a-/ALV-UjU5IE_2-_P4xIYVrEHWWnuFKegpbepW7IW9BXek6DiztirnWVWs,💯,5,0,2532.100.16272,2025-11-08 02:42:35,,,2532.100.16272,1,True
f601f6fe-b627-4350-aae3-f4fdab19ac73,Elliot Nunn,https://play-lh.googleusercontent.com/a-/ALV-UjV7TT4fLsxg2uvC7ZEMKf7piGtOeuThiyZaFTra9G9bpJO1fNE,"samsara is an excellent app, keeps track of all your duties, also records all fuel receipts so drivers don't have to fill out reports at the end of each day. Great app",5,2,2532.100.16272,2025-11-07 20:40:17,,,2532.100.16272,32,False
1c22e69a-8bdc-46d4-864d-3fadfb80e4d4,Johann Schermacher,https://play-lh.googleusercontent.com/a-/ALV-UjWGyrh5jx8e3JnlwCur_fC_nG9xWral5yN-6S5-lI1dKav44yQ,"Great app, love it.",5,0,2532.100.16272,2025-11-07 16:56:45,,,2532.100.16272,4,True
f5a0f70b-30cf-42c5-8b1a-1f9ec7ac733d,Jeffrey Heberlein,https://play-lh.googleusercontent.com/a-/ALV-UjUUk1tUjTpn2FQk8D1MzrUTg4VwBwNDLJL9k24b3uPlflSdfc8,awesome job guys,5,0,2533.100.16413,2025-11-06 10:21:38,,,2533.100.16413,3,True
a3b23b85-5d70-4dce-80e3-d4e33e3cf9cf,JJ Dozier,https://play-lh.googleusercontent.com/a/ACg8ocL7rOTm_3PVTdRZHdtXXrEHnRTQ9UaeDjNHKNJsveZP4JVMbg=mo,much better than the peoplenet system we were using,5,0,2533.100.16413,2025-11-06 07:57:45,,,2533.100.16413,9,False
19955185-7885-43d1-85aa-6b7e0017b3de,Yo Minh,https://play-lh.googleusercontent.com/a/ACg8ocIX05nUuQEk9YDzzhU8szcp0eJYTbwYAerVKp36dRxEbbzNUQ=mo,Glitches constantly,1,0,2533.100.16413,2025-11-05 20:49:46,We are sorry to hear that you are having trouble. We'd love to understand more and help you resolve the issues you are seeing! Please reach out to our support team at samsara.com/help and we’ll be happy to help.,2025-11-26 14:00:09,2533.100.16413,2,True
30ca34a3-0676-41f6-8620-4549d852e6e9,Joseph Costi,https://play-lh.googleusercontent.com/a-/ALV-UjV7_qu3vJAkSZLuNlu1BP2bUUKKVvkSw_EEYT3iaMYPBWaDzLjh,Really good user friendly ELD system,5,0,2532.100.16272,2025-11-05 20:31:50,,,2532.100.16272,6,False
7abb3348-fb14-4020-ac29-93174dbb0fc4,Dale Penticuff,https://play-lh.googleusercontent.com/a/ACg8ocLE8ohOX4PS--R1ya498X_L8ZSuh1pZJiKjDjc3RgOs2q3ePQ=mo,good app.👍,5,0,2532.100.16272,2025-11-05 19:39:45,,,2532.100.16272,2,True
f2f18e75-0bd5-4071-b6ca-f159ff7ff271,Kenneth Brown,https://play-lh.googleusercontent.com/a-/ALV-UjW2KPc6RquSC0M-GkNJGbXDQWXQVMkDawmgUgkLQ9OTYaPslt_L,the lockout needs to be removed. driver should still b given the option to see there loads or daily logs.,1,1,,2025-11-05 11:20:19,We are sorry to hear that you are having trouble. We'd love to understand more and help you resolve any issues you are seeing! Please reach out to our support team at samsara.com/help and we’ll be happy to help.,2025-11-26 13:57:42,,20,False
7d55b034-0bfc-4739-a7c6-cbe15d8e3ed2,Mark Hammack,https://play-lh.googleusercontent.com/a/ACg8ocJY5Iv7I2kr-Zi3StBUPOOamATBseVsY1ODM2Cb_t7kqw_wGQ=mo,this app has helped me improve my on driving skills.,4,0,2532.100.16272,2025-11-04 14:34:21,,,2532.100.16272,10,False
c31afaee-f760-45b2-8445-2f2cf0776f70,JOEY CRONAN (2WHEELED AMBITION),https://play-lh.googleusercontent.com/a-/ALV-UjW2X49XW1LVYK6MQPa6E9qSkFj1MUY0Z49cIuEITRtoyqSvrOjI4Q,Samsara works flawlessly.... Love it,5,0,2532.100.16272,2025-11-04 14:02:27,,,2532.100.16272,5,False
8626f167-1b0e-4f0d-b987-37b3bef1cf4e,Edward R Young,https://play-lh.googleusercontent.com/a-/ALV-UjXYn-dYIsNp0-2RqHZHeeoWZ6HMTfvs5LFMesc13QwvL3HLPgdA,Great App 👍,5,0,2532.100.16272,2025-11-03 13:59:49,,,2532.100.16272,3,True
4dcd09a8-730e-40c3-b5c2-0caa483105e4,Dave Marshall,https://play-lh.googleusercontent.com/a/ACg8ocKAFac06jQuUYZnMB3uI805jazRprSU9tZGEMiTbQ_PDAD11g=mo,good format,3,0,2532.100.16272,2025-11-03 04:36:14,,,2532.100.16272,2,True
c1cae8be-c2ae-4879-b515-4f1166f05a63,Jay city,https://play-lh.googleusercontent.com/a-/ALV-UjWhUk4iEG4D9vG_hgsvuZl1NdHn0-a53mumexr-ntz-agQPU9j4MA,awesome app to use easy to navigate,5,1,2532.100.16272,2025-11-03 01:42:49,,,2532.100.16272,7,False
15c6584d-bbde-4a1e-a553-8fec2cbf205a,Vicente Gutierrez,https://play-lh.googleusercontent.com/a-/ALV-UjWdEkZO9bAi-8R0v4_jYIbM6fpjbDkMi5HB2QYEktpLCHjrnWwu,"its great, easy,",5,1,2532.100.16272,2025-11-02 22:33:01,,,2532.100.16272,3,True
74dace23-d3a7-40c7-86bd-a559ab737152,Brandon Antrim,https://play-lh.googleusercontent.com/a-/ALV-UjVf9LMNXB3RljSz-MuoJVg7xzuESKYRpZaOVZaVQKOu1G9lThQ,App seems harmless. works great. Don't install on personal phone. wouldn't recommend it unless your company respects your privacy.,4,0,,2025-11-01 23:18:36,,,,19,False
d0b65ab1-d93c-4426-8bc0-dd2671411e88,Frank Leonard,https://play-lh.googleusercontent.com/a/ACg8ocKmT7DEKx82xe4E8EaHldUWiFgCXGdICh_OViq4zNSFlkzTxg=mo,"seems to work real good, especially in areas that have no data coverage.",5,3,2532.100.16272,2025-11-01 05:20:07,,,2532.100.16272,13,False
99a6393d-f056-405c-9353-b07b63a451c1,Semi Crusader,https://play-lh.googleusercontent.com/a/ACg8ocKk0gEwdlr83Y9RU3lW2wpHmrxbiNGJ7S5EHeZoZpQcLGrLpkM=mo,"The app has gone to complete trash, due to their last update. it Causes me to wait about three minutes for it to ""circulate"" and refresh, just so I can change duty status. my tablet is completely optimized. it is up to perfection! do not even attempt to try and blame it on the tablet. i have 0 problems with any other app that is on my tablet. To the developers: don't bother responding to this message suggesting to send feedback, as I have already done that. this app has gone down the tubes!",1,4,2532.100.16272,2025-10-31 18:43:22,,,2532.100.16272,94,False
c00373f8-289d-4d39-89db-b638c56691b1,Oved Jacobson,https://play-lh.googleusercontent.com/a-/ALV-UjXWRnTporIopMYnZsLrMBOkFMQ1Ff8JQ7xNBb4YJFSMf-DrSNep,great service great ap,5,0,2532.100.16272,2025-10-31 17:28:29,,,2532.100.16272,4,True
e263f871-218c-4b0e-b7b5-bee1387a1c4a,aubrey mcknight,https://play-lh.googleusercontent.com/a-/ALV-UjXtyQLiiVHISwblt4Vk0xMeMAMVI61RUBq2oIQcM1GurBy8xa128w,Easy to use! and very detailed,5,0,2532.100.16272,2025-10-31 11:00:38,,,2532.100.16272,6,False
792febd7-0100-4a04-b85c-cd16d5775a36,Christopher Canny,https://play-lh.googleusercontent.com/a-/ALV-UjWn1HprEUj4o94wIHEg_prVh07FhRLPHSw2AEWZz0HVHpRsnFGAYQ,I never give high ratings to apps that keep popping up asking for ratings.,3,0,2532.100.16272,2025-10-31 10:10:45,,,2532.100.16272,14,False
311aa3a5-c6c9-483b-a95c-b5d87a15ee02,Mike Arseneault,https://play-lh.googleusercontent.com/a/ACg8ocJO8EGhlD4fBE1knnDu2yUWkD2bNVB4SwWiWEHhItsTo5Sn6w=mo,"Excellent, easy to use app. I've used a few different Elog applications. Samsara is #1 in my book.",5,0,2532.100.16272,2025-10-31 07:00:15,,,2532.100.16272,18,False
6a62ae2b-e23d-4a25-b5a3-12c92424bdd8,Chris Duvall,https://play-lh.googleusercontent.com/a-/ALV-UjVjHGU9Adjr1Nmcdfjp26TwQSgeIvRHW6YreLvPP2DhHdVUTULa,it works well,5,1,2532.100.16272,2025-10-31 05:49:06,,,2532.100.16272,3,True
d70bfc88-fade-4878-8985-0ba92b16d470,gt40hwy1 “MeRafaelV”,https://play-lh.googleusercontent.com/a-/ALV-UjXF-Z_Qa2wQ8kJ9_kDdobm8StNQj5APxnaXH4jweEyuPn6E8OIH,I like that it keeps all the record straight as well as being very easy to use,5,0,2532.100.16272,2025-10-31 04:40:02,,,2532.100.16272,17,False
9acf9eb1-3f03-4a0a-a2db-9e2c9f83e0f7,Ray Campbell,https://play-lh.googleusercontent.com/a-/ALV-UjWFraxeKHYyzBEDztJbMXCNSi20GC-hlbzOdeTme6fdA0266QPs,Works mostly well.,4,0,2532.100.16272,2025-10-30 16:33:19,,,2532.100.16272,3,True
ca547421-db1a-4e89-815c-de920f683edb,Gary Francis,https://play-lh.googleusercontent.com/a-/ALV-UjUcD1atozINZxyCUpgT2TsEppKBmGEO5_ta94aBZ9okiKTmDeTB,it teaches professionalism on the road. very educational.,5,0,2532.100.16272,2025-10-30 15:16:42,,,2532.100.16272,8,False
da634f25-c5eb-44c6-965d-ccdd8d53e4ae,Alpheus Joseph,https://play-lh.googleusercontent.com/a/ACg8ocJxngKtzR4RbQl-B8TGPJvyaiXirWzrbtrbchqyJEcAry_o5QM=mo,I think the Samara app is a good system pertaining to cdl driving,5,0,2532.100.16272,2025-10-29 14:23:27,,,2532.100.16272,13,False
3f3cf711-f21f-4763-86e8-b096e11fc61d,Lawrence Quirk,https://play-lh.googleusercontent.com/a-/ALV-UjVqAFyiNf4alRXAzj5ik7wynvfgtn7sKsJKxEoUDIhIhbgPz_vC,Samsara ELD and the dual-facing dashcam are both garbage. The ELD barely functions properly. And the stupid dashcam (specifically the inward facing camera) can't seem to recognize that I'm wearing my seat belt. Even though it is clearly across my chest.,1,1,2532.100.16272,2025-10-29 11:07:31,We are sorry to hear that you are having trouble. We'd love to understand more and help you resolve the issues you are seeing! Please reach out to our support team at samsara.com/help and we’ll be happy to help.,2025-11-26 13:56:18,2532.100.16272,41,False
d89aec07-9b6f-4634-8134-55e7b0f5cfbf,Virgil Clark,https://play-lh.googleusercontent.com/a-/ALV-UjXOfUJy-2m5lSvxGYrnGdQw74x5NtmnyNNVnsLAtA7nHZuqs6QO,"keep restarting while you are logged in, and kicking you out.",1,0,,2025-10-29 10:50:38,We are sorry to hear that you are having trouble. We'd love to understand more and help you resolve the issues you are seeing! Please reach out to our support team at samsara.com/help and we’ll be happy to help.,2025-11-26 13:55:34,,11,False
d65f35f3-e28b-4526-9b89-def60352ac80,Marc Cannady,https://play-lh.googleusercontent.com/a-/ALV-UjXo8DZcrqxLHvzf44dz8dLYj8s19v8lz6cvAzlFqi4wRln-HGBu,this is an extremely poor functioning application. eld. pure garbage. only way to get an accurate change of duty is to force stop the damn thing and restart it. that doesn't always work. the geniuses in tech support will tell you to sign out of it and back into it. doesn't work. this company is valued in the billions I hear. this is so stupid! Samsara sucks!,1,0,2532.100.16272,2025-10-28 12:21:07,,,2532.100.16272,67,False
e48d9624-1ba4-4b2f-86a1-5a918cb0a1b7,Deepu,https://play-lh.googleusercontent.com/a-/ALV-UjXiqs-UBQKvPRo0u8DpgQ-k5s57ukHMEyjpcCARr95YhVRq3n-4,This app is not working — it’s stuck and I can’t tap anything. please fix it,1,0,,2025-10-28 07:13:36,We are sorry to hear that you are having trouble. We'd love to understand more and help you resolve the issues you are seeing! Please reach out to our support team at samsara.com/help and we’ll be happy to help.,2025-11-26 13:55:10,,16,False
07a499cc-4758-461c-a946-103dd0b60d04,Pamela Ash,https://play-lh.googleusercontent.com/a-/ALV-UjXCovw3C5gCpuyxbDA_CMbIOW07oe9nH9SuvEPMUEsYN2IogdcI,the new update has messed everything up I can no.longer change duty status,1,1,2532.100.16272,2025-10-27 22:14:17,We are sorry to hear that you are having trouble. We'd love to understand more and help you resolve the issues you are seeing! Please reach out to our support team at samsara.com/help and we’ll be happy to help.,2025-11-26 13:54:47,2532.100.16272,13,False
2b30bd52-7535-4865-bca8-f2ae0a863f22,Ognyan Varbanov,https://play-lh.googleusercontent.com/a/ACg8ocLHxJ959VDqcgCkpH519Je3OsW7WVTxxgGJDMYN5_y-n3k17A=mo,"DVIR could be renamed to PTI. We still say more often PTI than DVIR. If notifications for remaining driving time could have a strong sound, to remind us, not just to pop up on the screen.",5,5,2532.100.16272,2025-10-27 15:54:23,,,2532.100.16272,36,False
325f2e34-8d6f-435d-8473-d4d4073f7853,Sagi Waroczyk,https://play-lh.googleusercontent.com/a-/ALV-UjWkhJoNhOuPGSygaiXJaL3qG65WXhbg8sfFLDlkrU6KjR1zeMjy,Great and comfortable LED app. so easy and driver friendly.,5,0,,2025-10-27 07:48:02,,,,10,False
824381bf-dd5e-4da4-86c7-e2453b554d06,Carlos Pires Sr,https://play-lh.googleusercontent.com/a/ACg8ocIWCHgC6D0UkLH8pOJhc-rLL9yEGHkbC0YmdsnmquM3H6rUEg=mo,east to use,5,0,2532.100.16272,2025-10-25 13:48:08,,,2532.100.16272,3,True
1c451056-447b-4d53-a1a2-655ad84792c4,Johne Lexter,https://play-lh.googleusercontent.com/a/ACg8ocKXIGg4jWwQv2y5LJ_fxrTuzxqB4PKntX_zGCUk0_ni8HclXw=mo,This app is easy to use.... cameras are sensitive don't know if that's an admin problem but the log book is definitely on the driver's side if you learn how to use it.,4,7,2532.100.16272,2025-10-25 10:01:54,,,2532.100.16272,33,False
8e644c3e-1766-4e10-be32-0a51ce404522,John Jones,https://play-lh.googleusercontent.com/a-/ALV-UjVS83zyXXsIR4115J_IeurmMzRnOOrlnykb3W8IE_uE7qbZ3-To,easy to use,5,0,2532.100.16272,2025-10-25 05:18:38,,,2532.100.16272,3,True
2cda3e2c-8418-42b2-8ebd-e2f3c59dcd98,Omar Maxwell,https://play-lh.googleusercontent.com/a/ACg8ocJl1DEjOdvb-Hgt00PAsAduqtDnOM5I8TVlnTx34DSLlbnT6g=mo,awesome..easy to work with..,5,0,2532.100.16272,2025-10-25 04:02:20,,,2532.100.16272,4,True
7a854b76-646f-4192-88c6-62a8cf0936a1,Lamilton Bennett,https://play-lh.googleusercontent.com/a-/ALV-UjXQzbMwvtaiTJkJZLQxdWntGXsraN1GrAnBxSW9Unnw1lqSWYk,great app for trucking company. very easy to use,5,0,2532.100.16272,2025-10-24 23:56:58,,,2532.100.16272,9,False
d8ad320a-4fa0-44a0-a303-3a5fd03a494b,Corey Sab,https://play-lh.googleusercontent.com/a-/ALV-UjUjHHkpBi7fCL5WHdw8cmR2zEHIaW5Zgdnd4HaP5XKHo3CAot4,Super easy to use. saves time and stress,5,1,2532.100.16272,2025-10-24 19:17:22,,,2532.100.16272,8,False
c8dc5cf1-9bc5-4989-8484-c550017927f4,Anthony Randle,https://play-lh.googleusercontent.com/a-/ALV-UjUYkPnc338usdmrItbH3IzLUEEvqKm5Kq5P30Fl9EEFEFPSmv2huA,good app,5,0,,2025-10-24 19:07:43,,,,2,True
520fcae8-2f92-4843-8f53-512748093bcf,Tim Taylor,https://play-lh.googleusercontent.com/a-/ALV-UjVdp5rM364r9E2zGWHU369gO8OB49tIs2Jj6MfnqoJNlrRF7U0Dmw,easy,5,0,,2025-10-24 18:49:37,,,,1,True
8ab746c1-af02-4330-aa91-ba1037cd054e,Bulmaro Bargas,https://play-lh.googleusercontent.com/a/ACg8ocKhqmUtgxK2m5B4sI-T7bPSURsGKY9IgUpgGUsmofrYfzdf=mo,I Love it,5,0,2532.100.16272,2025-10-24 18:47:44,,,2532.100.16272,3,True
ee77638a-a1cc-43c8-8f95-8b942ede441d,Michael Gregory,https://play-lh.googleusercontent.com/a-/ALV-UjXZ1dXN9c0VRURZ0mmvi9_fjU0PjnVY_B2URqGtTao-6-9Infy0HA,ok,4,0,2532.100.16272,2025-10-24 18:14:20,,,2532.100.16272,1,True
f99b027d-6c3c-404d-b9ca-8c1277d20929,Ranjeet Mangat,https://play-lh.googleusercontent.com/a/ACg8ocIdrIE2sx2IcJ-o_r0Yt0R_F1_STuj_gTEsiDF2LL4Loj2G0g=mo,good,5,0,2532.100.16272,2025-10-24 17:55:28,,,2532.100.16272,1,True
47f5a1d3-a6d4-44bf-bb4c-ad7244d4e98b,LAPU LAPU,https://play-lh.googleusercontent.com/a-/ALV-UjV7-TS-PH6MspgKD-fHK5eBJahyIu6NmtC_xsvOFJnoar29lfcB,I'd give it 5 stars if it had one more future which is ( personal convenience ) like after work and off the o'clock using the truck to get food or anything else so it doesn't count as off duty but still driving,3,2,2532.100.16272,2025-10-24 17:43:56,,,2532.100.16272,43,False
45887e22-7651-4a2e-86d5-1114d9e55f85,Billy,https://play-lh.googleusercontent.com/a/ACg8ocLmM-SJAmQH_XPzBOFN5jk9XUQF_EeISZVwv7swYEmVZPsdsA=mo,It's a great app and very easy to use,5,0,2532.100.16272,2025-10-23 15:57:39,,,2532.100.16272,9,False
06205aba-e4ca-4e0c-9062-c94a09a6b1cb,Chris Jackson,https://play-lh.googleusercontent.com/a-/ALV-UjWAc7jbDt-g_ioD1XeOFWOA0SzYAioVkf0I-xbFMwMcQgeaYNvf,"This app never updates the location.You always have to put it in manually.Which can mess up your logs if it doesn't update in time.It caused me a violation one day cuz.It showed, I had all my drive time and breaks taken correctly.So I knew about what time I had to stop and had it programmed in with at least an hour.And a half to spare well about an hour away from my delivery.I get the message that I have already violated.",2,2,2531.100.15946,2025-10-22 10:43:11,,,2531.100.15946,81,False
f324ede6-110b-49d9-a8ce-6c69b04b4a65,Pawinder Mann,https://play-lh.googleusercontent.com/a/ACg8ocIC4mIlkWMJ-XL7Q_2RTHX2dvfIwiw5gCtzYkJV5_zd3kcRYw=mo,"can't select assets, garbage app",1,1,,2025-10-22 06:47:36,,,,5,False
9591f0f8-0686-498a-b90a-33ef30caa7ee,James B,https://play-lh.googleusercontent.com/a/ACg8ocJzdbMEPDqhMjLZTS1UFVa86gEbWjFJtUHjMoZJ9Cwr7N0Kmg=mo,it makes everything easier for the driver,5,0,2531.100.15946,2025-10-20 11:12:49,,,2531.100.15946,7,False
b00950b5-e24f-40e7-8d4d-bfde30bdf37a,Patrick Ayers,https://play-lh.googleusercontent.com/a-/ALV-UjW7M6ahTKuFyMbk7Tb4i1KNUgJg4qWHCJB3CPbeAK3m3lwK1wOpzA,"newest update is awful. front page is cluttered. you used to be able to sign in, log into your vehicle, go on duty, and start DVIR from one place. now its messy and things are hard to find. hate hate hate it",1,1,2531.100.15946,2025-10-19 14:12:22,,,2531.100.15946,42,False
cc1c26d1-b79b-4ead-a055-a35ccd4b0035,Douglas Emery,https://play-lh.googleusercontent.com/a-/ALV-UjV6uTryJxBbZXqnnWysC1uJrm19jUAIIuGX37lU6AdtMOfmRSvd,"It can be buggy. Uninstalling and reinstalling can fix some things. If it doesn't, then connect your device to Wi-Fi and see if that clears it up. For example, if you see a message that states ""saving your changes"" and it seems like it's saving forever, you need to connect your device to Wi-Fi. Unfortunately, during this time you will not be able to see future or past loads. Another bug, the nav buttons in the upper left and right corners don't always work.",3,2,2531.100.15946,2025-10-17 19:22:44,,,2531.100.15946,84,False
c97333f5-0377-4759-8c28-223e3aa40de0,Andrew Duffey,https://play-lh.googleusercontent.com/a/ACg8ocI8u2SorfX5ffkYlMRC7u2zZNvxg65vjWBpSi_52nJFEXDrDw=mo,Easily the worst ELD I've ever been forced to use.,1,1,2531.100.15946,2025-10-17 03:17:36,,,2531.100.15946,10,False
8e85338d-057a-41ca-86c3-4ef0455a7894,Leigh Boling,https://play-lh.googleusercontent.com/a-/ALV-UjVc6CV5H4WqlJoV1cVQuDnewmmJzca6z7ddF099QB61ZKznJXWqLw,"no future loads show, Operation on dispatch side doesn't coincide with driver operation. it's not user error, it's an annoying flaw in the software. drivers see finished locations and info under shipping ID and it's a hassle to remove each item (after it was already removed once). when a driver arrives and selects arrive, dispatch sees load complete on their end and removes load info. THIS SHOULDN'T HAPPEN. expensive system kills your paying accounts. AVOID",1,3,2531.100.15946,2025-10-16 14:39:39,,,2531.100.15946,75,False
4dca4b41-baea-42db-8f50-3d863b64f7e1,Ron Cheney,https://play-lh.googleusercontent.com/a-/ALV-UjUOTiqQ_ygl7_Q1uCYdB3AwTPiWV2T7dD3FboqyxW1K8ex1nflG,I have used people net love using on my phone to do my logs,4,0,2531.100.15946,2025-10-15 21:24:02,,,2531.100.15946,14,False
5b570188-9330-4e07-ba3c-5586339e3b45,Chika Vin,https://play-lh.googleusercontent.com/a-/ALV-UjU843aj65wi6mCFsJqES9fQYH5fP_fZLuBvkVqvjZFja6BidS21,"Great product. been using it now for about 2 years, its very easy to use. It's on the expensive side, but what isn't this day! good product. I like it",4,0,2531.100.15946,2025-10-15 13:11:58,,,2531.100.15946,30,False
ff66e71c-2854-401a-a438-c69437180c87,John Long,https://play-lh.googleusercontent.com/a-/ALV-UjVlfAI8zFVKUn5Z3gOSSfjk4izuwaK00cjvpAu4JktICi76KAms,"This app has a lot of issues...Mainly, having to delete and reinstall it all of the time..I'm constantly having to do that to keep up with my company's clock a few hundred miles away.Its definitely a flawed app.",2,2,2531.100.15946,2025-10-14 12:24:29,,,2531.100.15946,38,False
458b1dc6-4a0e-4110-bab5-cbb25ffa4953,Johnny Bazen,https://play-lh.googleusercontent.com/a-/ALV-UjVq20yToqKDg65LzDNTCFfTH9x3ooLOKjGgJNZsek2fDCcXWBA,Dull drab and lags,4,0,2531.100.15946,2025-10-12 08:38:05,,,2531.100.15946,4,True
10a395be-6dd4-4030-a902-1c86c1cf1acb,Neil Blair,https://play-lh.googleusercontent.com/a-/ALV-UjWUCQSBQCRL0MgrxpX0lWBlhY6mgLC_2Kfi8Sys_YWVd3mKayDN,I love this app compared to the old systems,5,0,2531.100.15946,2025-10-09 22:08:11,,,2531.100.15946,9,False
79e67473-5c60-4a87-a721-eac0b07c3b92,Darin Norgaard,https://play-lh.googleusercontent.com/a/ACg8ocLFwGU2wh3V3fbJLMkLFior-Px8mIRg0Puz13AijOe91nFV_A=mo,love it,5,0,,2025-10-09 19:08:44,,,,2,True
b9e86671-27df-4d6b-a3bf-72397ab79865,taylor,https://play-lh.googleusercontent.com/a/ACg8ocK8ktKtGF6iISq-BKjSrFk0ZGpTgMOMwRe0JmfWaLpcE9f3=mo,most recent update causes app to hang for 10 sec or more every time you open app or pull it from background. extremely slow to allow personal conveyance option and even slower to allow you to end personal use.,1,3,2531.100.15946,2025-10-09 19:07:01,,,2531.100.15946,39,False
4ec7dae4-8036-4bc1-bbd4-b8030e10c45a,Dave Demopoulos,https://play-lh.googleusercontent.com/a/ACg8ocKCn4d9LaP8j3oJMYcUFrIMAh05WtkrykgHapH0AVAOVWYj8Q=mo,Needs a ton of work!,1,1,2531.100.15946,2025-10-08 06:38:00,"Hi Dave, we are sorry to hear that you are having trouble. We'd love to understand more and help you resolve the issues you are seeing. Please reach out to our support team at samsara.com/help and we’ll be happy to help.",2025-10-08 15:24:05,2531.100.15946,5,False
25ca8ca4-600c-4708-bd50-aa7c55aa14ce,Anthony Robinson,https://play-lh.googleusercontent.com/a/ACg8ocLlhVzam5NTX7m1J8Eg2Vk846tatJSoGc7tdvlljob_sVFERQ=mo,"horrible, disrupts every other app and phone data. have to reboot the app or phone 10-15 times in an 11 hour work day. horrible",1,3,2531.100.15946,2025-10-08 01:35:25,"Hi Anthony, we are sorry to hear that you are having trouble. We'd love to understand more and help you resolve the issues you are seeing. Please reach out to our support team at samsara.com/help and we’ll be happy to help.",2025-10-08 15:23:50,2531.100.15946,24,False
736af914-5fc6-413f-a9e9-971792f6c1a7,Fernando Martin,https://play-lh.googleusercontent.com/a-/ALV-UjUfg1qTVeyJKn4xNJY9OOif7VdSzpFqANoELQfPY-R_UFj8sNU-CQ,"The app is ok, but it needs a home button for any point when in use.",3,0,2531.100.15946,2025-10-07 21:24:33,,,2531.100.15946,16,False
2499fc54-5d14-407d-beec-cc97f645bfd3,zaria,https://play-lh.googleusercontent.com/a/ACg8ocJ8ojOfa1IrbvsiwRhEbYbFUPNJLOWQ2jqCzZjKOtHs2-t3rA=mo,New update no longer allows you to copy and paste. Also you can no longer scroll effectively without it going super fast,1,1,2531.100.15946,2025-10-07 20:37:56,We are sorry to hear that you are having trouble. We'd love to understand more and help you resolve the issues you are seeing. Please reach out to our support team at samsara.com/help and we’ll be happy to help.,2025-10-08 15:23:29,2531.100.15946,22,False
92fb5953-5539-4255-aead-77c27f992c6b,Anthony Wright,https://play-lh.googleusercontent.com/a-/ALV-UjXcB_ACa1fiDHgA0fUtoQSlHmZFFdsG4LoHejEeeRj9e8XAPwQF,for the past month it has been nothing but issues,1,1,2531.100.15946,2025-10-04 11:15:42,We are sorry to hear that you are having trouble. We'd love to understand more and help you resolve the issues you are seeing! Please reach out to our support team at samsara.com/help and we’ll be happy to help.,2025-10-06 15:11:29,2531.100.15946,10,False
de506cc7-fa49-43f8-80a9-bd4d3e679bfa,Dirty Talk,https://play-lh.googleusercontent.com/a/ACg8ocJs20-uAWW7hEJJHQyYG2BNkYx4M2aAnO-1I1MBdNT-VUZnFg=mo,App keeps kicking me out of sign in for vehicles assigned to me.,3,0,2531.100.15946,2025-10-03 23:25:49,We are sorry to hear that you are having trouble. We'd love to understand more and help you resolve the issues you are seeing! Please reach out to our support team at samsara.com/help and we’ll be happy to help.,2025-10-06 15:11:22,2531.100.15946,13,False
775bd26b-2cbb-49e7-9b5c-2834a4157c23,Harnek Singh,https://play-lh.googleusercontent.com/a-/ALV-UjUInbsfFMjgSmk3LqYdFl-VA264PwfcHJ50sTZhscykivgoyieLdA,"Most "" BAKWAAS & THE MOST SLOWEST APP "". If available, I would like to give -5stars. Scrap.",1,0,2531.100.15946,2025-10-03 12:28:24,We are sorry to hear that you are having trouble. We'd love to understand more and help you resolve the issues you are seeing. Please reach out to our support team at samsara.com/help and we’ll be happy to help.,2025-10-03 10:56:00,2531.100.15946,18,False
99768a62-149f-4375-b88c-9c102332b578,Hestings Chime,https://play-lh.googleusercontent.com/a-/ALV-UjVS08Q-oaY3CHw3Nt6BjVcG8JTdI6uzNhjm-Phd2w4SxZVb3jFZ,not interested,1,0,,2025-10-03 11:46:29,We are sorry to hear that you are having trouble. We'd love to understand more and help you resolve any issues you are seeing. Please reach out to our support team at samsara.com/help and we’ll be happy to help.,2025-10-06 15:10:13,,2,True
4f0dc088-ad4b-4e2f-ba51-e91004dfce06,Paul Robertson,https://play-lh.googleusercontent.com/a/ACg8ocJIckYfCzcz1wYBy5zA0CD0rlWUAEZf7hlhW1fCivHLU7T7Fg=mo,easy to use,4,0,2531.100.15946,2025-10-02 13:27:19,,,2531.100.15946,3,True
9cbcac48-ecad-4b5a-98a2-f3693bfc7150,Joren Gibler,https://play-lh.googleusercontent.com/a/ACg8ocJk5QdAhybOSOYPLfZyLDeo9PqMYemVkGP4QeIc5IuP2OojyFpk=mo,half the buttons do not work.,1,0,2531.100.15946,2025-10-02 08:15:28,We are sorry to hear that you are having trouble. We'd love to understand more and help you resolve the issues you are seeing! Please reach out to our support team at samsara.com/help and we’ll be happy to help.,2025-10-03 10:55:51,2531.100.15946,6,False
2c87617f-a141-438a-8030-161b2e31c5c9,Joe Church (HoBo Joe),https://play-lh.googleusercontent.com/a-/ALV-UjX_AyJYgqOsSfgyP4ptRXTPgiQo5vmNv_vVssMfVxxp3UVpVoxF,straight up resource hungry app. I have it running on a brand new Samsung S9FE and it lags so bad. it destroys the ram in your device . other than that it has some bugs like doesn't know where you are sometimes doesn't track your speed correctly sometimes is definitely unpolished outside of the UI,2,3,2531.100.15946,2025-10-01 19:18:39,We are sorry to hear that you are having trouble. We'd love to understand more and help you resolve the issues you are seeing. Please reach out to our support team at samsara.com/help and we’ll be happy to help.,2025-10-03 10:55:30,2531.100.15946,55,False
8cfbbca6-dfb2-4649-a09e-ebfaeca1c2a2,Ken Duxbury,https://play-lh.googleusercontent.com/a/ACg8ocJmbuXlEnxR5ft3sRtLIcCmzme47nomU99YAOIqZOJboeGSwg=mo,Why do you always have to be making changes to the app? I used to be able to select and copy text from the messages so I could transfer addresses to my GPS or load numbers. now you can't select text in the messages for some reason. Tell your CEO you don't have to constantly change the customer facing features in order to make progress. All it does is make your current customers pissed off. fix the back end that makes it freeze for a couple seconds every time you open it from the background.,1,4,2531.100.15946,2025-10-01 12:32:17,"Hi Ken, we are sorry to hear that you are having trouble. We'd love to understand more and help you resolve the issues you are seeing. Please reach out to our support team at samsara.com/help and we’ll be happy to help.",2025-10-03 10:54:58,2531.100.15946,95,False
8ed59ce9-a8c1-42cb-9011-48b5003c567d,Charls Trickel,https://play-lh.googleusercontent.com/a-/ALV-UjUJfQtTPJIV4WcpGryDD-rDg_VGiorVpndXzQ7qFLtbpKt-XFwEGw,Designed by people who have probably never driven for commercial purposes.,1,1,2531.100.15946,2025-09-30 19:25:19,We are sorry to hear that you are having trouble. We'd love to understand more and help you resolve any issues you are seeing. Please reach out to our support team at samsara.com/help and we’ll be happy to help.,2025-10-03 10:54:09,2531.100.15946,11,False
81c38011-e872-42a0-9b43-f848d8f94321,Juan Andrade,https://play-lh.googleusercontent.com/a-/ALV-UjVYG1y_4jkPkdeoQhg_4POZRqX7Oxd7rkjydfZ3ShoUh7R3rxI,Easy to use,5,0,2531.100.15946,2025-09-30 18:23:44,,,2531.100.15946,3,True
96e0724c-68e3-4cd4-a6a8-e2a7b87c7834,Joshua Miles,https://play-lh.googleusercontent.com/a-/ALV-UjUB884_W0o33xwGTwk5d0XD8xE0ec6s6ajc_dtDYXFgiTTDE8M,"consistently gets worse. on our company tablets it constantly crashes, on my phone as of today I can no longer copy text from within the apps messages. I am seriously considering quitting the company I drive for JUST because they use this trash.",1,3,2531.100.15946,2025-09-29 16:26:58,"Hi Joshua, we are sorry to hear that you are having trouble. We'd love to understand more and help you resolve the issues you are seeing. Please reach out to our support team at samsara.com/help and we’ll be happy to help.",2025-09-30 15:36:39,2531.100.15946,43,False
de392baa-f431-47fc-b027-881e3ef06f1a,Pat De Luca,https://play-lh.googleusercontent.com/a/ACg8ocLRSlioBNUb0aOh2OHLDiuZ-NbQ84-OkzNku_5HsT8-UZe1cA=mo,there is no more flash when taking pictures as I take them during the night.,2,1,2531.100.15946,2025-09-28 23:32:20,We are sorry to hear that you are having trouble. We have recently deployed an update that resolves this issue. We recommend updating your Samsara Driver App to receive this fix. Please reach out to our support team at samsara.com/help and we’ll be happy to help.,2025-09-30 15:32:23,2531.100.15946,15,False
32d7f998-ebea-4de6-9583-a27108ceb8a8,Kirk Addison,https://play-lh.googleusercontent.com/a/ACg8ocKokYiUPIv8xkOGLPcrDCoxPDwDEHlTPRsT691DJx0o544p=mo,samsara sucks!,1,0,2531.100.15946,2025-09-28 13:15:08,,,2531.100.15946,2,True
d33c1b77-1955-47a7-8451-398a593d7a21,Dan The Driver,https://play-lh.googleusercontent.com/a-/ALV-UjWG1srjgmFJrmA7p31JHImALkzyNawp5G2cf86GzQy17rXIkAdc,Takes up to 5 minutes to load when starting my shift. You just stare at a blue screen with their logo on it. Constantly malfunctioning and cannot edit. Dropping rating from 2 stars to 1. Drive time is our livelihood and when the app messes that up it risks our jobs! App is a poorly designed as the legislation behind it. This is what happens when politicians create laws about things they have no understanding of.,1,10,2531.100.15946,2025-09-27 19:27:12,We are sorry to hear that you are having trouble. We'd love to understand more and help you resolve the issues you are seeing. Please reach out to our support team at samsara.com/help and we’ll be happy to help.,2025-09-30 15:35:52,2531.100.15946,76,False
5dc0cbd1-8843-4c30-8f46-e9654d9e253c,Todd Kantor,https://play-lh.googleusercontent.com/a-/ALV-UjX-wYWv_E97FP38ULQM8lvXpOl8kigTsVDlA7xv9a_8Ln9tLvRG,absolutely trash.,4,0,,2025-09-27 13:25:56,,,,2,True
b85118d7-f071-44b9-8c8d-5bfd1748ede4,E!!! myr9090,https://play-lh.googleusercontent.com/a-/ALV-UjUACul5PDIkioJRi-9QK7rDO01NmjW4lhOi_od6kXKurbgEwtJQ,a bit slow what agrivates me is say a post trip DVIR I accidentally exit I have to start all over,4,1,2531.100.15946,2025-09-26 20:01:52,,,2531.100.15946,21,False
f820c3a0-217a-4192-958f-28da6a4da739,Arnold Hinrichs Quiros,https://play-lh.googleusercontent.com/a/ACg8ocKQwT80UHwIorAVvbJsA1nfii2Aq9iWFBFIULwb_OzPQH1Lrw=mo,Easy enough to use!!,5,1,2531.100.15946,2025-09-26 17:58:53,,,2531.100.15946,4,True
753e3634-2847-42ee-9c89-65ac527fd023,william yohn,https://play-lh.googleusercontent.com/a-/ALV-UjWLzKkwWYaMKE24LHQHSFVx7LB-MXVTU3_SSJdX206yNkqK1ojp,"Sick of your trash software flagging me as drowsy for no reason. ""Take a break"" STFU",1,0,2531.100.15946,2025-09-26 06:24:33,"Hi William, we are sorry to hear that you are having trouble. We'd love to understand more and help you resolve the issues you are seeing. Please reach out to our support team at samsara.com/help and we’ll be happy to help.",2025-09-26 15:38:45,2531.100.15946,16,False
c26e7c9d-6cee-49b3-8524-0c734aee1b21,Dustin Walsh,https://play-lh.googleusercontent.com/a-/ALV-UjVMRC6ANC-o-vffua3L10_QpA_BxpdHI4VUHPPbL7ZXQS2V326NRQ,Need to fix bug where camera button disappears whenever an update gets published,1,0,,2025-09-25 14:08:51,We are sorry to hear that you are having trouble. We'd love to understand more and help you resolve the issues you are seeing! Please reach out to our support team at samsara.com/help and we’ll be happy to help.,2025-09-26 15:38:25,,13,False
034ab405-27f9-4260-88f2-2bee49847720,Greg Bermea,https://play-lh.googleusercontent.com/a/ACg8ocIakezGgmwZKfqCbf59dD4m3qv5lES3nHHjmZvqlcf1j4t6FQ=mo,easy to use,5,0,2530.103.15562,2025-09-25 11:03:11,,,2530.103.15562,3,True
05b57521-37ee-469f-8c05-e56748753eeb,Michael,https://play-lh.googleusercontent.com/a/ACg8ocKgjnXUx86lPMP0ocUw_HPBYWDelh0O_B5bodMXk1j_iawu=mo,"worst. update. ever. ""built for the way drivers work"" is laughable. I guarantee no one at samsara has ever been in a truck. they ""fixed"" what wasn't broken; they roll out changes without beta testing, then rely on feedback WHICH THEY DO NOT LISTEN TO. have been suggesting for years through the in-app pop-up and nothing has ever come of it. interface is now horrible and difficult to use. ""try to make it pretty"" outweighed actual functionality.",1,1,,2025-09-25 08:19:39,"Hi Michael, we are sorry to hear that you are having trouble. We'd love to understand more and help you resolve the issues you are seeing! Please reach out to our support team at samsara.com/help and we’ll be happy to help.",2025-09-26 15:37:37,,77,False
27bfc928-0165-4f00-a584-258483988683,javier diaz,https://play-lh.googleusercontent.com/a/ACg8ocIf1c6XF-x5D8NdTIw_gnd2EFJz6o1ppXLqHZwO1Bm9GnykcQ=mo,Bad app you need to do everything manually. not handy,1,0,2531.100.15946,2025-09-25 02:48:43,We are sorry to hear that you are having trouble. We'd love to understand more and help you resolve the issues you are seeing! Please reach out to our support team at samsara.com/help and we’ll be happy to help.,2025-09-26 15:36:43,2531.100.15946,10,False
bc0a1e32-6d66-486e-9337-2251d6d39bc6,Diana “Miss45” Balka,https://play-lh.googleusercontent.com/a/ACg8ocJU3Za-_xBMjxC2mcvXCIIqSJ350-pGECBItEMXUA75yo41gw=mo,Slow! Slow! Slow! Takes forever to open. The only reason I use it is because my company requires it.,2,1,2531.100.15946,2025-09-24 08:51:34,We are sorry to hear that you are having trouble. We'd love to understand more and help you resolve the issues you are seeing! Please reach out to our support team at samsara.com/help and we’ll be happy to help.,2025-09-25 16:37:30,2531.100.15946,19,False
cfa8734e-24ec-42a7-a913-161b54518700,Junio Frias,https://play-lh.googleusercontent.com/a-/ALV-UjUPMQoMuQA7c2COkWj3ehgwhZjAD3PCOABnfkOYaXCJkze_P83E,Good E-Log app.,4,0,2530.103.15562,2025-09-23 04:19:50,,,2530.103.15562,3,True
4346ceec-0a2a-4886-89b7-61a64f848f96,Laura Bogue,https://play-lh.googleusercontent.com/a/ACg8ocL6fb0nO04wXtFCvSH84aMWDKIHa-TOrudMt57J0TsHJ2zhfQ=mo,"Very poor UI. Constantly freezes up. I have to reset or reinstall. can't send messages because it Constantly freezes up. The location data is spotty at best, at worst it is wholey wrong. Need a complete redo. Start with Geo accuracy and time management and build from there.",1,2,2530.103.15562,2025-09-23 02:22:47,,,2530.103.15562,48,False
2206da98-e903-4f05-93dd-7f62346bfbc1,Claude Campbell (Lb Goodvibes),https://play-lh.googleusercontent.com/a-/ALV-UjV836EblNVXyzdyxqemgb2BZ7pPTzVE9dnai_QaDNaiYd5cnQtabg,I've used this app since July 2025 and has no problem other than the inconsistencies. but the other day the app crashed and the signature part isn't responding. so that's my review,1,2,2531.100.15946,2025-09-21 19:17:46,We are sorry to hear that you are having trouble. We'd love to understand more and help you resolve the issues you are seeing! Please reach out to our support team at samsara.com/help and we’ll be happy to help.,2025-09-22 09:56:06,2531.100.15946,32,False
91d5015d-4dfb-42f1-968a-3d093cbcd131,Zero Shepard,https://play-lh.googleusercontent.com/a/ACg8ocLSWGKBBZrABq1LT-nMx1-BtxZ2aSKKTjEYm41rPXi7bEYCRA=mo,"Oh, thank the gods I made it to the rest stop because I have to pee so bad. Samsara, "" restart the app. no. restart the tablet. no. restart again. answer 3 questions to go off duty. now i really have to pee. now since you stopped and didnt pee your pants you are now out of time to go home and sleep in your own bed. you will have to sleep in a truck stop for 10 hours and go home tomorrow because we hate truck drivers.""",1,0,2530.103.15562,2025-09-21 12:10:04,We are sorry to hear that you are having trouble. We'd love to understand more and help you resolve the issues you are seeing! Please reach out to our support team at samsara.com/help and we’ll be happy to help.,2025-09-22 09:56:00,2530.103.15562,88,False
b9c6d38f-d10d-4ed8-a6c0-d5e0fbad519f,Nathaniel Peachman,https://play-lh.googleusercontent.com/a-/ALV-UjXj-e-Z0GGqWOBOAWH_NqKp9dvVbSf_OW9GLPp3owI1BJWQVihR,"its pretty good. sometimes it doesn't switch you over to driving from on duty or off duty, which is annoying, but pretty minor",4,2,2530.103.15562,2025-09-21 03:16:07,,,2530.103.15562,23,False
1bf68608-7de9-472c-b0e2-c57ad1890a30,Peyton Hauskins,https://play-lh.googleusercontent.com/a-/ALV-UjUm8d6i3d0qP5VOCZAGTcmAMvaUTIcAnAuDsNgUpjwpozH-9GJFRA,this new update doesnt open the main dashboard. It goes right to the DVIR screen and wont let me back out unless I create a DVIR. Please fix this.,1,0,2530.103.15562,2025-09-20 11:34:53,We are sorry to hear that you are having trouble. We'd love to understand more and help you resolve the issues you are seeing! Please reach out to our support team at samsara.com/help and we’ll be happy to help.,2025-09-22 09:55:11,2530.103.15562,29,False
f0255eda-f5b9-4eb5-b331-a758d93fc536,Laura Bogue,https://play-lh.googleusercontent.com/a/ACg8ocL6fb0nO04wXtFCvSH84aMWDKIHa-TOrudMt57J0TsHJ2zhfQ=mo,"Glitchy, constantly freezes up. Unreliable.",1,0,2530.103.15562,2025-09-20 08:13:21,We are sorry to hear that you are having trouble. We'd love to understand more and help you resolve the issues you are seeing! Please reach out to our support team at samsara.com/help and we’ll be happy to help.,2025-09-22 09:54:01,2530.103.15562,5,False
9a9cbd50-40e0-430a-89d4-4ddf95fea494,Coast Driver,https://play-lh.googleusercontent.com/a/ACg8ocLLW4Xbm0TAkmM9kHDocwuY3wlM8dAR0D1bUpzF7zUgi7DcbQ=mo,"easy to operate, way better than a log book.",5,0,2440.100.12897,2025-09-19 19:53:45,,,2440.100.12897,9,False
2b2a50ff-780f-4f33-bb14-6956f0b7c5ec,Gary Snider,https://play-lh.googleusercontent.com/a/ACg8ocJiwKpsE_x2dOL5_8n-FMB5jq_-rk0meRyWdFh-zeX3wbB9mA=mo,The latest update has caused the app to crash when trying to get a signature. This is on Apple and android. 9/19/25,1,1,2531.100.15946,2025-09-19 15:19:52,"We are sorry to hear that you were having trouble. Our engineering team has resolved the issue that caused this behavior to occur! Should you have any further issues, please reach out to our support team at samsara.com/help and we’ll be happy to help.",2025-09-22 09:51:29,2531.100.15946,22,False
88200454-7cda-4551-b841-ec3145480c1d,Nick “Buddakim” Kimani,https://play-lh.googleusercontent.com/a-/ALV-UjUT7G8umRyMomxbi-e9oalbTxiYNg5ngUVVcXsQiZV5iffNFg92,great app easy to use,4,0,2530.103.15562,2025-09-18 14:38:42,,,2530.103.15562,5,False
94f582f7-66dc-495d-b068-83b4bce11c1c,Ranley Gousse,https://play-lh.googleusercontent.com/a-/ALV-UjXBY3dVijx9d8JEn4s70czgu4k7YBXNJ9cvArSXEy7H7BIJfCw,Clean UI which makes it extremely easy to use and navigate,5,8,2530.103.15562,2025-09-17 07:23:55,,,2530.103.15562,11,False
478e75c8-b008-4c82-abe3-2e6ed29d77f4,Stephen Johnson,https://play-lh.googleusercontent.com/a-/ALV-UjVNhC7-szYcHlo1thgJMyivpyKy381LsoGQlEyrVpIBwUYKQn8,good app for ELD.,5,1,2530.103.15562,2025-09-16 22:34:22,,,2530.103.15562,4,True
74f4329d-99ab-4054-9150-c9a4ef462c0a,Jacyuuh,https://play-lh.googleusercontent.com/a-/ALV-UjXGNrfN4MNu48vK30hkgvSoAf7lR3bjtiBz9TXpUGCEFrLIjg-_,love it....very easy to use on your mobile device,5,0,2530.103.15562,2025-09-16 18:13:32,,,2530.103.15562,9,False
847f3407-26b2-40df-9c8b-2c779c3c8351,Larry Menifee,https://play-lh.googleusercontent.com/a/ACg8ocIgFOW7wFMSxQgPn3uU-3XUcZyIdVJnKrS0vkOLyt6tYe9z=mo,good 👍,4,0,2530.103.15562,2025-09-15 17:55:43,,,2530.103.15562,2,True
222f8d1e-0f72-464d-b8d3-629bacfa0b14,A Google user,https://play-lh.googleusercontent.com/EGemoI2NTXmTsBVtJqk8jxF9rh8ApRWfsIMQSt2uE4OcpQqbFu7f7NbTK05lx80nuSijCz7sc3a277R67g,easy to use great app,5,0,,2025-09-12 17:22:51,,,,5,False
e52f129f-8d6b-4c19-b0d5-176214237e1b,Robert Reyes,https://play-lh.googleusercontent.com/a-/ALV-UjVakKlSb5GxwoCqfL_z7w8-iUmhXfFqhZH_9-5jtWctOdO8RIv7,Good,5,0,2530.103.15562,2025-09-12 09:56:48,,,2530.103.15562,1,True
1592f205-1f9e-4fb2-8d6d-6cf8646a50cf,Donald Davis,https://play-lh.googleusercontent.com/a/ACg8ocJtAIJni4OzcmoN5YxtjtFNPB_Tq24jWF0fWftPsGCDQ4kFcA=mo,good help full,5,1,2530.103.15562,2025-09-10 21:03:47,,,2530.103.15562,3,True
dce4ec9c-b24c-4268-ac50-32bbbeaa53d8,Darin Hem,https://play-lh.googleusercontent.com/a-/ALV-UjWjdR1YT32KuQXJFwTkolos50dFDDIZxYTbk2eCWMtL9MiEwf6MdQ,"not working like it should most of the time, restarting the app and still having issues",3,2,2530.103.15562,2025-09-10 11:55:12,"Hi Darin, we are sorry to hear that you are having trouble. We'd love to understand more and help you resolve the issues you are seeing! Please reach out to our support team at samsara.com/help and we’ll be happy to help.",2025-09-16 09:22:15,2530.103.15562,16,False
4e5d4824-c639-41e6-8369-3b6ae6d54a56,Nick Owen,https://play-lh.googleusercontent.com/a-/ALV-UjVh6aNUJZtJGG_UPpUBTVd3uoPJt2hvemGIqSkKr62JtarLTi4U,"rarely ever functions correctly, save money and run paper logs like a man.",1,2,2530.103.15562,2025-09-10 11:38:35,"Hi Nick, we are sorry to hear that you are having trouble. We'd love to understand more and help you resolve the issues you are seeing! Please reach out to our support team at samsara.com/help and we’ll be happy to help.",2025-09-16 09:21:40,2530.103.15562,13,False
6d6b5557-0a34-4b10-b400-79ea01a2e433,Glen Anderson,https://play-lh.googleusercontent.com/a-/ALV-UjUldEY4nvhi6l4G0IzA-PRoKfW0ORuwqa8UhZTjUDa3iRNrsxb3Qw,"I've tried multiple ELD apps. The only one that compares is GoMotive. And, the back office of GoMotive isn't nearly as good as Samsara.",5,5,2530.103.15562,2025-09-09 08:55:26,,,2530.103.15562,24,False
c4e26b3c-3d56-4909-9c89-a273b720cae8,Ice Cold,https://play-lh.googleusercontent.com/a/ACg8ocJX8PicKNIkFDL9_dnn14heDwJ5H-ocLL_wLJxS1qZQSyA5jA=mo,I love this app,5,0,2530.103.15562,2025-09-09 05:28:13,,,2530.103.15562,4,True
2c490081-1561-4ad7-b722-e29cfaa0817a,juan l. rodriguez,https://play-lh.googleusercontent.com/a/ACg8ocKVw2gUDmoLfnbD-zRvJIu8SFLpPc_72cU-CegjiXFD9xHbKg=mo,it's fantastic,5,0,2530.103.15562,2025-09-06 06:15:02,,,2530.103.15562,2,True
bdabf64d-9d65-4704-a5fd-e31394e23961,Alex Ponce,https://play-lh.googleusercontent.com/a-/ALV-UjW3QOk4Dg0ol7V-YvCvfSWU_nj7iY4bOP5x9MtI_GVP4Ba0utA,App tells me to reduce speed when I am driving the posted speed limit or slightly under the posted speed limit. Also tells me to return to lane when I am changing lanes with my blinker on. All result in lowering my driving scores.,1,1,2530.103.15562,2025-09-04 16:23:31,We are sorry to hear that you are having trouble. We'd love to understand more and help you resolve the issues you are seeing! Please reach out to our support team at samsara.com/help and we’ll be happy to help.,2025-09-05 11:19:00,2530.103.15562,44,False
aa0f92b2-694a-477e-9803-986ac74fe12b,Michael Cook,https://play-lh.googleusercontent.com/a/ACg8ocLjxMZHpxcyZvi67wZrMO4D1DrVbibNbBPFjyrx_HufFwPNOw=mo,This is a handy app. Love it.,5,0,2530.103.15562,2025-09-03 09:49:51,,,2530.103.15562,7,False
c9557248-f0ba-40fd-81d1-09217c77b0c6,Jonathan Clark,https://play-lh.googleusercontent.com/a/ACg8ocKnPLdLd6lDEZfV1A4VMWr1-sm1qCV1gf1Pq_EXOkaRGPEp1Q=mo,I don't think they could have executed this app more poorly if they tried,1,0,2530.101.15482,2025-09-03 08:27:15,"Hi Jonathan, we are sorry to hear that you are having trouble. We'd love to understand more and help you resolve the issues you are seeing! Please reach out to our support team at samsara.com/help and we’ll be happy to help.",2025-09-05 11:18:06,2530.101.15482,14,False
3d153967-7149-4206-b61d-7f6103cc3449,Risky Fun,https://play-lh.googleusercontent.com/a-/ALV-UjWggsBqbrXc5Lx-uyeD-35oqnP0JIJ41icQ7rLi4u9j4fZL6pJb,Helps me keep track of all my work,5,0,2530.101.15482,2025-08-31 23:29:26,,,2530.101.15482,8,False
92d63f3c-886c-4b7d-b0d6-dfa89d7fa02c,Pharaoh Atom,https://play-lh.googleusercontent.com/a/ACg8ocIeffNotwgDtA5HfnyozODKZFA8D_0BxrnVbOA77mSpFjlC5Q=mo,Super Decent,5,0,2530.101.15482,2025-08-29 21:10:08,,,2530.101.15482,2,True
ca60ce29-8bd5-41fa-aa82-151b079dd61e,Agustin Reyna,https://play-lh.googleusercontent.com/a/ACg8ocIMwwSnNn_arKJYo3186aCvXAoEv70R8gXWEByExaL1O4e-HA=mo,easy peasy,5,0,2530.101.15482,2025-08-29 19:43:22,,,2530.101.15482,2,True
c7d4d217-38ff-449b-b68e-2ceb228e8057,Kevin Glasscock,https://play-lh.googleusercontent.com/a-/ALV-UjVohLIwipz42hzL-xSj0I88A2js9x1LT9PhXInx1TMWex0EnEr2eg,"app definitely needs some work. when you first log in it demands you select a vehicle before you do anything else. you have to press a few buttons to decline doing so just so that you can go on duty. if you do select a vehicle, it goes straight to the dvir afterwards, still without giving the option to go on duty. you have to force stop on the app if you sign out for the day, otherwise it will send you shift notifications all night long, even if you log off. those are my biggest gripes.",3,20,2530.101.15482,2025-08-29 05:29:43,"Hi Kevin, we are sorry to hear that you are having trouble. We'd love to understand more and help you resolve any issues you are seeing! Please reach out to our support team at samsara.com/help and we’ll be happy to help.",2025-09-03 14:56:43,2530.101.15482,97,False
2afb34be-3aac-4458-beb6-fffc1933fff5,Socialism Sucks,https://play-lh.googleusercontent.com/a-/ALV-UjU4ibhhFX2p5f4P4GAmnzdYY-7oQgf5zrCrovQxzbJpK0Fatuo,"This app is what a micromanager loves to install for drivers he can't trust. This app is inaccurate, slows a drivers day down by 15-20% productivity because they're having to mess with an app and unreliable log book more than doing work. Eroad is much MUCH better. I had 5 drivers that were good quit on me after 3 months of using this. And these people still press for me to spy on my crew. I've asked them multiple times to remove the driver facing camera and turn it off. Month later it's on.",1,0,,2025-08-28 16:08:12,We are sorry to hear that you are having trouble. We'd love to understand more and help you resolve any issues you are seeing! Please reach out to our support team at samsara.com/help and we’ll be happy to help.,2025-09-03 14:56:07,,94,False
63e2b353-6e38-4467-a3d7-88396a9ae86e,Brian Crawford,https://play-lh.googleusercontent.com/a/ACg8ocKZVtH5ylivwiEvDFWMXPBsllKkexxMQHaW1vJEUg-HiFKkKA=mo,1 star because most of the time needing to uninstall and reinstall just to make it work.,1,0,2530.101.15482,2025-08-28 16:03:10,"Hi Brian, we are sorry to hear that you are having trouble. We'd love to understand more and help you resolve the issues you are seeing. Please reach out to our support team at samsara.com/help and we’ll be happy to help.",2025-08-29 10:17:44,2530.101.15482,17,False
c0eb5e67-6568-4a77-8106-8607f21c7ac2,Heinz Green,https://play-lh.googleusercontent.com/a/ACg8ocK5pW9fU0LcEQAbIY0nT_Pr_T2FNCBchrJizT2xFFDILiEBFkg=mo,The app won't allow me to exit the vehicle selection after selecting the vehicle I'm in. app won't load. this app very poor,3,0,,2025-08-27 08:26:51,We are sorry to hear that you are having trouble. We'd love to understand more and help you resolve the issues you are seeing! Please reach out to our support team at samsara.com/help and we’ll be happy to help.,2025-08-22 09:08:16,,23,False
924d869a-a454-480c-ba6d-5f66665de48e,Laurie Knowlton,https://play-lh.googleusercontent.com/a-/ALV-UjVTS8FZQsUF-MvAuHfU32fwLZlIFRRBdBE7l72FRLNwiDvXIkUp,"very easy to work, as time goes in becomes easier.",5,0,2530.101.15482,2025-08-26 14:43:27,,,2530.101.15482,10,False
033edefa-7d15-4718-9687-467458fb43fc,Brian Cooper / EB Breeder,https://play-lh.googleusercontent.com/a-/ALV-UjVY9FoX3eJ8TLnMJ4YKYvIUgJXxYnfzAUpcWnv95jpJNorbVwwD-Q,works great,5,0,2530.101.15482,2025-08-26 07:00:23,,,2530.101.15482,2,True
bf839da8-ac6b-410d-8a15-7e32a303de2d,Dave O'Connell,https://play-lh.googleusercontent.com/a-/ALV-UjWl3WFndF_bt-9lbTiJiGspUdwO36pl_YbXfRGRg8TqvypxQgJQ,Stop logging out while I'm in the middle of an inspection!,1,0,2530.101.15482,2025-08-25 23:33:09,We are sorry to hear that you are having trouble. We'd love to understand more and help you resolve the issues you are seeing! Please reach out to our support team at samsara.com/help and we’ll be happy to help.,2025-08-27 16:28:43,2530.101.15482,11,False
c01a11b0-7e04-488b-90c7-9bde6f91d379,ALI MUNYE,https://play-lh.googleusercontent.com/a-/ALV-UjWnRyhJJm25UNIIuOwsaQmE0jiNzrJbJJqxTQWHG1XyMVLYYjej,amazing 👏,5,0,2530.101.15482,2025-08-24 10:39:01,,,2530.101.15482,2,True
a8860cb4-eab9-48eb-8aef-eeafc806af99,Amy Louise Allison,https://play-lh.googleusercontent.com/a-/ALV-UjUghKS4Avf_UKBj_DE9696IuM5ojpFAcCv6uwsSqpWULV2JsS1Wxw,easy to use!,5,0,2530.100.15398,2025-08-23 15:48:45,,,2530.100.15398,3,True
ae4b7371-3cb0-4a07-9ea6-3c156da04c30,Candelario Toledo,https://play-lh.googleusercontent.com/a-/ALV-UjUcXloT_uBwlS0dGhLUv_26rCIv5tlNv3Dal8nuKAoP0ydhOcA,very interesting,1,0,2530.101.15482,2025-08-23 11:18:27,We'd love to understand more and help you resolve any issues you are seeing. Please reach out to our support team at samsara.com/help and we’ll be happy to help.,2025-08-27 16:18:52,2530.101.15482,2,True
961cf4ba-2b4e-422a-81d9-ed2ccb6c5f82,James DeCosta,https://play-lh.googleusercontent.com/a/ACg8ocILbRwZrVF8SfE-suEEwbxKl2-de-rBSFsmhsr9huN1YVCTFg=mo,gps location still not working after all this time.. what a horrible app. as a p&d driver I shouldn't have to log every single on duty and driving all day long this was done automatically by motive now we have samsura which is Sam sorry 😞,1,0,,2025-08-22 14:07:47,We are sorry to hear that you are having trouble. We'd love to understand more and help you resolve the issues you are seeing! Please reach out to our support team at samsara.com/help and we’ll be happy to help.,2025-08-27 16:09:55,,46,False
c9ba1d42-ce99-4317-b9cd-0b657ed487ad,Natasha Nelson,https://play-lh.googleusercontent.com/a-/ALV-UjVVm9wGcGjnTfrNhkMCHpSR-7WsOaW8-n16dVqM7dp0BMjEekRJ,Easy to navigate!,5,0,2530.101.15482,2025-08-22 03:19:33,,,2530.101.15482,3,True
290d0399-4184-4326-ba83-5756336f88cd,Ed Bullmer,https://play-lh.googleusercontent.com/a/ACg8ocLKdfsGViGi1sCVlW7Qzhi2Id9Ia-NE6Xwy7fJ5MgRtoiQ7zQ=mo,"The Samsara team is working on great things, this new update is nice! Looking clean guys keep it up!",4,0,2530.101.15482,2025-08-20 14:46:51,,,2530.101.15482,19,False
8223b417-eb7b-413d-ae23-17fc5d974b3d,Brandon Thompson,https://play-lh.googleusercontent.com/a-/ALV-UjWawvdx5_xYUENHbcZlla-Fi6gvFvisDtNHnooH-su3SwuEehk,Works really well and easy to use ELD. The app works really well also.,5,0,,2025-08-16 18:26:00,,,,14,False
7448a059-936a-4077-8e47-3ae4bde27635,Sukhjit Singh,https://play-lh.googleusercontent.com/a-/ALV-UjVAbdeSV6YMIaAhCY18oC2BWq9K81gm8i1jYY4OI9d1Ftx_2tw,Overall experience is good. But there is a bug after 12 August 2025. Unable to add multiple remarks. Seems like the button is disabled after adding first remark.,4,3,2530.101.15482,2025-08-16 06:52:42,,,2530.101.15482,28,False
5fb41272-880c-4581-8e66-4d184740b66f,Susan Breton,https://play-lh.googleusercontent.com/a-/ALV-UjWpQ8nv25IjaqiF1cfNL310RqVoO3qV_3_KnFA35ZY8V1TSJ1A9,inaccurate. said I drive 11min and 1 mi. I drove across the parking lot to park. was not 11 min drive time,1,1,2530.100.15398,2025-08-13 19:55:45,We are sorry to hear that you are having trouble. We'd love to understand more and help you resolve the issues you are seeing! Please reach out to our support team at samsara.com/help and we’ll be happy to help.,2025-08-15 16:38:38,2530.100.15398,22,False
03810da2-ba45-4dc3-9de7-6f0d5de119ac,Al Hicks,https://play-lh.googleusercontent.com/a/ACg8ocIqQpvrrz-Sd-G_paMQso_K1ym0dDgHxo7DO9Bq9PthOVePaQ=mo,Very useful,5,1,2530.100.15398,2025-08-13 18:16:09,,,2530.100.15398,2,True
98b5a928-0eb8-4692-9fd5-d1d1b541d7c5,Dayawant Hanjra,https://play-lh.googleusercontent.com/a/ACg8ocLMFP9ZolN7Lrnw1uQVe2Cx_EXhWunJSAR3f9BIp5XyD1658Q=mo,"Best ELD to work with, simple. ❤️",5,0,2530.100.15398,2025-08-13 16:12:05,,,2530.100.15398,7,False
4cb7946c-cb24-455d-8731-97355db5be5e,R. Jordan (Ray),https://play-lh.googleusercontent.com/a-/ALV-UjVEbz931D477kkol3FvZ-3rSqUFGyRknnioHu5LwMUIA52S3IBSbg,Great App,5,0,2530.100.15398,2025-08-13 08:12:17,,,2530.100.15398,2,True
65b27fa7-ab6d-441d-8839-60e890c89158,agentnavy (agentnavy),https://play-lh.googleusercontent.com/a-/ALV-UjXKbW4OLmAZTeCTrcB1zWYA9JRjxtTaUbIxTjVh6KVOn3m0y8vo,easy and understandable,5,0,2530.100.15398,2025-08-13 06:30:37,,,2530.100.15398,3,True
e34af612-d0a2-456e-b421-c958efa4b827,Elvin Ward,https://play-lh.googleusercontent.com/a-/ALV-UjX55MX676O2jdae1rExOyws_5LzJ11Su6qSuyEFwl_lt8E-1Y1ubg,on point,5,1,2530.100.15398,2025-08-12 20:57:15,,,2530.100.15398,2,True
5c2e1a53-c98c-4989-b7c4-d101117f0191,White Mike,https://play-lh.googleusercontent.com/a-/ALV-UjV0akS0WJ4c5jKQ5avVNlhAz6eAX9ORQuwKbWglheyY4lnK6yRk,by far worst electric log system I have ever used.. very glitchy will tell you you have ours when you don't and tell you you don't have hours when you do.. constantly have to reboot after every task.. absolute garbage,1,3,2530.100.15398,2025-08-12 20:43:52,We are sorry to hear that you are having trouble. We'd love to understand more and help you resolve the issues you are seeing! Please reach out to our support team at samsara.com/help and we’ll be happy to help.,2025-08-15 16:33:40,2530.100.15398,40,False
a0e56616-5944-4ddb-9f98-a3987160a58f,Sean La Salle,https://play-lh.googleusercontent.com/a-/ALV-UjXVA0lQNV7JlWop7LPybgJR4crNHbdTCZzOd_wkfEcLRcfbcw84wA,luv it,5,1,2530.100.15398,2025-08-12 16:46:51,,,2530.100.15398,2,True
b370b1f7-ed7d-4640-b40d-51b065eb5871,Thomas Postel,https://play-lh.googleusercontent.com/a/ACg8ocIu_iVhIMrw-cwRmPBxTmsYB3rcBauXtaXgjGKeTSLOS6xEFQ=mo,Great trucker ELD. Simple app. Easy to make non driving changes. Lots of different companies are using Samsara.,5,2,2521.100.14986,2025-08-11 17:04:13,,,2521.100.14986,18,False
976d899a-87a1-4336-866a-2f079babb587,Regina Marnett,https://play-lh.googleusercontent.com/a-/ALV-UjWWBLnjqzgKbW7Vl7ui-U6yZ3wCCbw0OA-L7Hpjy0lPMGGMh0Rd,"As I'm reading reviews on this app, I get a message on my phone that said Samsara driver keeps stopping. Apropos. I have too many things to complain about this app. Mostly, it's slow on both phone and company tablet in truck. Always requires you to select a truck when you log in, even if you're sitting at home just looking to certify logs.",1,3,2530.100.15398,2025-08-08 22:19:55,"Hi Regina, we are sorry to hear that you are having trouble. We'd love to understand more and help you resolve the issues you are seeing! Please reach out to our support team at samsara.com/help and we’ll be happy to help.",2025-08-12 10:47:37,2530.100.15398,64,False
5cd9e26e-f936-4001-bfb7-8e9c371bd880,Melgar Trucking SVC,https://play-lh.googleusercontent.com/a/ACg8ocKO6aH48qMdMd54uOE8U0OrpBlSTYbDFV66RVulZ4-H2UocJQ=mo,amazing completely satisfied... highly recommended,5,0,2521.100.14986,2025-08-08 02:34:16,,,2521.100.14986,5,False
f55a23c3-8445-44f4-8252-749a3f1ab2a2,Michael Flynn,https://play-lh.googleusercontent.com/a-/ALV-UjUNkSs6orNgxn5E36a-qNZupNomZpxTvOK_8dUH25cy4GHtYjE,good,5,0,2522.101.15315,2025-08-07 20:39:33,,,2522.101.15315,1,True
3276bcaa-8c57-4be4-a0fd-b9af406797f2,franck olivier belem,https://play-lh.googleusercontent.com/a-/ALV-UjUCJxSXqMrDDKTR5bfXggwiIT7vGopDOSacWIYve_oQGEJyAB_x,amazing app love it,5,1,2522.101.15315,2025-08-07 17:26:32,,,2522.101.15315,4,True
8cd797ea-def9-429d-9ddc-e889173cc1ef,Abner Hamilton,https://play-lh.googleusercontent.com/a-/ALV-UjVg1XqTUFnOOrKNN2UdhamRb5oBbO3HzZ5ulLt7yfxFePSDChNQIQ,Not good. Reads speed limits incorrectly and has a safety score that shows you speeding when you're actually going the speed limit. That is not good for an ELD. And the AI that they use will detect you as drowsy when you are looking forwards towards traffic for too long so make sure to turn your head about a thousand times while driving or that will cost you points also. There are better ELD'S to use.,1,3,2522.101.15315,2025-08-07 17:02:42,We are sorry to hear that you are having trouble. We'd love to understand more and help you resolve the issues you are seeing! Please reach out to our support team at samsara.com/help and we’ll be happy to help.,2025-08-08 09:49:59,2522.101.15315,76,False
1fca339f-a64e-417c-a4ea-0639e60bea08,Casey Frederick,https://play-lh.googleusercontent.com/a-/ALV-UjUcivl4f_6vDq11Thv3fP4nQI-3mUIx0jJxAtOUxgOx31D68Gb97Q,"Will not track my location, even though I've granted it all the permissions. Always have to type in my location manually.",2,1,2522.101.15315,2025-08-07 07:52:40,We are sorry to hear that you are having trouble. We'd love to understand more and help you resolve the issues you are seeing! Please reach out to our support team at samsara.com/help and we’ll be happy to help.,2025-08-08 09:52:16,2522.101.15315,21,False
c382e799-d1fc-491d-b860-fcdb58d2bc24,Johnny Bagley,https://play-lh.googleusercontent.com/a/ACg8ocI0Lqv4KRSrNBOfUokPKTNtf3dF-v-b66eYpeHDwNK9DVGtzQ=mo,I like the job,5,1,2521.100.14986,2025-08-07 02:23:22,,,2521.100.14986,4,True
2361f55d-58f1-4dee-b7a2-36e182a2bcf9,Chris J,https://play-lh.googleusercontent.com/a-/ALV-UjVC2-9_xSrE_VkbjCf8SX1juo5FabxJbXL7hWkGzz32w_w7dexu,app doesn't respond and lags. also when you stop for a couple minutes it will not set you in on duty not driving. plus you can't see your messages until you are in on duty not driving very annoying. wish my employer did have us use this app.,1,1,2522.101.15315,2025-08-06 16:16:30,We are sorry to hear that you are having trouble. We'd love to understand more and help you resolve the issues you are seeing! Please reach out to our support team at samsara.com/help and we’ll be happy to help.,2025-08-08 09:47:02,2522.101.15315,48,False
c133e96a-93c4-468e-b935-61af82536444,Mando,https://play-lh.googleusercontent.com/a/ACg8ocK8V4YfYhK5QEgGBF5jyuX2fhWOGt1LLHP6ZeZFssHDLWLfgTng=mo,good experience so far,4,0,2522.101.15315,2025-08-05 21:02:37,,,2522.101.15315,4,True
ff2b45fb-9e99-4020-a231-269cee9ad57f,Bernard Lacroix,https://play-lh.googleusercontent.com/a-/ALV-UjUbvWwcVKmeI3SQLyEDT56dBc-MFw_xs5mhDhS6gLfaJ5GCmeL2vg,best one on the market,5,0,2521.100.14986,2025-08-05 09:28:28,,,2521.100.14986,5,False
064e3814-9a6a-488c-850d-94ef9c2992e5,Jesus & Jeffery Scott C.,https://play-lh.googleusercontent.com/a-/ALV-UjUCXIwBPIO1oqWmT2BnUbR2ku_-hosTp5yyMyDIxd2iS65KAYzNOA,The Lord Jesus wanted me to leave a review to say thank you for all that you do to help us drivers at Tyson foods feed the nation for God Almighty. you do such a great job and your staff is amazing and we just wanted to say thank you,5,0,2522.101.15315,2025-08-05 08:36:55,,,2522.101.15315,50,False
91d0740a-3838-4378-959f-0deaa4569717,Mark Larsen,https://play-lh.googleusercontent.com/a-/ALV-UjU6rJvhf3N_z-Tx0wqYtj6EIAseF5psTl3dAJTMoKm5vJDdxCE,Closes too often then takes too long to reboot. If my map app is open at the same time Samsara will reboot every time I switch back to it. Annoying.,2,2,2521.100.14986,2025-08-04 10:38:27,"Hi Mark, we are sorry to hear that you are having trouble. We'd love to understand more and help you resolve the issues you are seeing! Please reach out to our support team at samsara.com/help and we’ll be happy to help.",2025-08-04 14:22:28,2521.100.14986,30,False
ee92b881-e3fa-4f8e-b677-fd28909d4e3d,C J,https://play-lh.googleusercontent.com/a-/ALV-UjV1ni4U9JVAoEpoYCceTMvBMkR7E7I-NKV5A6oEEQ9-zG1e-6sg,great,5,0,2521.100.14986,2025-08-04 07:08:46,,,2521.100.14986,1,True
977ea75a-b378-4ddf-b52a-1105ac761b5b,ARNI SHOOK,https://play-lh.googleusercontent.com/a/ACg8ocJyJn6aDSqPooWSmEPlZla5ysJwv_djCiuAT5Szps3qrUy4eF1l=mo,"works good for me no real issues with app... occasionally it needs to be refreshed by performing a restart on my Android phone. That's the hiccup with the app, which is probably caused by the Android phone.",4,0,2522.101.15315,2025-08-03 09:21:11,,,2522.101.15315,37,False
dd5fc5cc-e723-4e7d-8354-0b5a2c32495e,Jorge Miranda,https://play-lh.googleusercontent.com/a-/ALV-UjVggVzeTrqE8_WbPcLSEFfhz4qyx7BPDKXpqfNcf2kNk_8IRlc6,sucks,1,1,2521.100.14986,2025-08-02 18:37:51,We are sorry to hear that you are having trouble. We'd love to understand more and help you resolve any issues you are seeing! Please reach out to our support team at samsara.com/help and we’ll be happy to help.,2025-08-04 14:21:16,2521.100.14986,1,True
5006aa95-3db5-4d6c-9a08-1de8f71920d6,Johnny Houseworth,https://play-lh.googleusercontent.com/a-/ALV-UjU2od5ZMARxrdBWVGWGe6UR_4kEEjNiyojgwlxB0oHaxtAGyB3e,it was great 👍🏻,5,0,2521.100.14986,2025-08-02 18:01:09,,,2521.100.14986,4,True
1e931559-fffb-4054-a635-52f427e75ec9,tnetrucking,https://play-lh.googleusercontent.com/a-/ALV-UjV0FXnDgTppczCzbo0WgFIpX4JPz9bBHkaxRsqLumv_HIrkGpij,the app is forcing me to use location service which I'd rather not use,3,0,2521.100.14986,2025-08-02 16:38:25,,,2521.100.14986,14,False
12b1ca02-b488-4d92-aa9b-44535c654095,Michael Sessions,https://play-lh.googleusercontent.com/a-/ALV-UjXr92l8V2qHOdjfc43Ib1rJw-cljs2ZcmXYd68Rj_Zef7aSBks,I have no idea how this ELD is approved by the FMCSA. It can't keep HOS correctly. It rounds time down. It glitches when you stop and try to go into off-duty or SB. It routinely drops routes after you accept them. It can't retain knowledge through multiple screens requiring you to input the same info over and over again. It gave me drive time on a separate vehicle that I logged out of while I was in another vehicle. It updates often but it's never to fix anything. It has no QoL features.,1,4,2521.100.14986,2025-08-01 20:20:48,"Hi Michael, we are sorry to hear that you are having trouble. We'd love to understand more and help you resolve the issues you are seeing! Please reach out to our support team at samsara.com/help and we’ll be happy to help.",2025-08-04 14:19:35,2521.100.14986,94,False
66d2b65a-7d4f-4d6f-8842-8d7d64aeb40e,willia williams,https://play-lh.googleusercontent.com/a/ACg8ocKAhLD0pD6mj8vlybz1cXEbg-RJhV1loaD3CbsETifCTXf9aA=mo,easy app and editing is easy,5,1,2521.100.14986,2025-08-01 19:56:59,,,2521.100.14986,6,False
8b015185-706e-488f-a55d-04ba41b9134d,Wilfred M Ngochi,https://play-lh.googleusercontent.com/a/ACg8ocJ1lvipt8ETe0onW_dqFCz9igBSgN5NpGISvbk42bD-HA5Jsg=mo,Great. User friendly,5,1,2521.100.14986,2025-08-01 09:08:05,,,2521.100.14986,3,True
94a61b91-240d-45d8-a922-ecc8fa159ee1,Calvin J. Lindsay,https://play-lh.googleusercontent.com/a-/ALV-UjUxof-Ub1xYrvDLLl84lCw15FZsXehri5p1ORaKhdu3UnHLSVAXDw,very unstable,1,0,2521.100.14986,2025-07-31 21:28:00,"Hi Calvin, we are sorry to hear that you are having trouble. We'd love to understand more and help you resolve the issues you are seeing! Please reach out to our support team at samsara.com/help and we’ll be happy to help.",2025-08-04 14:17:55,2521.100.14986,2,True
0c2f5c74-2cad-4b08-8a6f-fbdae0d4c689,Hrithik Rajput,https://play-lh.googleusercontent.com/a-/ALV-UjXAYON3fIINPeoOIhh7MWJw4rRvcR81keh71hJRNpV-ZeHeR1g,very slow app it irritates me as a driver alot,1,0,2521.100.14986,2025-07-30 08:21:45,We are sorry to hear that you are having trouble. We'd love to understand more and help you resolve the issues you are seeing! Please reach out to our support team at samsara.com/help and we’ll be happy to help.,2025-08-01 13:17:55,2521.100.14986,10,False
aa059bbc-74cd-45b0-8c48-45fa6980f4c7,Roman Dudenski,https://play-lh.googleusercontent.com/a/ACg8ocKElXDHx6GAyw7LmK3OAxShrOh-vSIipP-r4pE1ir9dzfq-0sQ=mo,great,5,1,2521.100.14986,2025-07-29 22:03:39,,,2521.100.14986,1,True
31513f29-dd54-4a3c-8392-84f950970b78,Humberto Crespo,https://play-lh.googleusercontent.com/a/ACg8ocKSkqIvEsydmBOnQlSIX5xZc6ofzqRxzSbia81uAw2orM1QSePh=mo,👍,5,0,2521.100.14986,2025-07-29 06:34:19,,,2521.100.14986,1,True
4b9cd54d-c9ff-4302-88dc-9a3d33a6a94c,Ryan Pishion,https://play-lh.googleusercontent.com/a/ACg8ocL1GnOE5dpeBnYegu56Km_XTFLBkivlMT-DqC5d0s2U1JfnW_E=mo,"Wants constant access to both all the time tracking as well as unlimited on battery, this app will kill your battery before you 8 hrs. you might as well get a brand new device and keep in plugged in non-stop so you can pay attention to your work and not babysit a battery. Does allow access for navigation however uses apple maps or google maps, neither one is always trucker friendly. Requires a trailer number and shipping number to be entered, even if you have to bobtail or before loaded Junk!!!!",1,2,2521.100.14986,2025-07-27 18:34:25,,,2521.100.14986,91,False
25ea2227-1449-4097-a220-f06413204375,Carlos Alvarez,https://play-lh.googleusercontent.com/a-/ALV-UjVDVggt--LmRR0T84vREvyNkEpiHNSM0xdfrWuZkXlYvZ2Kyprp,great job 👍,5,0,2521.100.14986,2025-07-25 19:40:27,,,2521.100.14986,3,True
cec2ccb2-d18d-483b-ae43-ae001d501f27,jose soto,https://play-lh.googleusercontent.com/a-/ALV-UjVocBxp22gOtq47HvZv8HLgHjxBxtx-NNmH8Xg8dTi7SlUMjgo,Easy to understand,5,0,2520.100.14464,2025-07-25 17:19:43,,,2520.100.14464,3,True
5703fbea-a501-45d1-9618-3b17987c9b20,Meyer Logistics,https://play-lh.googleusercontent.com/a/ACg8ocJhmePiNn30M1_2pn1XzagYNC_YuFbK3ZGguDyyLd5adRrz9A=mo,not bad,5,0,2521.100.14986,2025-07-25 13:38:30,,,2521.100.14986,2,True
9ca317b5-fb91-4708-b3fb-071f356bdc28,Brian Blackburn,https://play-lh.googleusercontent.com/a/ACg8ocIPFgZzTetq9U7P2eTKTpMdRtY8ae7dDN_ZYIFoz58dcXi0Kg=mo,This is one of the easiest apps for logging I have ever used.,5,1,2521.100.14986,2025-07-25 06:42:02,,,2521.100.14986,13,False
572f9705-b0d5-4687-978c-440987b484ce,James Reynolds,https://play-lh.googleusercontent.com/a/ACg8ocIOtKkMyS_9kWgY8F5B4MtuYyzXPVoQgOhVDzRfDzjF-0pdCA=mo,"This is by far the worst ELD I have ever used and I'm forced to use it because of the company I work for. There's things that dumpster fire that runs incredibly slow, exceptionally slow, on their tablet system that they force me to use. It's the biggest pile of garbage I've ever ran across. Worse than keep trucking. motive",1,3,2521.100.14986,2025-07-24 09:09:11,"Hi James, we are sorry to hear that you are having trouble. We'd love to understand more and help you resolve the issues you are seeing! Please reach out to our support team at samsara.com/help and we’ll be happy to help.",2025-07-25 16:49:58,2521.100.14986,60,False
635c604f-fca4-4879-8623-49052d0ac231,Enrique Solis,https://play-lh.googleusercontent.com/a-/ALV-UjVAHmqRNWS-S--W7CvliPTgmj7IBSRMK6HHdc-pfjToHZzfiYM,never have any issues,5,0,2521.100.14986,2025-07-23 15:31:11,,,2521.100.14986,4,True
a20ef4bd-7dc6-485f-b17a-32bcebd20388,Robert Inness,https://play-lh.googleusercontent.com/a-/ALV-UjXimQaSpndvfZbTpV7PqlT61JyQm6AxwZK3Ukva9KbOMbWj0BBc,"Garbage, worse elog app ever. Always has issues, paper and pen always worked.",1,2,2521.100.14986,2025-07-22 23:12:46,We are sorry to hear that you are having trouble. We'd love to understand more and help you resolve the issues you are seeing! Please reach out to our support team at samsara.com/help and we’ll be happy to help.,2025-07-25 16:49:44,2521.100.14986,13,False
049fbb7b-1ad4-4e34-b47c-fbf9986d7eb8,Azhar Hafeez,https://play-lh.googleusercontent.com/a-/ALV-UjUMq87mp75tJbzB66NugJWEr7hWSc1igijEi9as8Fv-X7I94MX0IQ,Effective and easy to use.,5,0,2521.100.14986,2025-07-22 17:07:33,,,2521.100.14986,5,False
2674447f-ae94-4c98-80cf-2280e7c1bacf,manuvgod75,https://play-lh.googleusercontent.com/a/ACg8ocJuSsRtuIUda4ixXZ_ECy0YlAEHdmOvaUYF3rFY_eb1qjIBXg=mo,easy to use,4,1,2521.100.14986,2025-07-21 14:00:13,,,2521.100.14986,3,True
42ddb130-3afa-4c65-8763-e16b31ac0fab,Nick Chambers,https://play-lh.googleusercontent.com/a/ACg8ocLS3Z_yRl8I-lh_DRCs18RDRf9mcYgAt1Q-a-AZcemrWKmFBw=mo,Great,5,1,2521.100.14986,2025-07-21 10:16:23,,,2521.100.14986,1,True
7444ed6b-bbe1-45a7-a74e-b1293946e8a3,artin Khatchadourian,https://play-lh.googleusercontent.com/a/ACg8ocJ3eXXK2LguKTfqBHkVF-AiIo5ngUwaBcWTCqhBHe883FyG5Q=mo,Dependable smarter than me,5,0,2521.100.14986,2025-07-18 18:07:58,,,2521.100.14986,4,True
6427dade-3107-4fe1-8adf-f4f65de7eab4,Claude Nim,https://play-lh.googleusercontent.com/a-/ALV-UjV3hoLD5TzatbTdmYnSVrl9XgwAdHmwoFYjxFqvaew6PcSPy6g,"the app is pretty good. I drive a day cab with a tanker, and it would be nice to actually take a break during my day with the 70 rule. I keep getting warnings ⚠️ to take a break, but there is no option to take a break while on duty........",4,0,,2025-07-18 14:45:18,,,,51,False
b0dd7914-146d-44b0-b7ee-4e946d6ecf59,Forrest Butterfield,https://play-lh.googleusercontent.com/a-/ALV-UjUnw5WeskLdPu0lqafih17kmdC5-9E7Vm828D1EBNqWyPsAlmyP-g,I can't believe I'm saying this but I LOVE IT . My frigging company loves it more I'm sure because they pay nothing for my logs.,5,0,2521.100.14986,2025-07-18 09:49:41,,,2521.100.14986,26,False
e2e9fa57-dad9-48b1-8909-49f39a121696,Mitchell Wright,https://play-lh.googleusercontent.com/a-/ALV-UjVomGUo01zhoJ220WrnaKI0QXQ28kC3jF7YDvjwWfsTAWxnIUPJ,Simple,5,0,,2025-07-17 18:57:11,,,,1,True
b7988887-3243-4559-85ec-aa84b168d25b,kirby baum,https://play-lh.googleusercontent.com/a-/ALV-UjVWj0zZLauFVl9d79uLz7E8rUKQVWoBrEZCkFr0FGT0n5yupns,Updates every day? Isn't that a bit much?,2,0,2521.100.14986,2025-07-16 10:59:17,"Hi Kirby - Thanks for flagging this! The updates are designed to keep information current and reduce surprises. That said, your input is important - We'd love to understand more and help you resolve the issues you're seeing. Please reach out to our support team at samsara.com/help and we’ll be happy to help.
",2025-07-18 11:16:50,2521.100.14986,8,False
5d1b3f0e-2786-45e2-a10e-25a8c2ed4a26,Joe Helvie,https://play-lh.googleusercontent.com/a-/ALV-UjUdg9WNuFJ0HxxMIyI-S0M-L0YeMMIgZqFV6bOVTfwSdzsYAG1R,the app keeps logging me out of the truck.,2,0,2330.101.10997,2025-07-15 08:05:43,We are sorry to hear that you are having trouble. We'd love to understand more and help you resolve the issues you are seeing! Please reach out to our support team at samsara.com/help and we’ll be happy to help.,2025-07-17 08:09:13,2330.101.10997,9,False
8f76fc0e-52e2-4e5c-8e99-02278967f59a,Derrick B,https://play-lh.googleusercontent.com/a/ACg8ocJ1dMalcGPTNzmIwgl-7qZLyBz3DwVbB8pUBN0JBkh6RQ42cQ=mo,"Worst system you could possibly imagine, constant system failures bad updates that brick the few things that work marginally login failures which delay start to your day having to log out daily so the system doesn't brick itself having to use your personal phone when it does brick just to keep rolling or complete a task that won't go thru on the actual eld samsara means your company believed the sales pitch for a product that is not ready for prime time and never should be allowed by dot for use",1,3,2521.100.14986,2025-07-14 18:35:28,We are sorry to hear that you are having trouble. We'd love to understand more and help you resolve the issues you are seeing! Please reach out to our support team at samsara.com/help and we’ll be happy to help.,2025-07-17 08:08:41,2521.100.14986,91,False
1e39f30f-365e-4633-b1cb-05dd07b63590,Alfonzo Hampton,https://play-lh.googleusercontent.com/a-/ALV-UjVJEKXEGg7ireh7WvhAKEtWJIJXESxGEEkagryruAK2B6RatWMp,Samsara is pretty easy to use self explanatory. Alfonzo Hampton,5,1,2521.100.14986,2025-07-14 14:39:49,,,2521.100.14986,10,False
f3a1f7e6-7eec-4afc-9f63-536306d4a6fd,simon Acheampong,https://play-lh.googleusercontent.com/a/ACg8ocKwAm8nlEPXfQ3OLUapqsX2h8KWfvimfNE_BruNkI3KqRXMfw=mo,good,4,1,2521.100.14986,2025-07-13 14:19:46,,,2521.100.14986,1,True
30825f62-fa12-418f-8d50-b23d4408dc08,K T,https://play-lh.googleusercontent.com/a-/ALV-UjVtKsgfkuRYrI17BKD0OyU9y7PQ4je_n4TKw5R5uqRf3MnvPget,"So I've been using Samsara for just over a year and half and for the most of the time it has glitches: Constantly showing working offline It frequently can't find location there by blocking changes to duty status. It ""locks"" in grayed out limbo where I have to restart it sometimes more than once. MOST IMPORTANT!!! There is no recap tab/page!!! It's pretty obvious this app was built that have no clue what a truck driver needs in a eLog or maybe they just forgot.",2,5,2521.100.14986,2025-07-12 12:51:56,We are sorry to hear that you are having trouble. We'd love to understand more and help you resolve the issues you are seeing! Please reach out to our support team at samsara.com/help and we’ll be happy to help.,2025-07-17 08:08:00,2521.100.14986,85,False
5dc96293-23b2-40f4-ad4c-c3a221aabe99,Ankit Gautam,https://play-lh.googleusercontent.com/a-/ALV-UjWPCvSTLfWl56b8j3EoGStwsRyaulHtLxGaxaxdpvq5GG65GC2O,app is good but need to change or modify its duty circles,3,0,2521.100.14986,2025-07-11 23:38:39,,,2521.100.14986,12,False
be5ac47f-c1bb-48fb-92a1-ceb1fbbf901a,Ronald Valverde,https://play-lh.googleusercontent.com/a/ACg8ocJB-IiydJxYjhh50MMOhAOlY5Gq69eUNnBK4tifW9rwEDYylA=mo,great,5,0,2520.100.14464,2025-07-11 15:37:24,,,2520.100.14464,1,True
f29df429-d6b5-4b61-9db4-b62e65110f7f,Joe “Scorpio Joe” Smartbass.,https://play-lh.googleusercontent.com/a/ACg8ocJKjqN-qydFbSZzQvB0-Z8Q4ESfeMKcQ5Tdll4F8wdCDHr0r9hJ=mo,Very easy to use app. I've used 3 different trucking app's and truly find it to be by far the easiest. So don't pack it in yet old schooler's. EASY TO USE.,5,1,2440.101.13125,2025-07-11 11:14:47,,,2440.101.13125,32,False
0641fef8-dbaf-40eb-a46c-90111f362216,ImSoSerious NOT,https://play-lh.googleusercontent.com/a-/ALV-UjUmuSQiKP1FdjxQ1YcHLP4wXESp09tsMX2cta0_vtlLPeCGcID8,"1 this app is highly invasive, when looking at the permissions it seems the normal pack, but if your able to see the sub roles of each permissions, you see that this app can search your phone,your files,your pictures, activate near by Bluetooth device, scan the ads you use and more..without you being notified, I refused to put it on my personal phone. showed my boss the screen and he ordered me a company to use..and that's all I use it for that and company email...nothing personal",1,0,2510.100.13668,2025-07-11 07:42:03,,,2510.100.13668,87,False
c686a531-c980-4b31-8f19-66e70484ecc1,cory Arlof,https://play-lh.googleusercontent.com/a-/ALV-UjVSUeXjDxVbYAOvpHEMr0eylt05GowKPuY4mrlg4DoAgku-6nljNw,absolutely garbage. we are forced to use this and it runs like its from 2004. customer service is a joke. I'd give it zero stars if I could.,1,1,2521.100.14986,2025-07-10 23:06:10,,,2521.100.14986,28,False
c494d09c-cd9e-41bb-a1d2-0be7c0111a8a,Sacdriver3,https://play-lh.googleusercontent.com/a/ACg8ocLJ0lJnVMAZ0mrlDraZjXApASQqWtJTgqVp3dnB4JOML8EDSQ=mo,"works great, user friendly",5,2,2511.101.14101,2025-07-08 17:09:57,,,2511.101.14101,4,True
480e4f4b-3353-40e5-ba63-c6f310e4447b,Brian Lee,https://play-lh.googleusercontent.com/a/ACg8ocKLUoG_P1eCtOB7kubIEu9RfL5S54vGZo6dFo1vl7oKGTNA1g=mo,Easy too use,5,0,2521.100.14986,2025-07-08 10:19:06,,,2521.100.14986,3,True
3e9839bb-0ca7-4335-94d9-d2000e1cb51d,Bill Melancon,https://play-lh.googleusercontent.com/a/ACg8ocIkT9nXinuUGUuKG5rDuNyuVGmBL0fVfSU-eosru5VWPnPTUg=mo,Easy to use,5,0,2521.100.14986,2025-07-07 23:19:23,,,2521.100.14986,3,True
9e16d353-0550-40bc-a9c1-2581c2518818,Cairo D Cortez,https://play-lh.googleusercontent.com/a/ACg8ocJ8-Ob-z5nOceS3iEAhVw1jBsukfC6rfXQyltOU_Ed-zAT9Ew=mo,above and beyond customer service very professional.,5,0,2520.100.14464,2025-07-07 11:51:44,,,2520.100.14464,7,False
d056ff20-c6e4-4df4-8ab3-b4150fe444e1,Tom Dodd,https://play-lh.googleusercontent.com/a-/ALV-UjXgCJEb7acRLXb5KHPSlfhLOvC58ggJlz0YNqpqC8xtPkKvpZXl,"I'm not driving, I've been stationary for 9 minutes while I couple up and do my walk around. but no, you can't pass off the trailer because you are still driving....",1,0,2521.100.14986,2025-07-07 00:57:04,Hi Tom - This doesn't seem right. We want to take a closer look at this for you. please reach out to our support team at samsara.com/help for further investigation.,2025-07-08 11:01:49,2521.100.14986,31,False
ff87fd91-a206-4dbb-9e75-246a7e4ccb46,Craig Walker,https://play-lh.googleusercontent.com/a/ACg8ocIj3DRaihaQr_W7YcKRcV50EWPufrwtRe9Jwx-bN1e3f1Ggf3uo=mo,Easy to comprehend and work with.,5,1,2521.100.14986,2025-07-05 13:11:05,,,2521.100.14986,6,False
e11d179b-c8e4-411f-b375-30bd40f43ffc,Jon Miller,https://play-lh.googleusercontent.com/a-/ALV-UjVfXyhFmQjnxSArQNRz0mDVU1fG2Uo3NbbqAu9_m_NPPec4Lkl5hg,"nice and convenient, easy to use.",5,1,2521.100.14986,2025-07-04 19:53:08,,,2521.100.14986,6,False
1216f390-f178-4693-b142-97ed9842863c,Brian Addis,https://play-lh.googleusercontent.com/a-/ALV-UjWUSbsWOeVIVWQH6ivcRYy-EXBjAOPTUuyD39AsEy1zawIqPp8d,they need to update the speed settings for the camera. after the last update it is calling for reduce speed when you are doing the speed limit in some areas,2,1,2521.100.14986,2025-07-04 08:50:58,Hi Brian - We are sorry to hear that you are having trouble. We'd love to understand more and help you resolve the issues you're seeing. Please reach out to our support team at samsara.com/help and we’ll be happy to help.,2025-07-08 11:02:32,2521.100.14986,30,False
32fa24c6-2523-400b-a55b-2aff9452e4e3,Douglas Harrison,https://play-lh.googleusercontent.com/a-/ALV-UjWGrqg4_iR5qgoB8GZC0xUWLYWXBzPHULI7cJMnKBFXO-kSlG7QMQ,"I like it, I use it without problem!!!!",5,0,,2025-07-02 20:34:19,,,,8,False
b3920776-7340-49e8-a082-59f60eeb6b25,todd williams,https://play-lh.googleusercontent.com/a/ACg8ocIR4tGRxsPZ4FiNkPSwQnShXQNVC2Ud7zv6l3wbAKu9vnJFMQ=mo,keeps loosing me,1,0,2521.100.14986,2025-07-02 10:17:26,Hi Todd - We are sorry to hear that you are having trouble. We'd love to understand more and help you resolve the issues you are seeing! Please reach out to our support team at samsara.com/help and we’ll be happy to help.,2025-07-02 12:29:37,2521.100.14986,3,True
a0fc8dab-e647-4860-b5f0-5e2f9db21164,Alan Thompson,https://play-lh.googleusercontent.com/a-/ALV-UjXjQ1zCavNyu1oZkGvA11XXHJB9G7XVSY8LDNT57wCfO5jCeTOlDA,Can never log into the app. Have to make 5 attempts or more. to get it right,1,0,2521.100.14986,2025-07-01 21:34:17,"Hi Alan - We are sorry to hear that you are having trouble. We'd love to understand more and help you resolve the issues you are seeing! If this does not help, please reach out to our support team at samsara.com/help for further investigation.",2025-07-02 12:29:04,2521.100.14986,17,False
148bb8fa-b711-4f71-9fcb-95e013ee1305,Jimmy Rumsey,https://play-lh.googleusercontent.com/a-/ALV-UjUq6i3GAm7wJGNewPP5apP6d1GipU5IfcSiS6mjpLhzscshkHDQ,👍 VERY good,4,1,2510.100.13668,2025-07-01 03:33:45,,,2510.100.13668,3,True
6820d3f2-377c-4173-903b-44c71e8da505,Debra Blevins,https://play-lh.googleusercontent.com/a-/ALV-UjXubRTnCQOBDOqdgHKO7pEF2LFZxtfcZYoToLk39pBosEPasRQknA,slow to boot up,4,0,,2025-06-30 17:38:47,,,,4,True
be5a920b-c1ef-4d1e-9551-7dcf956946f0,Claudia Ruiz,https://play-lh.googleusercontent.com/a/ACg8ocJ35g_Sm_C9qS4Nsre306AMEm3XFp-z9NFkjc0q6n_WA7yNBA=mo,it takes a long time to open and respond or react to the user,4,0,2521.100.14986,2025-06-30 10:43:06,,,2521.100.14986,14,False
c7419576-3da5-4b97-8eb2-53c1e5c5eb41,Charles Tyler,https://play-lh.googleusercontent.com/a/ACg8ocL2Rgvbh_J7SxuoJtswmBWb7ryk3nyb61Y9qwUrTPPLIr1-Ag=mo,an amazing experience,5,0,2521.100.14986,2025-06-27 21:15:14,,,2521.100.14986,3,True
6b09f7a5-d415-469a-87cb-73b49149dc91,howie nyb,https://play-lh.googleusercontent.com/a-/ALV-UjXW633_BjEBQ6XYIPYrghPm3U7c62GQNN8rjTGY1rmFentxD9KF,"The lady that I tell you to reduce speed is so annoying, and this application. I don't like it because if you shut down, it will still give you a notification that's your hours is done. Not a fan of this",1,2,2521.100.14986,2025-06-27 09:19:31,Hi Howie - We are sorry to hear that you are having trouble. We'd love to understand more and help you resolve the issues you are seeing! Please reach out to our support team at samsara.com/help for further investigation.,2025-07-02 12:34:34,2521.100.14986,41,False
72864148-2f13-43c7-9651-bee0c19cb442,Dicky Obias,https://play-lh.googleusercontent.com/a/ACg8ocLmlB0O1rmkNmIKuj2WIHkbyA_HPseHCjZ2QKiAy1-ZMV6a4dI=mo,super easy to do your elog,4,2,2521.100.14986,2025-06-27 08:30:59,,,2521.100.14986,6,False
8fb2b854-d5ba-4641-9b63-a7588e1b7af3,Naheim Langley,https://play-lh.googleusercontent.com/a-/ALV-UjW_yBbj1zU7frb2Y2KAe5ra-hlE8IjUyKisEnd7JoVfrp6oJ1Zl3A,"Easy to work, plus it's a great way to be compliant",5,4,2521.100.14986,2025-06-26 17:06:48,,,2521.100.14986,11,False
60e6373e-8cf1-4bed-a9bc-ea30a7c3cf1a,David McClernon,https://play-lh.googleusercontent.com/a-/ALV-UjXAWUYP0TmHWPCkSruT98g9SAk2dDPApIgTT30PWjZdyksUJsuc7A,cant log on,2,0,2521.100.14986,2025-06-26 10:17:14,We are sorry to hear that you are having trouble. We'd love to understand more and help you resolve the issues you are seeing! Please reach out to our support team at samsara.com/help and we’ll be happy to help.,2025-06-30 10:24:25,2521.100.14986,3,True
4f14f63d-5fe4-4a24-a8c0-50286e7dff32,Hector R,https://play-lh.googleusercontent.com/a/ACg8ocJoHa9Zk8JpvNaj6K7SNXAStidOG2WJWZoIC08pMVaPjKKuAFo=mo,it's not finding any of the truck. now it's tucked on finding vehicle.,1,0,2521.100.14986,2025-06-26 09:20:33,"Hi Hector,
We are sorry to hear that you are having trouble. We'd love to understand more and help you resolve the issues you are seeing! Please reach out to our support team at samsara.com/help and we’ll be happy to help.",2025-06-30 10:21:07,2521.100.14986,13,False
208b4233-a87b-4bcc-be1e-94ac351e49e0,Dave Oltmann,https://play-lh.googleusercontent.com/a/ACg8ocLAWymL6xRSNncFc63EhiyWfmJQIwBSKuo-mdfYz1e0Rz_stfg=mo,can't move to home screen 😒,1,1,2521.100.14986,2025-06-25 14:51:12,"Hi Dave, we are sorry to hear that you are having trouble. We'd love to understand more and help you resolve the issues you are seeing! Please reach out to our support team at samsara.com/help and we’ll be happy to help.",2025-06-27 22:01:03,2521.100.14986,6,False
2752293a-4519-4aed-a53a-d0764ffd6397,Ismael Agosto Jr,https://play-lh.googleusercontent.com/a-/ALV-UjWcjYHlyU657fBsroXE4nM2QU6bwDP78-qmmTpQkdEMY2WqJKJ9,A great app works really well. the only thing that would be awesome if we were able to reroute a stop by dragging the stop up or down. instead of contacting dispatch and waiting for them to get it together.,5,13,2521.100.14986,2025-06-24 20:56:04,,,2521.100.14986,40,False
47615a64-e75c-488c-ac34-69f622daf3a2,Yadvinder Bhatti,https://play-lh.googleusercontent.com/a-/ALV-UjUp3fJVEomFws8E-_7j5yz1PMlmQpFM0ClZY8zBFmrEdFbMYKg,very great to work. easy to use,5,1,2521.100.14986,2025-06-23 21:09:10,,,2521.100.14986,7,False
9f8fde45-5e1b-4ad0-b9f0-cffd1fe31335,Chris Daily,https://play-lh.googleusercontent.com/a-/ALV-UjWQKk8M1_nodEL_CYbqM89Uj-fP2d3daop9bE4JbvGAvpI0t6piRA,every time I log out of this app it is keeping me logged on duty and connected to the vehicle I make sure to go off duty & sign out every time but for some reason it's keeping me connected to the vehicle and keep me logged on duty I also make sure to disconnect from the vehicle I bet I get no response from anyone just like in 2021 when I left a review,1,6,2520.100.14464,2025-06-23 19:08:50,"Hi Chris,
We are sorry to hear that you are having trouble. We'd love to understand more and help you resolve the issues you are seeing! Please reach out to our support team at samsara.com/help and we’ll be happy to help.",2025-06-25 09:55:56,2520.100.14464,75,False
403be1cb-16f7-49e5-b9f8-64cf8187365c,Roy Camacho,https://play-lh.googleusercontent.com/a/ACg8ocJ32LqmM9-wy70zV7ELY_HAY1cDYwy0nyMPfECKL-xI1i3flQ=mo,very awesome,5,1,2520.100.14464,2025-06-23 07:09:00,,,2520.100.14464,2,True
69bf1165-effe-435c-9af7-0c62dd89fa6e,Kevin Clark,https://play-lh.googleusercontent.com/a/ACg8ocL28Ne3qby2y1z0L2spk-n9rUli8WFYO93mUY-Zw0kh7k4uaw=mo,easy to use,5,0,2521.100.14986,2025-06-23 05:16:29,,,2521.100.14986,3,True
89963170-e0f1-4460-882a-365e1066b886,Armando Blancarte,https://play-lh.googleusercontent.com/a-/ALV-UjWpb7Qvx_y3bh5inApCWnXioV2VwJ4g54vEZskONJPrGkmkEzNPbA,"I started TRUCKING BUSINESS years ago ( 2018), driving on own truck doing all paperwork myself, from dispatching, facturing, loads search,this app is very intuitive and usefull, I left my business in 2022, I am back again working on what I love, DRIVING, STINGRAY DISTRIBUTING INC brought my life back, and thanks to them I started using. SAMSARA, thank you",5,4,2520.100.14464,2025-06-22 15:11:24,,,2520.100.14464,60,False
3478adb2-962e-4916-92c5-58705de3a827,Richard Morgan,https://play-lh.googleusercontent.com/a/ACg8ocKH646wM4tr2PaLbQ_s0NzFW2UDlNzB3JB1ia0elq4j0W669w=mo,easy to use and understand,5,2,2520.100.14464,2025-06-20 16:30:19,,,2520.100.14464,5,False
66a3ccbe-196c-4b44-9957-edb66bb67aae,Carron Conner,https://play-lh.googleusercontent.com/a-/ALV-UjWGjD0dcNDMHLkO7W2DM0bdIlUCSZzYMrHGZzkhjiaWUONdBhgwJw,"easy to use, simple and gets the job done",5,1,2520.100.14464,2025-06-18 16:01:49,,,2520.100.14464,9,False
ecec225e-3c3d-4c61-85fa-521a7b47f952,Jarvis Wanza,https://play-lh.googleusercontent.com/a/ACg8ocLfdN4OwNjUGG_imf-2_dAJO5b_QUmhwO69_uN2cooHWAriYw=mo,"I love it, it really helps with being safe",5,0,2520.100.14464,2025-06-18 15:06:44,,,2520.100.14464,9,False
72239511-e4af-4fe0-8bb1-4b4ba9981ff6,The Parkeys,https://play-lh.googleusercontent.com/a-/ALV-UjVLyo-oj4869lj7ys25SyeWXnqnwhJRCktUlwZVf-fN_4XZXV7lUg,still a pos snitch. with no way to correct human error. it's a money stealing corrupt tool user by big transport and Government to steal more time and money from us then they already do.,1,1,2520.100.14464,2025-06-17 18:26:00,,,2520.100.14464,35,False
4981a50e-1f80-4356-8928-95511e20cfaf,Lazarus Burns,https://play-lh.googleusercontent.com/a-/ALV-UjVPhF9kkpKw9RpwG0h5qFEjZl5OWlfoqFaI6zBzQZUH-4Fl5gfIPg,Great Driver App,5,0,2520.100.14464,2025-06-17 11:34:06,,,2520.100.14464,3,True
1c8fe966-1d6c-415a-9caa-b0a9ad1e2f60,Isher Gill,https://play-lh.googleusercontent.com/a-/ALV-UjVJN1WkTjYXVW-AZuU3B0XUrcQmtILK3YTdtGd6tgW2UhlrwfzT,after the last update. app is respnding very slow. it take almost 5-7 to open after minimizing. it was very fast before but last update ruin all the smooth experience of Samara. please Roll back. thanks,1,0,2520.100.14464,2025-06-17 01:48:19,"Hello Isher Gill - We are sorry to hear that you are having trouble. We'd love to understand more and help you resolve the issues you are seeing! Could you try to clear data as well as cache and restart your device. If this does not help, please reach out to our support team at samsara.com/help for further investigation.",2025-06-17 08:49:02,2520.100.14464,36,False
65f32e5f-f337-421a-8680-c70e9732ddd3,Tableta Operadores,https://play-lh.googleusercontent.com/a/ACg8ocLm9zvA3nsUOgzJ8oOtlB-yhZO5yY_8EcqxHfD30uZcSNxvbA=mo,muy genial,5,0,2520.100.14464,2025-06-16 21:59:12,,,2520.100.14464,2,True
adb92348-6559-4cd1-a194-cae99923c94d,Khader Ahmed,https://play-lh.googleusercontent.com/a/ACg8ocIkc8oFMVzyn03dLxU5DPalqPeD98CGy3JYzvHK0EIbZTMb1Q=mo,great app,5,0,2520.100.14464,2025-06-16 20:59:03,,,2520.100.14464,2,True
c80e822a-075c-4ea3-b4f5-b2c7450caedb,Tom Goode,https://play-lh.googleusercontent.com/a/ACg8ocKpYM-9Box_PlF7Tn1arI2wj2wqRYkJJ91V4bqu8MkSgg-rYA=mo,"really user friendly, the wifi connect ability could use a little improvement.",4,2,2520.100.14464,2025-06-15 05:39:48,,,2520.100.14464,12,False
06eded51-829a-4f39-a8fb-17f2e2d8186c,Tony J,https://play-lh.googleusercontent.com/a-/ALV-UjXePWWjHYll1PQgh1_cAuAaY1wf9GoIX2_ly0ysyVS2WzSTrGlw,ok,3,0,2520.100.14464,2025-06-14 12:59:41,"Thank you for your interest in our app! We’d love to learn more about your experience and see how we can improve it.
If you’re encountering any issues, please don’t hesitate to reach out to us at samsara.com/help so we can look into it further. We're here to help!",2025-06-17 09:55:03,2520.100.14464,1,True
738cfd5c-3c5e-4340-8a01-b0a6e35b9e00,Corey Lilly,https://play-lh.googleusercontent.com/a/ACg8ocI3tS3KbgFPCJzdfM_Xsv4L2aJ98u1yBtzzsqrIOydV3dZucw=mo,can not log in. tells me to check internet or to restart then try again.,1,1,2520.100.14464,2025-06-13 11:38:36,"Hi Corey - We are sorry to hear that you are having trouble. We'd love to understand more and help you resolve the issues you are seeing! We need to understand if the app doesn't work offline or that it works as if it was offline even with network connectivity?, Please reach out to our support team at samsara.com/help for further investigation.",2025-06-17 08:54:24,2520.100.14464,15,False
fd4c4919-8f2d-461f-9e2b-5f9085c8fc0f,Shonta Morgan,https://play-lh.googleusercontent.com/a/ACg8ocLTq7O4c6B6xBY5wjvXdwr05cc1xtJNsHVVbhk-RSFnC8GVQg=mo,useful,5,0,2520.100.14464,2025-06-13 10:48:38,,,2520.100.14464,1,True
97838e43-7247-4c47-bec0-c27fa41249be,Marc Cannady,https://play-lh.googleusercontent.com/a-/ALV-UjVPnDtuu5lOedrRdd6fcTamwJSYRDYDaD3UVwQEDby77tynuKI,"Absolute garbage app. They need to change their name to: ""FORCE STOP TO GET IT TO WORK""Not Samsara!",1,0,,2025-06-13 05:57:35,Hi Marc - We are sorry to hear that you are having trouble. We'd love to understand more and help you resolve the issues you are seeing! Please reach out to our support team at samsara.com/help and we’ll be happy to help.,2025-06-17 09:58:58,,18,False
ecac26b9-260e-4178-8a1c-fc408a712f61,Always Positive,https://play-lh.googleusercontent.com/a/ACg8ocIkZCleWkEkXA4Pn4czo9hA_jV6j17czcjmbAQoJu0uPkO4KPA=mo,good,5,0,2520.100.14464,2025-06-10 17:56:48,,,2520.100.14464,1,True
07585db6-f7b6-4760-bfb0-ca3c82d29b6a,Carlos Machado,https://play-lh.googleusercontent.com/a-/ALV-UjVpVLLYgOd8bHmmwSEtpYs527nKtG9rO-nC6EZF68aZ-Rbdy7E,easy to use,5,0,2520.100.14464,2025-06-09 22:34:42,,,2520.100.14464,3,True
d2f381ef-e153-45b7-8d9c-038f510e8220,Blevins TriState,https://play-lh.googleusercontent.com/a/ACg8ocJHymKraCzpc_n13OGpMVQsQwABKOfPGaOtH6UhaDqc67Myzg=mo,good service 👍,5,1,2520.100.14464,2025-06-09 17:17:14,,,2520.100.14464,3,True
15504865-d7d3-4011-b9f2-06c468c49af9,Lemarr Bonner,https://play-lh.googleusercontent.com/a-/ALV-UjX93XaTzAIYCuS1ujPWMtP2CcD7pswPDTbBPnC41o2Y4DjVgrZO,it's a great tool to keep track of time .,5,1,2520.100.14464,2025-06-09 16:32:12,,,2520.100.14464,10,False
f32158c7-c672-4cbf-b1de-c8f2a21b2d14,Ranjit,https://play-lh.googleusercontent.com/a/ACg8ocLZnccu7GcvnvQKrfPL80AYhErxwgOUCr3XykeHhSe7vZAzhw=mo,good,5,0,,2025-06-08 15:12:01,,,,1,True
24da7c21-31c1-44fc-87c7-db554707f5b6,Douglas Howard,https://play-lh.googleusercontent.com/a-/ALV-UjWXdtoiGMvc93MAgkVyKDmUZyAPk0qSPAHyUN9tVBISuUrxMHjW,works great,5,0,2520.100.14464,2025-06-08 13:23:40,,,2520.100.14464,2,True
df691c69-41d2-45af-ae71-812e18a251e7,Transnational Express,https://play-lh.googleusercontent.com/a/ACg8ocIFtJ75F9mJ-5URXAW8pmqFLsyvq33Q2vS2PbixrXd2mts5UQ=mo,goog,5,0,2511.101.14101,2025-06-08 08:17:09,,,2511.101.14101,1,True
2d00ec15-51a4-4326-be0c-eb812cfa3cd9,Dilraj Singh,https://play-lh.googleusercontent.com/a/ACg8ocJLdxLWN02e2PEf35qt_FOTsJxs_SkJcbNSsfzIHXahRzQzNA=mo,very good app,5,1,2520.100.14464,2025-06-07 15:46:16,,,2520.100.14464,3,True
50364786-9fac-424c-b60e-51a6841ca2f5,Louis Katz,https://play-lh.googleusercontent.com/a-/ALV-UjXRlVMUTPl936EQFZM-5avkRDBcVz8M_xP4nlv-WP0WztTJg7kJ,The best ELD App.,5,0,2520.100.14464,2025-06-07 08:59:09,,,2520.100.14464,4,True
2cc6172c-72c2-4415-aa57-e51f0ea9eb20,Carlos Arch,https://play-lh.googleusercontent.com/a/ACg8ocJoCtXFCAY09WSQgEuGOuNYfJWTUKHTnlEUSLFv-jF0K392Ag=mo,makes job easyer,4,1,2520.100.14464,2025-06-06 20:17:04,,,2520.100.14464,3,True
946f0666-38e2-497e-9312-d63456311f4b,yavotom,https://play-lh.googleusercontent.com/a-/ALV-UjVp0emMo6SAdNrjZG2G4BkQigO2R3Nq2T7Lgos_EnZ38GTF7JrP,"Sometimes whoever is trying to ""improve"" something in the app is only doing worse. Remember: the better is the enemy of the good. Please remove white ""All tasks completed"" bar from night mode. It is supposed to be DARK. Make it as it used to be.",4,6,2520.100.14464,2025-06-06 12:59:08,,,2520.100.14464,46,False
c5161ea6-0eb5-44cc-8c15-cacee31e5d11,jose g gilberto,https://play-lh.googleusercontent.com/a/ACg8ocKehSeLv13MX7RUGcbo2VXVNB75_2pALkXXQMuAeZoPigl5=mo,excellent,5,1,2520.100.14464,2025-06-06 12:03:22,,,2520.100.14464,1,True
d183cefe-bea0-443f-8161-e0b682eca35b,heff,https://play-lh.googleusercontent.com/a-/ALV-UjVkx4qefeGuzuL9ORTYj4POyLXPmI8XUCakXk9Y-xFm0h3oeOKE,"man, I do not understand with it being 2025 how badly this app lags. at times it will take 1-2 min to log in, show status, or get my location. i understand at times I am in a bad area, but in a major city with 5g on a s23 ultra, no excuse.",2,3,2520.100.14464,2025-06-05 22:16:59,We are sorry to hear that you are having trouble. We'd love to understand more and help you resolve the issues you are seeing! Please reach out to our support team at samsara.com/help and we’ll be happy to help.,2025-06-09 13:11:59,2520.100.14464,53,False
be4b9a02-535d-4229-849f-dad6223d7562,David Kelly,https://play-lh.googleusercontent.com/a-/ALV-UjXStweWtjdL6wYisxVfdKiHtQB6e6_ukns1Tqg82xfmfwj4vb3R,"Easy to use and works fast on newer phones and tablets. On older tablets, it crashes a lot and I'm having to wait on it to load to change duty status. Other than that its perfect",1,2,2511.101.14101,2025-06-05 17:03:45,"Hi David, have you tried the latest update? It seems to fix the issue for many of our users. If it doesn't work for you, please reach out to our support team at samsara.com/help so that we can work together to figure it out?",2025-06-09 13:13:43,2511.101.14101,36,False
6a9a7d95-95b9-4993-92c0-431a3800cdc6,Wayne McFarland Jr,https://play-lh.googleusercontent.com/a-/ALV-UjX5luWWxPKFOCR2f-2dZcIjp9Ja_mGbjMA4uK530E2AYxkMdDA,"If anyone at samsara can stop the spamming of load edits that might be helpful. Dispatch makes a minor edit and samsara goes on a rampage, spamming with edit messages even after the load has been completed",1,0,2520.100.14464,2025-06-05 07:48:26,,,2520.100.14464,37,False
1bf1bbac-ba35-4cf1-aeb7-9f5f16112ab7,Hector Fonseca espinosa,https://play-lh.googleusercontent.com/a/ACg8ocJb7jI4FLRwXANaw8E5PUqm78zKAlbkY95dt4_afQhQI9G69Q=mo,good,5,1,2520.100.14464,2025-06-04 20:23:38,,,2520.100.14464,1,True
56b8cf54-42ba-4bbc-9073-7d4a99922058,Vinssen Clark,https://play-lh.googleusercontent.com/a/ACg8ocJ-dZoGnGvR0vbCF2IRfGRCIZW7unNC6vVQkmQDc7SWBeHKyw=mo,just follow the prompts and you're good to go,5,1,2520.100.14464,2025-06-02 02:34:52,,,2520.100.14464,9,False
262fde36-5210-4dac-a297-dfc0ff8becdd,guillermo castro,https://play-lh.googleusercontent.com/a-/ALV-UjXtNkiXI5hhBErlTpc85qwTDFjatUViPmxaSSQqJ8WsAq23QUpy,good device,5,0,2520.100.14464,2025-05-30 22:11:46,,,2520.100.14464,2,True
1c45f579-e446-4b5d-a1d6-c65060922a21,Kenneth A Addison,https://play-lh.googleusercontent.com/a/ACg8ocLYJoo0cJck_2KCxK6qk6qZRQiwh3k3jWkUnx4ncLXE_YN4FQ=mo,very worthless,1,1,2520.100.14464,2025-05-30 02:22:27,Hi Kenneth - We are sorry to hear that you are having trouble. We'd love to understand more and help you resolve the issues you are seeing! Please reach out to our support team at samsara.com/help and we’ll be happy to help.,2025-06-02 09:17:11,2520.100.14464,2,True
7bbd4c3d-4903-4242-b68e-1581d0231ff9,Juan Garcia,https://play-lh.googleusercontent.com/a-/ALV-UjWoK5ApaPWFPP3Y55DzuDhUfbDnk8-zX6FePN_9r1jPTVspC2JG,AWESOME...,5,0,2520.100.14464,2025-05-28 18:36:49,,,2520.100.14464,1,True
c6eba2f0-1499-4796-b4b4-c99066b52d1d,Richard Grice,https://play-lh.googleusercontent.com/a-/ALV-UjWAkHH4a60AMenJ7SRnT0FkYFS0AbRCm0c0Eg9qbKSdneR27gk,the forms option keeps disappearing when it time to do a monthly inspection,3,1,2520.100.14464,2025-05-28 18:02:06,Hi Richard - We're sorry to hear you're experiencing issues. We'd appreciate the opportunity to learn more and assist you in resolving them. Please contact our support team at samsara.com/help — we're here to help!,2025-06-02 09:30:08,2520.100.14464,13,False
404967db-2d1d-4eaa-b3b0-140df32b1e88,Jackson Mic21y,https://play-lh.googleusercontent.com/a-/ALV-UjVZuDnM0ADOAa29TtQBWvxf4cBd5EXA3QNi__cpJtzEazcSSfdPDg,easy use,5,0,2520.100.14464,2025-05-28 11:23:22,,,2520.100.14464,2,True
072fc6bb-e1a0-4fd0-83dc-7312b625d0cf,Julio Romero,https://play-lh.googleusercontent.com/a-/ALV-UjW6rJcLx-OzkIkQnGI6UimNzpT1hKrwxT5qpbbwzGfqasrXxlKRYg,everything is so easy and simple,5,2,2520.100.14464,2025-05-27 16:38:32,"Thanks Julio, so glad you're finding the app intuitive to use!",2025-06-02 09:19:26,2520.100.14464,6,False
509eea16-3787-4b16-b81f-7be904384db5,Peter Wood,https://play-lh.googleusercontent.com/a-/ALV-UjU_B-hWfWSjXcy3vIThK_t-DzHnqb15qTUABZpNQxXs1Ii_w8n2,"garbage! when you hand your phone to the inspection officer, it's not locked! they can look all through your phone apps and pics. even after the app tells you your phone is locked",1,2,,2025-05-27 07:16:25,"Hi Peter, We are sorry to hear that you are having trouble. We'd love to understand more and help you resolve the issues you are seeing! Please reach out to our support team at samsara.com/help and we’ll be happy to help.",2025-05-29 10:28:28,,33,False
56f4be7f-b5b9-43f5-826f-1c96628da94a,Garaad Osman,https://play-lh.googleusercontent.com/a-/ALV-UjVoXq6d1gD9IdluOWFTaTGGFB9N-CtAJ6WoxsldsOBCdb-f-GbB,good,5,0,2520.100.14464,2025-05-25 06:32:26,,,2520.100.14464,1,True
b5a02349-b262-4636-b9aa-e51a5c0a252f,Jon Voigt,https://play-lh.googleusercontent.com/a/ACg8ocJDzr1o6suUav_wV76ys9MBUw1Gt3GIkATlNJFHKAPsbClY5A=mo,"I've ran this app for a long time now. Wasn't a fan of it not carrying off duty time from DOT to MOT into Canada. not even sure they fixed that. Now I'm dealing with the Shipping ID's (BOL) under the vehicle tile not holding and dropping off daily between nightly recaps. Plenty of bugs. Cannot Split Berth either. Good app, lots of very specific letdowns unfortunately. Hopefully they fix them.",3,2,2520.100.14464,2025-05-24 11:29:15,,,2520.100.14464,71,False
9f852cd3-5288-4b90-91f6-cc1315402bff,Steven Hicks,https://play-lh.googleusercontent.com/a/ACg8ocK8-nFhJ9LepSYL4Bpq4WTK5qNvt_TU-cx5WZ4MS_X0bLUZfA=mo,slow operation,1,0,,2025-05-24 11:00:06,We are sorry to hear that you are having trouble. We'd love to understand more and help you resolve the issues you are seeing! Please reach out to our support team at samsara.com/help and we’ll be happy to help.,2025-05-29 09:48:12,,2,True
7e0f7abe-4cb8-4b09-8446-cb5f016c6c71,Jason Darnel,https://play-lh.googleusercontent.com/a/ACg8ocKSTWRmR2BsjZCfZfy7-tZzEZvMWFCM15M2gJdoksBLEGCheQ=mo,just deadly! lol,5,0,2520.100.14464,2025-05-23 07:16:10,,,2520.100.14464,3,True
e3d8807b-d4db-4233-be79-4afd44a952be,henry winter,https://play-lh.googleusercontent.com/a-/ALV-UjXMD_3Xxh9TL8ECgCOy8zFNbd39KMErKELcHRbZRnyepA0t4emtZA,Cannot download app because of Google play monopoly total pain,1,0,2511.101.14101,2025-05-22 19:39:01,We are sorry to hear that you are having trouble. We'd love to understand more and help you resolve the issues you are seeing! Please reach out to our support team at samsara.com/help and we’ll be happy to help.,2025-05-23 10:03:39,2511.101.14101,10,False
86fee05d-b352-4285-a699-2da86dcc7dc2,Kathleen,https://play-lh.googleusercontent.com/a/ACg8ocKg1NukxW-QFSgRqG1BwqdBJimfF9MxMHyDUo_n6KOlwkO-4w=mo,it's great once you are able to use it. very effective,5,0,2520.100.14464,2025-05-21 00:32:32,,,2520.100.14464,11,False
20c6bc04-42f6-4192-98ce-485d54ee1be2,Ronald Spader,https://play-lh.googleusercontent.com/a-/ALV-UjXmsEWEu0nvH1LL0LYoNRoTUCoLzd6PrQXY7NlzThPjICU3UDA,It's as good as any other Elog App.,5,0,2511.101.14101,2025-05-19 15:10:15,,,2511.101.14101,8,False
764fe2d7-2c64-42a2-85ca-0473b6c9a291,W Bryan Jackson,https://play-lh.googleusercontent.com/a-/ALV-UjUQpeGVBsS3SfOsMwPgIZVvzcaNv_Ou38NiHGLKGszASmiUYEoq,"Unable to update, add, or create a DVIR for trailers as of 5/18/25 when the app updated.",3,0,2322.100.10778,2025-05-18 21:10:01,We are sorry to hear that you are having trouble. We'd love to understand more and help you resolve the issues you are seeing! Please reach out to our support team at samsara.com/help and we’ll be happy to help.,2025-05-19 16:23:41,2322.100.10778,17,False
065aa96c-3041-449b-b080-4af6976a9e5e,sean renfro,https://play-lh.googleusercontent.com/a-/ALV-UjUYlj-rrDXE_OokRN5Rk62_dP-RUKWlX5Tyozv6siVCyJ1BfwpC,app works great,4,1,2511.101.14101,2025-05-18 17:33:52,"Thanks Sean, so glad you're finding the app intuitive to use!",2025-05-19 16:24:06,2511.101.14101,3,True
12bfa55a-8ebe-4a72-a7aa-6b4a77246d61,Toice Walker,https://play-lh.googleusercontent.com/a-/ALV-UjUEM8vXLIEAOl1OTO1hrekW5WVBz6T2Obosq1tc6HL7vCPDu3vx,don't work well,3,1,2511.101.14101,2025-05-18 09:37:48,,,2511.101.14101,3,True
5a3af78c-2400-42c0-a136-0af78995e311,Raw,https://play-lh.googleusercontent.com/a-/ALV-UjVb6qQq6HC9et9O1tTAjdv7mpP64EaJ2DsR-_QAlceMMxda57fQ,"every time I log on it makes me go on duty and pick a vehicle. I can't do anything unless I pick a vehicle, and I picked the wrong vehicle once and it would not let me go back and switch, I had to go through the whole pretrip process. it used to let me log on , then pick go on duty. then pick a vehicle. very frustrating especially with DOT coming down on simple mistakes..",2,3,2511.101.14101,2025-05-15 14:31:42,"We are sorry to hear that you are having trouble. We understand the impact that this has on your operations and appreciate your feedback on this feature. Should you have any questions or trouble, please reach out to our support team at samsara.com/help and we’ll be happy to help.",2025-05-19 16:22:40,2511.101.14101,77,False
71ccc35f-e3fa-4ecf-98a3-5dbf5cbebc07,Hugo Salinas,https://play-lh.googleusercontent.com/a/ACg8ocID7s7hrm7KbaAaUstKZyoMq7Yx_wYTCKfhCdJ6s-7Dhsy1pA=mo,Very easy to work with.,5,1,2511.101.14101,2025-05-14 17:37:20,,,2511.101.14101,5,False
a9f97935-a921-4861-8c38-87fa7e877234,Jacobus Nel,https://play-lh.googleusercontent.com/a/ACg8ocJ2NjH42oeY1nna4gCB-d9bhR7iuBBxsgpIvWbs3dEpA8XAYA=mo,the best,5,0,,2025-05-13 21:39:21,,,,2,True
90b09b9b-0e33-4ebe-ab79-f7aca8f42f4f,Ruben A. Cortes,https://play-lh.googleusercontent.com/a/ACg8ocKLoS2OBr3ev9c6NjbKEXobsZBfMXAn_ip6JYBjxC3X5CaZHw=mo,I love it,5,0,2511.101.14101,2025-05-12 16:28:54,,,2511.101.14101,3,True
c7b2f4b2-8b19-4ef6-a658-df40df528f59,Ruben Diego,https://play-lh.googleusercontent.com/a/ACg8ocKh2hhD2sJHqCHGcHiBUhn5L3QW6ALmc62Ul1_t7myeEE7Vlw=mo,excellent!,5,1,2511.101.14101,2025-05-12 15:03:24,,,2511.101.14101,1,True
88997e95-34aa-44d6-b10a-aa8869835a8f,Jose YourNorthEastDriver Echevarria,https://play-lh.googleusercontent.com/a-/ALV-UjVlt2IuiV7eDrX6VVHNnxdxP99TTnz2bB1AFwYmxwdVvUzU9CY86g,fast and easy,5,0,2511.101.14101,2025-05-12 08:41:30,,,2511.101.14101,3,True
a6674d9a-22af-4db9-a5ee-443b3cb69b6c,Rizwan Haroon,https://play-lh.googleusercontent.com/a-/ALV-UjUQk8bpz1v9sGcBEclvpyNoMAJ5z9PrnKX9n4zrKkkIppXuHE4,It's working fine now without crashing any more.,5,0,2511.101.14101,2025-05-11 16:37:25,,,2511.101.14101,8,False
1241ffa2-dd9f-4734-9d4d-bac165f20fdb,navdeep singh,https://play-lh.googleusercontent.com/a/ACg8ocIvsY2SzLv-OSVX9jMhgkdm6kyOeVNCVI9UI3N6EJ1pQ67_in0=mo,setting r not clear,1,0,2511.101.14101,2025-05-11 11:31:46,We are sorry to hear that you are having trouble. We’d love to understand more and help answer your questions and resolve any issues you are seeing! Please reach out to our support team at samsara.com/help and we’ll be happy to help.,2025-05-12 13:44:17,2511.101.14101,4,True
23446e30-3ad7-4289-a44a-b3fd2471e588,Abdul karim Adilyar,https://play-lh.googleusercontent.com/a-/ALV-UjWL8AIqpTcAISVehpkgLAaw8RKt2gRV8l9K2psvzbNo6DH-FtOh,I really love it this app.,5,0,2511.101.14101,2025-05-11 10:37:22,,,2511.101.14101,6,False
68cb1f21-632b-4fef-b204-4151e915d1c9,Michael Venzke,https://play-lh.googleusercontent.com/a-/ALV-UjXLm46kvdIqwhl-kfLNr0nVoVE08ZeUwpz4pumSkB7Lba6-UOxC,good force!,5,0,2511.101.14101,2025-05-09 20:03:54,,,2511.101.14101,2,True
772cfed3-c769-49a4-a52f-0c8c2f3a6cfa,Larry france,https://play-lh.googleusercontent.com/a/ACg8ocI8SRqKFN7VCRxh_Ix8N7I_iWKbpVB4PSBOeFMraJQM33teMw=mo,it's okay just take getting used to,4,0,2511.101.14101,2025-05-09 12:29:55,,,2511.101.14101,7,False
3934e492-2370-4396-b958-58442931558f,Isiaha Benitez,https://play-lh.googleusercontent.com/a/ACg8ocLxDGEQ4NhNfEXxn1MA-9sb3mxy_JGeLNz5cUixGYmFwfdPxA=mo,ok,5,1,2511.101.14101,2025-05-08 16:49:54,,,2511.101.14101,1,True
4825a34b-4825-49c9-b7b0-1a74d5539ddc,David Clayden,https://play-lh.googleusercontent.com/a/ACg8ocJPPTK1_pvYw7_8MKrU4M0oNTVmrbYYuqBVL_Nx2JgNxhYeSQ=mo,outstanding,5,0,,2025-05-07 19:49:17,,,,1,True
ba03cbe2-df83-4cb1-8d73-85dbcfaf1929,Madecael Rodriguez,https://play-lh.googleusercontent.com/a-/ALV-UjX2d7mK_vdh8_FKYripr2NhdaCeBahb3FmPKrKiRkOsN6mw_hNmnQ,good 👍,5,1,2511.101.14101,2025-05-06 19:30:14,,,2511.101.14101,2,True
45469591-c2c2-4361-837d-21a92ac14628,anthony pierre,https://play-lh.googleusercontent.com/a/ACg8ocJSu4JAzUbp2DYV57TP94jMJPHrSDgf3dDGvw7daZLtdP3pfg=mo,easy to use better than some of the other elog systems out there.,4,1,2511.101.14101,2025-05-05 16:29:35,,,2511.101.14101,13,False
8c5d3182-05f5-42ac-b0dd-cfc01b38e944,Davian Breedlove,https://play-lh.googleusercontent.com/a-/ALV-UjX2t9wL-huCJj54H1wo_0qJQ_QtX8bkE16dVk6S6VPjLgNK4pKE,"doesn't do split birth correctly and causes violations. complete and total garbage app,I hate that my company requires it.",1,2,2511.101.14101,2025-05-04 15:49:15,We are sorry to hear that you are having trouble. We'd love to understand more and help you resolve the issues you are seeing! Please reach out to our support team at samsara.com/help and we’ll be happy to help.,2025-05-09 10:35:45,2511.101.14101,19,False
cd8b8fb0-8199-42b7-a13c-35abd1471d69,Preston Spencer,https://play-lh.googleusercontent.com/a-/ALV-UjXZtip48iaGV6J_MmfkYjz0JLSc88CSmB3MczrJ_yZoovSJNMxVfQ,Excellent!,5,0,,2025-05-03 03:32:05,,,,1,True
e3e01155-b9bb-44e8-afac-637ebf947a6b,Eric Sanford,https://play-lh.googleusercontent.com/a-/ALV-UjVDYUKhtBRTe3TRWsRW8UmKs-kINkvnXS29dt_fA3HS7iZD4fKU0g,SAMSARA...IS A NICE ELD SYSTEM....THE MORE I USE IT ...THE BETTER IT GETS....,4,0,2511.101.14101,2025-05-01 16:06:45,,,2511.101.14101,13,False
0a82217f-4c18-435e-acf8-775d13ea781c,Randy Greer,https://play-lh.googleusercontent.com/a/ACg8ocI2EDIFvdc7SlqtoVpdJaaOn4qbX8aEar3oL2xnTx6sex8Hbw=mo,easy to use,4,0,2511.101.14101,2025-05-01 11:22:47,,,2511.101.14101,3,True
7bdf21c6-9edc-40c0-b25e-5e47615cc4fd,Bryan Fabroa,https://play-lh.googleusercontent.com/a-/ALV-UjVe2DhJ2HhM83jHaMC3bgSd-WKqjsREpdEQ4-y8sU95Y4Siqyiw,Awesome,4,0,2511.101.14101,2025-04-30 17:33:33,,,2511.101.14101,1,True
84e4a06a-146a-42cd-98f9-82af69ad6877,Trever Brant,https://play-lh.googleusercontent.com/a-/ALV-UjWg4Wwov3_SJaO5Y5sOWaH__dQ_Dxs77gJ3GIOK4EJlEKbGd-ev,easy to use,5,0,2511.101.14101,2025-04-30 16:37:44,,,2511.101.14101,3,True
e2530767-1075-4591-b438-1e1ed09534b6,Elvis Gomez,https://play-lh.googleusercontent.com/a-/ALV-UjWzWxy9GZkZZ8O5ykXPVCZp-1Du9qROtFG0h3EFKkoGkd3WbnbJdQ,good 👍,5,0,2511.101.14101,2025-04-30 05:57:06,,,2511.101.14101,2,True
87928786-8aae-443e-8ab2-24ed960e477e,wesler hester,https://play-lh.googleusercontent.com/a-/ALV-UjWBEKuNadG-34X7rGTvKmQvkgDX_-JoyVxVRSESj_1CoAdO8p5vyw,it's good to go,5,1,2511.101.14101,2025-04-29 20:58:36,"Thanks Wesler, so glad you're finding the app intuitive to use!",2025-04-30 11:06:57,2511.101.14101,4,True
05284ce0-4d9c-48a9-ae1c-4f09374ef3c7,Kofi Deen,https://play-lh.googleusercontent.com/a-/ALV-UjXdQkbj1Gmy-7PyYC8rGCK7BQRJDonrsL2xWVP_F98VBDRI63Uk,Precise and accurate just what our company needs!,4,1,2510.100.13668,2025-04-28 12:36:01,,,2510.100.13668,8,False
a4a1bf6c-0990-43ec-b986-41200ff007d6,Bradley Baker,https://play-lh.googleusercontent.com/a/ACg8ocKUy8JAWp8ehf8Zf6pTnwFx5lf3SUb1Flj56JAIX87r8oBYAA=mo,Easy to use and do edits if necessary before certification,4,1,2511.101.14101,2025-04-26 21:10:37,,,2511.101.14101,10,False
a0cf1709-e963-422a-a59c-2235953daf9c,S S,https://play-lh.googleusercontent.com/a/ACg8ocKZarxaPy1koeYeAPM7ZrVYkNxNPPbXw1LJqIl73bS6pzmygQ=mo,"Small tweaks, otherwise GREAT e-log app!",4,0,2511.101.14101,2025-04-25 18:07:03,,,2511.101.14101,6,False
62b68be9-9990-4b08-929b-302b66eaacc7,dilmohit singh Khattra,https://play-lh.googleusercontent.com/a-/ALV-UjWwKmty0FUhwdPrWDpHGDTQ11DQrUXEWtpLF_IF8bP_ZXsT3mfYww,its not bad but sometimes it doesn't update on time and you will be in violation,1,0,2511.101.14101,2025-04-24 01:06:29,We are sorry to hear that you are having trouble. We'd love to understand more and help you resolve the issues you are seeing! Please reach out to our support team at samsara.com/help and we’ll be happy to help.,2025-04-29 09:26:13,2511.101.14101,16,False
08611212-2103-47f5-af38-44ce700bd44b,Todd Astle,https://play-lh.googleusercontent.com/a-/ALV-UjWYJjrFesVc01V-7eEhdpYtJuvntQwAJjxjwQVQxlWLYh9SV174XA,"makes my job way more efficient, easy to use.",5,1,2511.101.14101,2025-04-23 17:13:30,,,2511.101.14101,9,False
86ecad64-3f8c-4822-9e88-dd21dd7ff3bf,Demetrius Mitchell,https://play-lh.googleusercontent.com/a-/ALV-UjWfK1gi6keCpA-J25jEKYI1GQ0T3Y328v2UZEDPI4EbTeolBMgV,a lot of bugs,1,1,2511.101.14101,2025-04-23 10:30:05,"Hi Demetrius, we are sorry to hear that you are having trouble. We'd love to understand more and help you resolve the issues you are seeing! Please reach out to our support team at samsara.com/help and we’ll be happy to help.",2025-04-29 09:18:17,2511.101.14101,4,True
60ff2cbe-fd0b-475c-ad4f-7f8e6a5eccf5,Jamie Rambo,https://play-lh.googleusercontent.com/a-/ALV-UjWbwMalURYt4MoEq9mbYOtq5MX3pWlk_5kXSHw6DYRkCr5s1-g7,"I am constantly having to reinstall. This app will open... then close. Open... then close. It gets to the point where I cannot even do anything, so I have to reinstall and start the cycle again. The max I have got this to work properly is a few hours. Minimum was a couple minutes. Super frustrating.",1,5,2511.101.14101,2025-04-22 09:14:57,"Hi Jamie, we are sorry to hear that you are having trouble. We'd love to understand more and help you resolve the issues you are seeing! Please reach out to our support team at samsara.com/help and we’ll be happy to help.",2025-04-23 10:19:25,2511.101.14101,56,False
57c0fecc-b425-4a37-b580-56ab9c876e52,Wilfredo Montijo,https://play-lh.googleusercontent.com/a-/ALV-UjXINku65mIcXrtS-KmjmTaI0URFQEHdFs4x0omj8Kr61MXTRWuPOg,nice app,5,0,2511.101.14101,2025-04-21 08:48:15,,,2511.101.14101,2,True
76703b2c-f0d2-4718-a4a9-92804c483aa4,Keith Shuler,https://play-lh.googleusercontent.com/a-/ALV-UjUQP4NuBCDbQ4EXnD6duKCy5jsOHsI2fMG6gBJemEReGbF_SAZ8mw,1st Time User Excellent App For the Professional Driver!,5,0,2511.101.14101,2025-04-19 17:59:18,,,2511.101.14101,9,False
50b0b886-4e36-4515-b09c-ce14ab6b1873,Karl Brown,https://play-lh.googleusercontent.com/a/ACg8ocLm9otBMq56DZ9VnyhjZLT-z_Zxb2D-5aaT2qvGMF5N1Db9ww=mo,keeps great records for my own good and safety,5,1,,2025-04-19 11:31:26,,,,9,False
c7e6fd29-fe28-413b-aa72-741b7b7da1a9,Drew Bell,https://play-lh.googleusercontent.com/a/ACg8ocL7aw9FOpN0mw2ZLC5xYpsG693o9SAQVPsDWBIvR3uDT5ln3g=mo,Great App,5,0,2511.101.14101,2025-04-19 08:34:35,,,2511.101.14101,2,True
6f0bfb1a-451c-46d2-a85d-6d96172dd68b,Expediting Company,https://play-lh.googleusercontent.com/a/ACg8ocJo2D0m2LMyNiTr-LKa8K4mH-_C5lrqTCbCsRYfT9kcYqE60g=mo,needs work,3,0,2511.101.14101,2025-04-18 08:15:17,,,2511.101.14101,2,True
54934049-87fd-4fe2-9f3b-6aca1daaaef9,Satnam Cheema,https://play-lh.googleusercontent.com/a/ACg8ocJcx3jCKS3LoUfCoOpfR73I_cF00BPTmdnxICBpttjd2_pRfg=mo,good,4,1,2410.101.11682,2025-04-17 21:48:12,,,2410.101.11682,1,True
5219f849-d0d4-408c-8fde-f8fff06eac1d,Brett Mueller,https://play-lh.googleusercontent.com/a/ACg8ocIG7HL340I_Wt6xWnSmp1rMYnu6QSfxuK27mCiv6QTXWlLX6w=mo,It's a great system to have every tractor,5,0,2511.101.14101,2025-04-17 19:11:53,,,2511.101.14101,8,False
c11a4043-102e-4470-b1a6-119fb902e3ac,krishan kumar,https://play-lh.googleusercontent.com/a/ACg8ocLki1xXYgK_uDAq-KhjceTkEEFnkKbeoC5QFwMpG86Da50BIA=mo,very useful,5,0,2511.101.14101,2025-04-16 00:04:17,,,2511.101.14101,2,True
0239cc00-1a0e-464a-9631-36ed1e367c9a,Crom 35,https://play-lh.googleusercontent.com/a-/ALV-UjWHSG3g-wgiLXZhOPihS3l88iTkO2f0-CnlD7ZfwTNCN_0M4Qw2bw,Used a few ELD's over the years. Still the best one I have use over the years sofar.,5,1,2511.101.14101,2025-04-15 16:54:21,,,2511.101.14101,18,False
ee1c85cb-a186-4123-bc7e-5b2f990cff2b,Matt Watson,https://play-lh.googleusercontent.com/a/ACg8ocK9k9_U0Fo2brq7HvV5ILHEcwnVs6Wd-pD-Tlf_2NytYdkf8A=mo,"I find the app very intuitive, easy to use...not redundant. We'll thought out. Thank you for your careful attention to details.",5,6,2511.101.14101,2025-04-15 14:28:11,,,2511.101.14101,21,False
d4bf0ecd-de9c-4aa5-95c8-ef10ffedaa1c,Scott Tupper,https://play-lh.googleusercontent.com/a/ACg8ocJhW0KK2sR4dzt8aqzjrtpg91okKf1gO0i4JZ0cm5XKQM9dKg=mo,"when I'm using PC, it will randomly throw me into driving for 2-3 minutes. Even though I've got the screen open and it says I'm driving in PC, I'll stop and it will show 2-3 minutes of on duty driving. then, tonight it gave me a warning to take time off within the next 30 minutes. I'm on vacation and have been off Duty for the last 113hrs.",2,2,2511.101.14101,2025-04-14 01:41:04,We are sorry to hear that you are having trouble. We'd love to understand more and help you resolve the issues you are seeing! Please reach out to our support team at samsara.com/help and we’ll be happy to help.,2025-04-15 08:22:22,2511.101.14101,68,False
6b755d0d-80c3-4405-90ec-ce6fa88c3c2c,SMA Trucking,https://play-lh.googleusercontent.com/a-/ALV-UjWSO65moqMTGro24Rg4l_6htGSmt5cCCkq-cnVSgOaQbrAgya8d,Everything except for the driver facing camera,5,1,2511.101.14101,2025-04-13 21:26:07,,,2511.101.14101,7,False
2615be68-94d9-4822-a16d-c1701353708e,Bob Powell,https://play-lh.googleusercontent.com/a-/ALV-UjUiXg7Ih3fM68FqcKuQfkRFKDFvS7Ypv8oZRPW7NkiSth19r2VG,does exactly what we need it to do,5,0,2511.101.14101,2025-04-11 22:55:19,,,2511.101.14101,8,False
e44795ec-8eeb-4fb2-9cd6-4c70959fe9bc,Timothy Cunningham,https://play-lh.googleusercontent.com/a-/ALV-UjWP47maDcQxoboSglo-3CMu2F2MQh8CB5H66JGzwNV8y4054M6z5A,great,5,1,2511.101.14101,2025-04-11 17:16:51,,,2511.101.14101,1,True
201c98db-b22e-45c1-93a5-d6e2a3f61651,Dontez Cristol,https://play-lh.googleusercontent.com/a/ACg8ocKP9CIaaqB9NZuOK_hR2XOlzzlMCdv7EoKMKOwDuhZ3Lgq2NpxK=mo,very up to date software!,5,1,2511.101.14101,2025-04-11 11:31:36,,,2511.101.14101,5,False
72b881c0-e2c9-4464-b682-75cdbfc47304,charles lambert,https://play-lh.googleusercontent.com/a/ACg8ocILA0GOaZIVVPvEgjZt0VJcZJe8UwrPinfoTZ5DQnqHTmRD2U4=mo,junk app,1,2,2511.101.14101,2025-04-10 12:48:19,We are sorry to hear that you are having trouble. We'd love to understand more and help you resolve the issues you are seeing! Please reach out to our support team at samsara.com/help and we’ll be happy to help.,2025-04-11 19:07:41,2511.101.14101,2,True
ad9c401c-0e68-4144-920a-0bbc80a3bc16,Justin,https://play-lh.googleusercontent.com/a/ACg8ocJboSzoda3A3ZzLf7wJSi9q_tausha7KZmcre9vMtlI0djrOw=mo,"I receive notifications about taking breaks and reaching maximum allowable drive time. It's not possible when I have already logged off and gone home. When speaking with technical support, they can not understand the problem. They want to discuss other issues that have nothing to do with it and are sure how to fix the problem or the fact that it doesn't register the right speed limits .There are too many glitches in the system.",1,3,2511.101.14101,2025-04-10 05:59:26,"We are sorry to hear that you are having trouble. We're taking in your feedback and looking into ways to improve that experience.

",2025-04-11 19:08:52,2511.101.14101,75,False
0d788fb3-0630-4122-9c4e-690a123ef739,John Jonas,https://play-lh.googleusercontent.com/a-/ALV-UjWGOIe23x8kPHQ3L-F6k1W6W5W6Bf6TkNiuZAGff-YQN2B6idId,Easy to learn and use.,5,2,2511.101.14101,2025-04-09 13:40:02,,,2511.101.14101,5,False
36f16e34-6474-493e-b695-02dd675dbfe1,James Kendrick,https://play-lh.googleusercontent.com/a-/ALV-UjUufAgmyfhqaiBfyLpQe299dEHBX9nepXxg2LIVcQvZ9ubERzeZ,Every time you send updates messes everything up. Still doing the same damn thing.!,5,0,2130.101.8554,2025-04-08 09:28:44,We are sorry to hear that you are having trouble. We'd love to understand more and help you resolve the issues you are seeing! Please reach out to our support team at samsara.com/help and we’ll be happy to help.,2025-04-09 14:24:45,2130.101.8554,14,False
b0183951-d053-4a18-894c-66f4237748c5,Jesus Franco,https://play-lh.googleusercontent.com/a/ACg8ocKvtWgWyGzFepd2Da5-Kmq9lJnb7wHDVyq4R18yzS-RrTwj3Q=mo,good,5,1,2511.101.14101,2025-04-07 20:14:08,,,2511.101.14101,1,True
a81f873a-b537-485e-9c95-545ff4c4143d,Rufrider28,https://play-lh.googleusercontent.com/a-/ALV-UjXzih7ryiZMKi906gVNY6SqtmwvS8itAm57cy5R_d1kRypSsZClbA,One of the best GPS real-time systems I have worked with.,5,1,2511.101.14101,2025-04-07 15:54:34,,,2511.101.14101,11,False
b88757de-3f7d-494e-bb0d-278d21e1792d,Steven Blackburn,https://play-lh.googleusercontent.com/a-/ALV-UjWSpBevETfb_AW0Kr2mpPFz_kjbXFVwzP1WxqdUgMnNsZWQy8d5bw,doesn't use satellite. uses cell services. pray your cell service is good otherwise lose a lot of time. anyone else notice that customer service world wide is of no help. they won't help you. nothing ever gets resolved. the only way to fix the issues you're having in your life is with money. stop investing in companies who never fix problems. stop wasting your money,1,1,2511.101.14101,2025-04-06 23:08:56,We are sorry to hear that you are having trouble. We'd love to understand more and help you resolve the issues you are seeing! Please reach out to our support team at samsara.com/help and we’ll be happy to help.,2025-04-07 10:20:38,2511.101.14101,65,False
6bb9a414-35f5-4245-a25b-8cc02c6bfefd,Robin Morrison,https://play-lh.googleusercontent.com/a/ACg8ocKu_eM44M9ReYv5kNDISwK_L-YuXQrDEeNA_28xRyRwqPHNwg=mo,Like most of the app but the AI on the safe driving needs work. It picks up things inaccurately like drowsy driving when it's not.,4,0,2511.101.14101,2025-04-06 02:08:54,,,2511.101.14101,25,False
81a7e2f2-c32a-437d-a3c7-1a0723e3419b,Michael Cullen,https://play-lh.googleusercontent.com/a/ACg8ocKG59sv0YFv9lyOX_cD5d-6uyFbOgXJctTJjZNjKPerthJ01zo=mo,working good down to the second.,5,0,2511.101.14101,2025-04-05 00:53:13,"Thanks Michael, so glad you're finding the app intuitive to use!",2025-04-07 10:22:53,2511.101.14101,6,False
02dd16bc-ff92-42fb-a160-45239060fe47,randy mcphail,https://play-lh.googleusercontent.com/a-/ALV-UjUY04H6EWFg3-C2U9UCEszQ93jrZK6dpVEmSUsF2Lr2ITU6mtxg3A,much easier to use the app than the log in on my vehicle.,4,1,2511.101.14101,2025-04-04 21:57:01,,,2511.101.14101,13,False
c52e97ac-1829-4087-8f5f-8a6d28046386,Mark Robinson,https://play-lh.googleusercontent.com/a/ACg8ocIvM6cDfTvKUenKdkzHLesNmZsxPAUPPX0vwe4JHdexJU2MJw=mo,"It is really convenient and self-explanatory, so it makes time go faster submitting your daily required info! Been a trucker for 32yrs and I really like the computer logs! Better than Drawing lines with a credit card or ruler!",5,15,2510.100.13668,2025-04-04 19:35:48,"Appreciate it, Mark — great to hear you're finding the app easy to navigate!",2025-04-07 10:23:56,2510.100.13668,39,False
393c0cc3-82f4-4bb2-b151-5a3cf097e580,Larry coar jr,https://play-lh.googleusercontent.com/a-/ALV-UjVYQ8N2FwOoAcSozmdzZUJulZnbOtTxut25ku2cK7lxHtjOBf-7,great app,5,0,2510.100.13668,2025-04-04 12:44:26,,,2510.100.13668,2,True
b17b4202-a1d4-4062-b1dd-68dd8318f917,Benjamin Sharkey,https://play-lh.googleusercontent.com/a-/ALV-UjVrnWtnKlVsfXYzRZBBzlYSNlEie7LKNO0OEVk4xmnT5U0ysDdi,"the biggest problem that I have with this app is that it frequently changes my duty status on its own. for instance when I go off duty, it will frequently put me back on duty after I sign out which I have to fix the next time I go on duty. it will also throw me off duty about a minute after I go on duty. very annoying. at times, it also takes forever to update my logs. way better options out there.",2,5,2511.101.14101,2025-04-04 02:45:13,We are sorry to hear that you are having trouble. We'd love to understand more and help you resolve the issues you are seeing! Please reach out to our support team at samsara.com/help and we’ll be happy to help.,2025-04-05 19:46:18,2511.101.14101,83,False
d1000dc9-9a14-4434-af40-99453961aa7a,B Livin life,https://play-lh.googleusercontent.com/a/ACg8ocKhK68k37yHYjL5TqIRjpfsjVdC9O1kTCK0_Yf1A0JmJkmIDg=mo,good,4,0,2511.101.14101,2025-04-04 01:22:25,,,2511.101.14101,1,True
f88f0ceb-3ab6-4561-be23-6a42e7b8110a,Marcos Lopez,https://play-lh.googleusercontent.com/a/ACg8ocJSY1MhSAY_2FFgPtjRfGftB6J1iQjpKmt63UvoubBHF2lpig=mo,I like what I saw in my first two weeks. Maybe soon I will add the other star. Thanks.,4,1,2511.101.14101,2025-04-03 02:57:01,,,2511.101.14101,19,False
f9d05fef-a521-4d17-9414-1cc396711e80,Biĺly Ellis,https://play-lh.googleusercontent.com/a/ACg8ocK5WXewLz1l59X7kITmiHVRI_Hk7nvgpBHMogkTYQW-pcqRLA=mo,😀,5,1,2510.100.13668,2025-04-02 19:38:26,,,2510.100.13668,1,True
9c96ddb6-4832-477b-b86c-f125655d061c,Esteban Ortega,https://play-lh.googleusercontent.com/a/ACg8ocLqpPEnV91Q92fXMuHfJLDqBoS_QYkJht4EMWsN-Rbvlj4p0Q=mo,love it,5,0,2510.100.13668,2025-04-01 18:29:31,,,2510.100.13668,2,True
d94f103a-a955-4992-a684-6797590bad39,M Wong,https://play-lh.googleusercontent.com/a/ACg8ocLGPrJGKHJO4mAnJ5bbLKsbrwzeip9X8YJhaiq5uMRQEFLfyQ=mo,"love it, makes you conscious about your driving knowing that you are being monitored, being responsible.",5,0,2510.100.13668,2025-03-31 07:58:08,,,2510.100.13668,16,False
3908a8b6-f396-45fc-8e9d-deafd23e87a1,Jerry Lamphere,https://play-lh.googleusercontent.com/a/ACg8ocIhhsyJQ0l5N4JKRqFDdbsOsp1xAQKI7G6Ad36_MM2uZxVkAQ=mo,Samsara is a great tool to use across the board. Open information.,5,0,2510.100.13668,2025-03-28 10:05:24,"Thanks Jerry, so glad you're finding the app intuitive to use!",2025-04-03 16:36:52,2510.100.13668,12,False
3126454b-32a9-4a95-a5bd-1a2b5084d5b5,Erys Martin,https://play-lh.googleusercontent.com/a/ACg8ocKLePuJHBF1N5NibZSQsJGamBxm5R1_LkDiMk6FnKONxF7Lqg=mo,worked great!,5,0,2510.100.13668,2025-03-26 18:12:58,,,2510.100.13668,2,True
41bdb9c9-791e-4547-a4af-c812bd3bdae7,Tony W,https://play-lh.googleusercontent.com/a/ACg8ocLopaIoYovBNUTzocmutyYEoES_lvvP0AR0gEK0EEX7Ka9zbw=mo,Since the most recent update (3/21/25) the app is operating offline and I can't get it to come back online. So basically the app is useless. Can you (developer) assist with this?,1,8,2510.100.13668,2025-03-25 23:37:20,"We are sorry to hear that you are having trouble. We'd love to understand more and help you resolve the issues you are seeing! Please reach out to our support team at samsara.com/help and we’ll be happy to help.

",2025-03-26 13:15:47,2510.100.13668,32,False
6b4eb72f-8f63-45f5-a2da-421647f2c224,Lee Holloway,https://play-lh.googleusercontent.com/a-/ALV-UjV_fNSp2RTaDg3xLnIwZkwRP32WJYcQ8xpkvJgXeXfKTE7X9JM,simple,5,0,2510.100.13668,2025-03-25 14:08:55,,,2510.100.13668,1,True
282b0af6-f42d-4abf-8e61-f2249fbf5259,Truthly Speaking,https://play-lh.googleusercontent.com/a-/ALV-UjXb5ukN28YJx0wsf8BljtY56qAzbcX9G5ujL50WWWZ5QX_ivwmr,kept crashing my phone then had me sign off on unregistered drive time for a vehicle I wasn't even hired yet to have done..but this tracker isn't beneficial to the driver cause it only shows your employer the dash cam videos n it can't tell if your really not I'm a school zone...so you always a speeder on this app lmao,1,0,2440.101.13125,2025-03-25 13:07:46,"We are sorry to hear that you're not able to achieve everything you'd like using our Driver App. We'd love to understand more and see if we can address these functionality gaps! If you could please reach out to our support team at samsara.com/help, we’d be happy to learn more and help you.
",2025-03-26 13:17:03,2440.101.13125,61,False
38130ed2-246f-4b8a-9bd4-9016ece27dac,Chris Devoe,https://play-lh.googleusercontent.com/a/ACg8ocJ56IufwbAEei02b6On7Qgmen_aUbX0XPBCrbIhnNSNOk0YgA=mo,I have it on my phone as well as my tablet. It doesn't close out my loads and it away starts back over. Not happy at all. it's been like this since 3-04-25.,2,0,2510.100.13668,2025-03-24 19:23:16,"We are sorry to hear that you are having trouble. We'd love to understand more and help you resolve the issues you are seeing! Please reach out to our support team at samsara.com/help and we’ll be happy to help.

",2025-03-26 13:16:15,2510.100.13668,33,False
7532b069-f9b0-4c19-819a-3c044a5a2bad,William Hunnicutt,https://play-lh.googleusercontent.com/a/ACg8ocJifN1JKS9ezDtOsLR4s7BqPnDKnlvquFzDwsn3gLoVNk00IA=mo,awesome,5,1,2510.100.13668,2025-03-24 15:36:09,,,2510.100.13668,1,True
bd48846b-4ad8-4fa3-be98-7d5ce35de693,Alron Lee,https://play-lh.googleusercontent.com/a-/ALV-UjVFN_kK7RHKaUagW-GNvbFmnLbTlVO5veGk4HkyZPhVs1UOonLOcA,Great experience...I will definitely use the app when I create my own business.,5,5,2510.100.13668,2025-03-24 06:05:11,,,2510.100.13668,13,False
50605c0f-91f7-4491-ae16-96cd1b28bf68,Dixon Michel,https://play-lh.googleusercontent.com/a-/ALV-UjWByMNojhM2MWqASOpD7rYpYm6NX2b14vmmwYDBPCRjSKeqghP2,good,5,0,2510.100.13668,2025-03-23 20:18:37,,,2510.100.13668,1,True
0cb1a480-50e2-4196-a603-30428405382d,Jeffery Peek,https://play-lh.googleusercontent.com/a-/ALV-UjVKDbSSWYSPhY0Mw-wKFeir1ObqnQXDTcUQdeLDaHVAaBmq97n2,"quick too access, easy to understand",5,1,2510.100.13668,2025-03-22 21:18:42,,,2510.100.13668,6,False
94c88da6-3f3a-410d-ac4b-c204a6bd6746,Ralph Carpenter,https://play-lh.googleusercontent.com/a/ACg8ocKg9mouVKZSCQxCaTUFMQduhZYWr0JsvGMNChPDeSwWxzYJoQ=mo,unreliable. wwill change duty status without input from driver or device (not auto set). constant connection failure,2,1,,2025-03-21 20:45:33,,,,17,False
55af0451-1ecc-446c-92b4-9f4ccae0e82d,Kevin Jiles,https://play-lh.googleusercontent.com/a-/ALV-UjUwui66u1_936ij8OXGsARDBcswzIpnG_4eogiqNh_6mbyL8Lt5jA,ease of use...,5,0,2510.100.13668,2025-03-21 14:35:34,,,2510.100.13668,3,True
37dc601d-4edd-4764-a8a0-f39a52d3925d,Scott Martin,https://play-lh.googleusercontent.com/a-/ALV-UjWJ9NFlaRsDvADeDcCQAWUOILjtDIyu6Ojcrr5YB8ONc-YZtzFF,"does it's job. slow to open(10+seconds). also, unless you close the app it keeps the screen on. if you're not paying attention then your phone dies before you know it.",2,0,2510.100.13668,2025-03-20 07:47:14,,,2510.100.13668,30,False
78fc41bc-bb01-470d-b7de-72a0383ce6ad,Anthony The Saint,https://play-lh.googleusercontent.com/a-/ALV-UjWjekEXTOjJ_XJ0tQszuZktvv1JRh-3f_F2b5Ygdz6axJmFkHsl,"I'm not sure what's going on with the Samsara driver app as of 3-21-25. it doesn't want to stay updated with the log changes from the company tablet. been using the app for a year now, and mysteriously, it doesn't stay in sync with the tablet when making changes. I'll uninstall and reinstall to see if that fixes the issue.",2,1,,2025-03-20 07:13:20,,,,60,False
7a20f3ce-8780-4875-be5b-d0df1061073a,130shooter1,https://play-lh.googleusercontent.com/a-/ALV-UjWdMU80vaKxPfO-ooWA4mOyKeqEAMACp3araM_ceVmlkWUHzl4,"1.with the last update the screen orientation no longer locks. everytime I hit a bump the screen flips around making in impossible to change my status when going from driving to yard move and back. 2. it would be really handy if you could add a ""favorites"" to the trailers section screen. so I don't have to manually add trailers back into my list every week. 3. other than those gripes, the app works great.",3,5,,2025-03-20 02:59:40,,,,75,False
0b02be9b-9a5e-4601-80c1-f8bb798a1b3a,Gino Minen,https://play-lh.googleusercontent.com/a-/ALV-UjXyieJ-yOT1FvhwIgu4E4QVfIq-rUgfijPg2fbjtpyVb5uXaTQ,Amazing,5,0,2510.100.13668,2025-03-18 17:27:15,,,2510.100.13668,1,True
7513ccf4-a615-4a1f-a154-50e252d93da0,Scottie Williams,https://play-lh.googleusercontent.com/a-/ALV-UjVI4oFf5VzB5yRa9uWIo0afgUPr-DaOCXRUqqjXH7X6p4qaMyA2,it good,5,1,2510.100.13668,2025-03-18 15:53:24,,,2510.100.13668,2,True
078c9148-0224-4de8-9122-c71b6cf47309,Big Will,https://play-lh.googleusercontent.com/a-/ALV-UjV-Zn05YpRbZvcTDXLB-5DwQ-BbGzc_Wu40NsLmbzK8S9Cd3BaJ,very easy to use,5,0,2510.100.13668,2025-03-18 13:59:11,,,2510.100.13668,4,True
9c817ee1-6c2f-4a08-8e19-8efc81528e58,Julian Palomar,https://play-lh.googleusercontent.com/a/ACg8ocJxpGKNkgu_tEHFdyGID54Q91HCGP-yqiiCziQYkZHAazrW860=mo,Love it is easy to use and very convenient 💯👌🏽,5,1,2510.100.13668,2025-03-17 21:26:35,,,2510.100.13668,10,False
c49f9226-2ed2-42da-b24f-30812a94e74b,Ben Underwood (Spectral_CowBoy),https://play-lh.googleusercontent.com/a-/ALV-UjXaOxWBDo6K4Gaa38JrqEQ1wpDr_KfJgRKk5ZwCC_ofE_B-Veoc,Needs a pop out for hos so while in navigation you can see your clock time's,2,0,2510.100.13668,2025-03-17 01:21:50,,,2510.100.13668,16,False
1bd6cb96-8e53-4e76-9270-bd04bab0495f,fedup tv,https://play-lh.googleusercontent.com/a-/ALV-UjVL1e6jW3JViWF-Gadl4psIDYYoKVDb3XzhOfktVhqvL0p1bwnxGg,Good,4,0,2510.100.13668,2025-03-16 18:14:58,,,2510.100.13668,1,True
1fbecb2b-9635-4e8c-b611-c30457337187,tago fox460,https://play-lh.googleusercontent.com/a-/ALV-UjV2M0ySojb6LPZ21wUmQoL9x7dZpMeL1So1yBCIUZ1jWU0okCZg,I'm using it because of the company I work for. but I don't understand how I go off duty and it still thinks I'm on duty when it clearly says I'm off duty but it still thinks I'm driving. I do not understand this.,1,0,2510.100.13668,2025-03-14 20:50:05,"We are sorry to hear that you are having trouble. We'd love to understand more and help you resolve the issues you are seeing! Please reach out to our support team at samsara.com/help and we’ll be happy to help.

",2025-03-26 13:14:08,2510.100.13668,44,False
d51895cb-d045-41b9-bcdc-206fbb657e7d,Glenn Smiley,https://play-lh.googleusercontent.com/a/ACg8ocJzVZligycf8bU3pQHLC--ZcEGnapjTXIuiMt9B4HK97T2_gg=mo,i am not good with electronix but i manage to work my way thru it,4,0,2440.101.13125,2025-03-14 20:27:46,,,2440.101.13125,15,False
3b83df8b-ad03-4219-8f8c-a9f2fb3c5169,Bob Janes,https://play-lh.googleusercontent.com/a/ACg8ocK2kcM6JOYWYyMNTBP33yh4NXlPWbMBzvw1YshURyuKbD8-mA=mo,I love it except for one thing. The night time mode dark screen doesn't coincide with daylight hours. The bright screen stays on well after dark.,4,5,2510.100.13668,2025-03-14 15:01:56,,,2510.100.13668,26,False
65d96780-030c-4157-9234-48c72aebd0c3,Benzeel (BaldPipeSmoker),https://play-lh.googleusercontent.com/a/ACg8ocJs_Uu1VfmS2jpmp3adw3WmvWIHwCteJh0AdCQhPUrscplQMQ=mo,"Works okay, but needs improvement. For example, it says I need to send an empty call after I already sent an empty call. I also get the same messages twice from my dispatch.",4,0,2510.100.13668,2025-03-14 08:41:39,,,2510.100.13668,33,False
b656a25c-2d14-43dc-893c-8479e1a23628,judeobscure1,https://play-lh.googleusercontent.com/a/ACg8ocLbr2KwvZWOwi_qln7qHfpr0Zs1gTfHLakyxZgAr6fOUxoSsw=mo,"Driver app is too slow. This may work for OTR but not package delivery, 10 seconds to open the app is too long when you have over 20 stops. Need to be able to turn off HOS, we don't need it and it shuts off sound on phone when it detects a change in duty status. Very annoying for my music to stop and I'm only driving a van without HAZMAT placards!!!",1,39,2510.100.13668,2025-03-12 20:41:43,"We are sorry to hear that you are having trouble. We'd love to understand more and help you resolve the issues you are seeing! Please reach out to our support team at samsara.com/help and we’ll be happy to help.

",2025-03-26 13:13:50,2510.100.13668,72,False
09369645-7bf1-496d-846b-594097c6c488,Kelvin G,https://play-lh.googleusercontent.com/a-/ALV-UjWzbUnEqIl3dTFKpvNXM7-tiCqYVxB0uCA2TSXjNKfZoQXqmqg2,Great,5,1,2510.100.13668,2025-03-12 19:11:17,,,2510.100.13668,1,True
69945ccd-90e1-4b19-9b0c-124d8a2c4189,Lee Harrison,https://play-lh.googleusercontent.com/a-/ALV-UjWgXfOqhhYRfpw2CPMor4tlI6Fd6eFQiepTsQXy_9uEZ8vyvPHD7Q,Easy to use,5,1,2510.100.13668,2025-03-10 15:27:28,,,2510.100.13668,3,True
f7ceed33-faaf-45f7-80d8-9084a4d17f5a,Colton Roche,https://play-lh.googleusercontent.com/a/ACg8ocK6PQUhWCz6qKenzrhZvz0gozduomRo2pbmerPN8dWHchM_q0FZ=mo,Stalker app,1,1,2510.100.13668,2025-03-10 14:19:55,"We are sorry to hear that you are having trouble. We'd love to understand more and help you resolve the issues you are seeing! Please reach out to our support team at samsara.com/help and we’ll be happy to help.

",2025-03-12 17:54:46,2510.100.13668,2,True
f0011fed-79fd-41bc-9028-4232d32de7c5,Olivetti Seufale,https://play-lh.googleusercontent.com/a/ACg8ocJ9kPendGNGtuDwie0kXNJdjEZkzPeTyUHdM8CpIVcXbku4Xg=mo,Good,4,0,,2025-03-06 23:02:22,,,,1,True
2e506a3d-4d8c-4d13-bde9-a07fcb4c3423,Mike Hudson,https://play-lh.googleusercontent.com/a-/ALV-UjWFZ2w9k-ifrahL-DfF772cnlJz7QnSRhWuzWfJ7MpT1AMGkog0,Need update to speed limits in northwest GA and North Eastern Alabama.,4,1,2510.100.13668,2025-03-05 16:17:28,,,2510.100.13668,12,False
04ae3f95-15bf-4537-b2bf-dfd24eb6079a,Glen Shaw,https://play-lh.googleusercontent.com/a/ACg8ocLQkc4APh8vkqy8d9z-H-19lGtlcHFcOXIABJ7dIpBJm78Rjw=mo,Good 👍,5,0,2510.100.13668,2025-03-04 22:00:20,,,2510.100.13668,2,True
4a7a19ce-e3e4-449a-bb89-089b5a233238,Cat “Bionic” Eyez,https://play-lh.googleusercontent.com/a-/ALV-UjWsrkH5sfCeWi2zQZ9hjvUDdfSnED-1qGQqlY9IYiFlJADjJ6k,"I dont know what you did to this app or what the devs did for the past few months this app has been glitching, laggy and at times unresponsive taking minutes to load which is absurd especially if you need to click into sleeperbirth.",1,0,,2025-03-03 09:32:28,We are sorry to hear that you are having trouble. We'd love to understand more and help you resolve the issues you are seeing! Please reach out to our support team at samsara.com/help and we’ll be happy to help.,2025-03-04 01:27:17,,44,False
7ab3481b-effc-4bda-a58c-60dc6c62a2b3,Tracie Yoder,https://play-lh.googleusercontent.com/a/ACg8ocI4UXp9LQHqbJbP0cO5f0EKHDnwKu3Y1ZXKEsniW8oo5s2zpA=mo,I was required to download the stupid app on my phone because of a job that I was told I was going to have. Couldn't get the app to work then never got it to work since and I don't have the job now and now I can't get rid of the stupid thing. It's a complete little waste on my phone,1,0,,2025-03-02 17:19:49,We are sorry to hear that you are having trouble. We'd love to understand more and help you resolve the issues you are seeing! Please reach out to our support team at samsara.com/help and we’ll be happy to help.,2025-03-04 01:26:51,,62,False
2f88c731-7da3-4052-bc34-2950413b8b61,John DeBacco,https://play-lh.googleusercontent.com/a/ACg8ocIV947k9HJRF89BpOZ8Q1GnBxnJ0KDYCkRTu-TdDvLVTwGVwg=mo,Logs are not logged properly.,3,0,2510.100.13668,2025-03-01 10:39:27,We are sorry to hear that you are having trouble. We'd love to understand more and help you resolve the issues you are seeing! Please reach out to our support team at samsara.com/help and we’ll be happy to help.,2025-03-04 01:26:28,2510.100.13668,5,False
e41c0019-c2d7-4a52-9b8f-0e5d08f6c32b,Jay252,https://play-lh.googleusercontent.com/a/ACg8ocJSOJ4EYQfbvwvD1Shv8EzjaGbKcQCpdI1oiSyhjtjVUyLd3w=mo,Great app. Whomever made samsara is super Rich right now lol.,5,0,2510.100.13668,2025-02-27 13:39:47,,,2510.100.13668,11,False
edffb452-85c2-47f1-9467-bc4928cbf3fc,Mario Hicks,https://play-lh.googleusercontent.com/a-/ALV-UjVoyFnEwFS4IUnVDS1RmyQEJMpNaLalq_3ZJlZQVcVGobt3738o2A,Best app,5,0,2510.100.13668,2025-02-26 21:21:43,,,2510.100.13668,2,True
6593d4c4-da02-4e87-804e-ed31ab0a868d,Doug Garner,https://play-lh.googleusercontent.com/a-/ALV-UjVe1BPYKLEnQ4epHzCM5fTOBqrex3DGuiMtePv15VCqo4czx7QL,It is good to use but I just use it for from my work so I don't pay for it and I am just local for now,5,0,2510.100.13668,2025-02-24 23:16:39,,,2510.100.13668,27,False
c93e02e4-3a69-465d-ac08-af245dd8ceb1,Jake Wells,https://play-lh.googleusercontent.com/a/ACg8ocJOYMbUjJ0ty9H8Ojx3fp_r5arEa0FiINUmtHnYJQWZadvS=mo,Great app!,5,1,2440.101.13125,2025-02-20 18:17:50,,,2440.101.13125,2,True
b2dd6832-9164-4b09-812e-37fd1a5a7d34,IMC Driver,https://play-lh.googleusercontent.com/a/ACg8ocKZm1kkX_9XhboCZm9fTTwOAV8qupWvrWI8GnlX2Lda9-S_dg=mo,Easy-to-use,5,0,,2025-02-20 17:20:44,,,,1,True
f9e76f72-d18c-4ba2-a90a-6b3c3acbab21,Brian Stearns,https://play-lh.googleusercontent.com/a-/ALV-UjWsl4lVlQ95BoB6iaocv21fEkwGBA-wbLWzSHyriBWbSY7EHJOnJg,Very convenient it works well,5,1,2510.100.13668,2025-02-19 18:23:48,,,2510.100.13668,5,False
d3897418-c615-49fa-af14-cd430bfbc95d,Julia,https://play-lh.googleusercontent.com/a/ACg8ocJjhoXb7b7KhqlfYv-_OhI68pSYbms5vSLBex60n3INOqwK_w=mo,Learning it slowly but much easier than the paper work,5,1,2440.101.13125,2025-02-19 10:43:40,,,2440.101.13125,10,False
0922ceaa-3ed2-4902-b472-044dd887f91d,Jose Virgilio Padilla Jr.,https://play-lh.googleusercontent.com/a-/ALV-UjXlXRnB7GP3M98697UVVThFTYbsslFDNWzkU_zSIWHav6xs8RcL,Good,5,0,2510.100.13668,2025-02-19 02:13:34,,,2510.100.13668,1,True
1b962e7a-f742-4e98-b27f-faaba7087df7,Christopher,https://play-lh.googleusercontent.com/a/ACg8ocLjjD-85v8bJz38VoXgNw-8-e7hQYk-LzdAoeZu2qIio0xb5Q=mo,Very smooth and easy to use,5,2,2510.100.13668,2025-02-17 17:58:57,,,2510.100.13668,6,False
de7befa9-6b4b-4a5d-bd0a-11020c915e38,Mi Opinion,https://play-lh.googleusercontent.com/a-/ALV-UjUYaAtTp_2vfJfm6UrIvEBYe188B8Ncc9C2laAAUvVF50tj-H3cGA,Excellent,5,2,2510.100.13668,2025-02-17 16:03:27,,,2510.100.13668,1,True
6a1ab5a5-dd2f-4dc0-81f9-b094fa06f3d7,James Lynch,https://play-lh.googleusercontent.com/a/ACg8ocLEDcn3tZTx9eeDZM_aerA2lz7JQUMF8kZgZY7hnX-nkkRpKg=mo,Good app works good,5,1,,2025-02-16 11:57:13,,,,4,True
4599ead3-5d18-415c-9e25-c7af179131ff,Ana Gonzalez,https://play-lh.googleusercontent.com/a-/ALV-UjXuqj3VJpUs10mmr7mEg21bqTIanc1M6p4iGbemE_ug-jWYVlw,Has not worked correctly for over a month,1,1,,2025-02-14 09:39:06,"We are sorry to hear that you are having trouble. We'd love to understand more and help you resolve the issues you are seeing! Please reach out to our support team at samsara.com/help and we’ll be happy to help.




",2025-02-17 00:33:01,,8,False
5d578155-f4e1-428b-a663-459b300ddd87,Robbie Law,https://play-lh.googleusercontent.com/a-/ALV-UjUNCSpxzBPmYt2pOE9jfYE5niur6Gl6LgAYvQ2sXyujVy3gRpM9,I'll take Samsara anyday over paper logs lol.,5,1,2510.100.13668,2025-02-13 23:02:35,,,2510.100.13668,8,False
ce8a6122-7011-422a-97b4-675448065cb5,Mitchell Primmer,https://play-lh.googleusercontent.com/a/ACg8ocIaJtw3y6i5cIAZ5owsRZEniWsB0-PaGAoZlbDfqog_6_9g8w=mo,The worst app on the entire app store. Never had so many errors and issues. 24/7 problems. The app designers are clueless,1,1,2440.101.13125,2025-02-13 21:46:38,"We are sorry to hear that you are having trouble. We'd love to understand more and help you resolve the issues you are seeing! Please reach out to our support team at samsara.com/help and we’ll be happy to help.

",2025-02-17 00:50:49,2440.101.13125,22,False
68d4f23a-8bed-4438-950e-20ad4b2b0f85,beaver Foulkes,https://play-lh.googleusercontent.com/a-/ALV-UjWL0rX647-Wnil3AcPL4UGxWej2cudHqbv6miacIynaPzWYWDzd,Good easy to use,5,1,2440.101.13125,2025-02-12 17:42:22,,,2440.101.13125,4,True
f89d7624-9b06-44b5-ae67-a61792121ba4,Charlie Blevins 122667,https://play-lh.googleusercontent.com/a/ACg8ocInnzH51fPkwszGQNj3wye5F0Qlnie13d4gKHi_EEaXEiYu7w=mo,Great logging system,5,1,2440.101.13125,2025-02-12 15:58:43,,,2440.101.13125,3,True
af7b8319-0afd-4a34-87ea-f83bca2eaa67,DaJuan Hodge,https://play-lh.googleusercontent.com/a-/ALV-UjWQYcO0xfCV5w81CjWC3fXm0rcU3ePO9SlWpGbTTuXlyRt4SW_ZUw,Great flow,5,2,2440.101.13125,2025-02-12 14:43:38,,,2440.101.13125,2,True
a63154fc-d837-459f-b440-cd80332242ea,James Ahumada,https://play-lh.googleusercontent.com/a-/ALV-UjUYP2k7TrcVbvwx0tAJR851oies_vZMzYLaTO5bExihmBA6IzU,Best samsara ever,5,1,2440.101.13125,2025-02-12 05:32:15,,,2440.101.13125,3,True
6ccc8fd2-e88e-4596-9745-5ef82861ae81,Good 'ol Boy,https://play-lh.googleusercontent.com/a-/ALV-UjU0K8yaitkahgsLNGhkIK9U8TRwCqMpBkeYGweai0VccZBh8UMJ,Easy to use and convenient. Accountability and safety inspections all in one app.,5,2,2440.101.13125,2025-02-11 21:25:01,,,2440.101.13125,13,False
f6fb555d-c380-427d-9894-0e8835ef3413,King,https://play-lh.googleusercontent.com/a-/ALV-UjU7BeaisyIiFkcsn5CA5-Wx1dEhM6qIjBDwiO7Xc7nMdFrry5UA,"Trash, laggy app that crashes, doesnt sync properly also makes using copilot useless.",1,1,,2025-02-11 12:17:21,"We are sorry to hear that you are having trouble. We'd love to understand more and help you resolve the issues you are seeing! Please reach out to our support team at samsara.com/help and we’ll be happy to help.




",2025-02-13 10:37:39,,13,False
130790e1-ce54-40ec-905b-2572b4a72839,Token_BLK_Guy,https://play-lh.googleusercontent.com/a-/ALV-UjVxzHzvTl3LmQre0SgbkULQh5UX_M37SjWNrihmQlyp5j8kEN60,Do not use. It can change your drive time and put you in violation without the truck being moved. Their solution is to log in and out everyday to stop it from glitching,1,1,2440.101.13125,2025-02-11 11:36:14,"We are sorry to hear that you are having trouble. We'd love to understand more and help you resolve the issues you are seeing! Please reach out to our support team at samsara.com/help and we’ll be happy to help.




",2025-02-13 11:35:29,2440.101.13125,33,False
94d3d213-2286-4a79-84cc-dbf2a6de83c2,Hector Chavez,https://play-lh.googleusercontent.com/a/ACg8ocIOiHu74JvdI7qvoe2Klv7VljXw4Adhcv7hxDWrUKuiNy6bBA=mo,Great 👍,5,0,,2025-02-10 17:15:16,,,,2,True
7fa4d571-67be-4ffd-a347-d8dea5e3a194,Carl Ferullo,https://play-lh.googleusercontent.com/a-/ALV-UjUX4QS2AqV2bGM3IU3-7MK6jgutLB0udWYzOFOI59nOCeiizhsR,Easy to use,4,1,2440.101.13125,2025-02-10 14:53:18,,,2440.101.13125,3,True
b4c9c988-6502-4db0-9dfb-eedcaeb536ae,Timothy Feist,https://play-lh.googleusercontent.com/a-/ALV-UjXk31VnkOp0XHMoMRqWF7r5mgXlOR9LzcvMa95lMVh4-UEC6ztr,"Unusable outside of working. Forces you to select a vehicle despite not using a vehicle at the time. This used to be able to get around by exiting 'workflow' not it just breaks my workflow. I used to be able to check on my load I was picking up on Monday over the weekend, now I must wait till I start working. ASSININE! This will be part of my interview questions for new jobs. Also, seems to have lost the function of reverting the previous 5 minutes of your drive-time when it auto swaps to On-Dut",1,3,2440.101.13125,2025-02-10 08:22:37,"We are sorry to hear that you are having trouble. We believe we may have a fix for you that would help! Please reach out to our support team at samsara.com/help and we’ll be happy to help.



",2025-02-11 11:45:46,2440.101.13125,96,False
3075f2ce-0dbd-44b2-945a-1b8c1e21b123,Lorenzo Guevara,https://play-lh.googleusercontent.com/a-/ALV-UjXSZAtbuwQkM-57HPRP8g5U-_LSijaN0w8_UZVH2LnIupY7bzoV,Very acceptable!,5,2,2440.101.13125,2025-02-08 19:56:11,,,2440.101.13125,2,True
8b9138d1-dc4b-4111-9c8d-442d5bb74576,Transnational Express,https://play-lh.googleusercontent.com/a/ACg8ocK9wf4GbOzKC1CEsXWE9ky_OCe3l0usMomQpxpNLIeu7iuZ1Q=mo,"The more I learn from it I like it, still much to learn and be better,Thk you",5,0,2440.101.13125,2025-02-08 18:06:09,,,2440.101.13125,17,False
bbff0dc8-f900-42de-b57f-72124813d1eb,Andrea Benning,https://play-lh.googleusercontent.com/a-/ALV-UjUeaI1YM_-HZ8O19H6txe00FHuVoGIRRd2FOGIwcewdmwEBNmKQ,"So far, good",4,0,2440.101.13125,2025-02-08 17:59:31,,,2440.101.13125,3,True
993965d6-4bad-461f-afec-2f9029e51025,Alex Valdez,https://play-lh.googleusercontent.com/a/ACg8ocLh-hBhdOLjt8sqi06dLeSsE1FW2bbGvv3aZwpakMDfog3j2sYL=mo,No se lo recomiendo. Además estos app lo utilizan en algunas compañia que ya no se basa en historial de conducir si no que te quieren controlar con bonos. Un ejemplo Vivalon. Tenga mucho cuidado.,1,0,2440.101.13125,2025-02-07 14:19:07,,,2440.101.13125,35,False
a25326a4-625d-43c7-a9be-21d83cb5fbe2,Robert O,https://play-lh.googleusercontent.com/a-/ALV-UjU6gN3PtbefxdAL8o4Lg2Z-Hq6XuC70wHkxUZZ95ShuA6n18p0C,Amazing.,5,2,2440.101.13125,2025-02-06 21:58:44,,,2440.101.13125,1,True
b484d72a-2124-42f7-a37b-27db423ea8ec,Chris Capers,https://play-lh.googleusercontent.com/a/ACg8ocJbc0OesQGsMuFQFkjf1MZ3JTdEyNRZzIKIEZsRugo6DWaB6A=mo,Keeps track of my time really good,4,2,2440.101.13125,2025-02-06 21:33:18,,,2440.101.13125,7,False
03368487-a9aa-49d2-9ae6-8afe2d4869ed,Jonathan Nolan,https://play-lh.googleusercontent.com/a-/ALV-UjVMrNy0IkbFOaEY39dKRFFhSbzWN_urQrh-fYd4g57ei3jO4zvV,"Great app, easy to use for our drivers, and allows a lot of integration options to watch for issues that affect productivity.",5,6,2440.101.13125,2025-02-06 17:37:24,,,2440.101.13125,22,False
e5f592e8-86c6-44e7-9c65-c98544ca85fa,James Harris (JP),https://play-lh.googleusercontent.com/a-/ALV-UjWqIBTRXLNCPZR6_A0ZkFzGRsQLmFHtCsSiyXYBmdlUrcDVBscd,It's a good app. It tells me my drive times how much I have left to drive. Allows me to take a break. Does my log for me maps it all out.,5,1,2440.101.13125,2025-02-06 16:15:00,,,2440.101.13125,32,False
3aad1afb-5701-441d-b97f-3e88eddca2b7,James Brady,https://play-lh.googleusercontent.com/a-/ALV-UjX9BNigjhKYqV-gK4Fvo_zBEkkU5ScpFUzHgRni7wxjPqJSDNt1IA,The company that I work for has the tablet inside the trucks. They are forever lagging. I got this app. I absolutely love it. No lag. Real easy to use.,5,6,2440.101.13125,2025-02-06 14:10:52,,,2440.101.13125,30,False
b94c38ed-d5b1-46ba-9d56-c3f56c484d7a,Ernesto Sanchez,https://play-lh.googleusercontent.com/a/ACg8ocLTZkxu2Fqbo9Pez95it-O-LjpABWYum15k1wZEpRXyjk6wXQ=mo,Nice,5,0,2440.100.12897,2025-02-06 06:03:24,,,2440.100.12897,1,True
30989bb5-e428-4608-a756-0c54121f5bb8,robert harper,https://play-lh.googleusercontent.com/a-/ALV-UjUb9-qyyR1J5KMdXMejn463IQ9wG2wjiU3G_7hi5nZltW3R5yE,Sometimes it auto duty chanfe after you change duty manually,4,0,2440.101.13125,2025-02-05 19:46:46,,,2440.101.13125,10,False
e718ac90-1c6d-4747-8af5-1940b97befac,David Bolich,https://play-lh.googleusercontent.com/a/ACg8ocJz35viNsZ0LC1TJvkGJzmEDRFjc-DjjlIzt4R3NUdbJx7MEQ=mo,"Horrible system. It changes the status on drivers without drivers in put. It requires mass amounts of internet service or it will put drivers in violation when it gathers service. I rarely say an appointment needsvto have negative reviews, but this is one that needs mass amounts of work to be even a 1 star",1,0,2440.101.13125,2025-02-05 16:34:39,,,2440.101.13125,55,False
5bba59c7-e391-4f0a-b5b6-a85fc12f4747,G Gordon,https://play-lh.googleusercontent.com/a-/ALV-UjWevxdIuRkTMLwHFaK2ZGjTJqoWFRsR72HSGRM56YWbGh9jG0u4,It's right to the point and very great at tracking,5,0,2440.101.13125,2025-02-05 11:12:26,,,2440.101.13125,10,False
15a33e7b-f376-40a5-85a2-ee3d101f247b,josh stallings,https://play-lh.googleusercontent.com/a/ACg8ocJye4cmHUxEpNYmUKnknoe10uIalENc3fTTAY18wTMPKFk-Pw=mo,"If wasn't required to have it , would not recommend. Horrible with coverage, doesn't stay connected to truck, and the lag is comparable to dial up.",1,1,2440.101.13125,2025-02-04 19:16:33,"We are sorry to hear that you are having trouble. We'd love to understand more and help you resolve the issues you are seeing! Please reach out to our support team at samsara.com/help and we’ll be happy to help.

",2025-02-10 12:16:57,2440.101.13125,26,False
a92f3cad-3ab8-453a-853f-0f8b61b521ef,Tony Woo,https://play-lh.googleusercontent.com/a/ACg8ocJjKCml7MOx00pcAgDL4heDGcPnLS-zPgW7sVjcwjZ62rZ1MQ=mo,Easy to use.,5,0,2440.101.13125,2025-02-03 23:38:02,,,2440.101.13125,3,True
b8416317-5b56-4d29-8ddc-adb871437868,Rodolfo Roth,https://play-lh.googleusercontent.com/a-/ALV-UjXdTAI7Sk3sGEAqrrehbdZgT2ik_bdtqw7t8YdDVGWH6MoBr5N-,Good,4,0,2440.101.13125,2025-02-03 22:06:13,,,2440.101.13125,1,True
a6a3900d-a708-4fa0-9cd3-2e7c3fbb2c20,Frozen Solid,https://play-lh.googleusercontent.com/a/ACg8ocLLblKHlYHJ7U8lwdmy2UNgL3Yj7_fEoJPIKBazpuDvBp3xGw=mo,"Unresponsive, poorly designed UI that constantly fails connections. Companies beware",1,0,2440.101.13125,2025-02-03 21:43:43,,,2440.101.13125,10,False
f510f310-a469-4c0c-9ec1-07b81255aae0,George Tirebiter,https://play-lh.googleusercontent.com/a/ACg8ocL9uzUADSG50bpeQy4cCPVHdgYiCsiv9HHUfsK5S9adnhNuhA=mo,This app is the worst stupid distraction for drivers.,1,0,2430.101.12441,2025-02-02 20:11:27,,,2430.101.12441,9,False
c83e16ed-7adf-4d4d-8bd0-2580586425b6,Viengxay Malavong,https://play-lh.googleusercontent.com/a/ACg8ocKVqKgBFhKNDITEtXYP17VVyUCZtqCJ0LIDr393RjVSCOQhQw=mo,Easy to use sane time,5,1,2440.101.13125,2025-02-02 18:27:19,,,2440.101.13125,5,False
6cdf4bc5-f120-463f-9344-6b44b41fb6e3,Chuck Doezema,https://play-lh.googleusercontent.com/a/ACg8ocLsI87NL5uqlwftV4YcLHCwqUTwYsdovPBVJbZIIl_B3JdBgQ=mo,Samsara worked great. UNTILL THE LAST UPDATE!!! they took off the help button for the drivewise section so in doing that the whole program freezes up BAD MOVE PROGRAMERS!!!!,2,0,2440.101.13125,2025-02-01 08:24:29,"We are sorry to hear that you are having trouble. We'd love to understand more and help you resolve the issues you are seeing! Please reach out to our support team at samsara.com/help and we’ll be happy to help.




",2025-02-10 12:16:05,2440.101.13125,29,False
de7f2638-b543-4ecb-80b0-4a41e6281a54,Ethan Yeh,https://play-lh.googleusercontent.com/a-/ALV-UjUfIitjPcM0rMiP4kclNBqFT1HT5i56i5tF11Np1shrad8jwXKM,Great app!,5,1,2440.101.13125,2025-01-31 14:38:45,,,2440.101.13125,2,True
9d4ac374-4444-498a-9f25-e4d0a0c9bbed,Edwin Palencia,https://play-lh.googleusercontent.com/a/ACg8ocLmBM4cnTvONSh9gkBlASZHlIR6_8tjZXC1W7utgBAoaISU_g=mo,Good 👍 👍 👍,5,0,2410.100.11561,2025-01-31 13:10:30,,,2410.100.11561,4,True
5cdf6fb9-84a6-4d3d-bba6-b2dc33681291,Lane Michael,https://play-lh.googleusercontent.com/a-/ALV-UjXgMV0auNxjzlYM0SXeNpPXXzh9VPOsheaReZK1sex1xMBPi4w5,"Latest update broke driver's logs, doesn't meet FMCSA law 01/29/2025.",1,4,2440.101.13125,2025-01-30 13:13:15,,,2440.101.13125,10,False
6e73ec2b-1a2f-43e9-a868-a6415db6cf81,kevin black,https://play-lh.googleusercontent.com/a-/ALV-UjUZuA9TpQrBpnU2Ra4-yfGPkmzHyR01sVey99orcvtNo9U6xlVycw,"I have to admit, I was worried about using this.. but I have been impressed.. I cannot say anything bad about it..",5,0,2440.101.13125,2025-01-30 02:28:11,,,2440.101.13125,22,False
ac72c30e-bf77-4198-b61a-9b73d41fdbc7,Stepback 3,https://play-lh.googleusercontent.com/a/ACg8ocLFm1djwMYW82MtRfuvz7MXgMsAM0Bro3khK9y_ZHZobkbSzq8=mo,"It does not keep my Driver time hours of service accurately. For Example, the app will be stuck at only been driving for an hour when in reality I have been driving for 3 to 4 hour. Consecutively, I have to keep up with my Hour Of Service with a paper log every so there's no purpose of having this app.",1,1,2440.101.13125,2025-01-25 08:16:38,,,2440.101.13125,61,False
69bf6112-3a49-400f-8820-c39d36a9cf2a,Tyler Squires,https://play-lh.googleusercontent.com/a/ACg8ocKPCO9nT8CNmyfRcFwBiGy5xkurYf4Bdx4g18CVZc5ZCpvs2Q=mo,It sucks,1,1,2440.101.13125,2025-01-24 12:45:05,,,2440.101.13125,2,True
54ed73c0-3f7b-44af-b365-ad0509d78cc0,Convoy Kelowna 5,https://play-lh.googleusercontent.com/a/ACg8ocLS2bt4YDyV1dTT68SU0AYfvADskN7BuA3I1R9UNNZOby8BMQ=mo,App has many issues. Takes forever to load. Notifications of route changes doo not show up right away and general lack of usability within the app.,1,1,2440.100.12897,2025-01-23 10:09:16,,,2440.100.12897,26,False
36ecef5a-91f4-4e83-a0d5-943e00c91055,Larry Parsons,https://play-lh.googleusercontent.com/a-/ALV-UjWOBjF7oW_D7Wa6c_hjOgKcalI_UA5WeivSuFPgOEA41PGeTZzCCA,Philip glitches doesn't connect to the truck right doesn't start and stop automatically or change Duty status,1,1,2440.101.13125,2025-01-22 23:27:42,,,2440.101.13125,17,False
a48b7e65-add6-4a8b-b942-398b6e92fe03,Rezo Dayshift,https://play-lh.googleusercontent.com/a/ACg8ocLNgAm2_HXJYnGIq0ZgVTzTUwsciBBSHDkhgk86VdaqhHhywg=mo,waiting around some days hours to get app to find my truck.,2,0,,2025-01-22 08:58:41,,,,12,False
15a41736-9fbb-4729-887f-5b27cc8dca14,Michael Culver,https://play-lh.googleusercontent.com/a/ACg8ocLPMIkeZS4Q9g6x1CTqCUKgUJLbFhTMS88j8zDb0kaeWeXWRF8=mo,Great app,5,0,2440.101.13125,2025-01-22 03:57:45,,,2440.101.13125,2,True
6243b17e-eb00-4cef-9113-2b67a6799dd6,Kael Silverthorn,https://play-lh.googleusercontent.com/a-/ALV-UjXwtt0AC7OdqAoe5o0z-sKvUjNHOlmCmDMIENVKb9qqhYVlBd2pcQ,Terrible elog service,1,2,2440.101.13125,2025-01-17 00:48:45,,,2440.101.13125,3,True
817f1e19-3cd1-4e13-8b8c-8f26d874f2d4,Matthew Drodge,https://play-lh.googleusercontent.com/a-/ALV-UjUWZNRCOOgiHgAXjsfDR9bip0FMbL7GEUS3r6RFHvBs4B9pAeAl,"logged out constantly, needing a password reset to solve (this needs to be done in the office, i can't just recover it)",1,0,2440.101.13125,2025-01-09 02:27:50,,,2440.101.13125,22,False
0b1a396c-5b89-4189-926a-265fb4c0922c,J Shelton,https://play-lh.googleusercontent.com/a-/ALV-UjX9cnybQRp7pQc-jkiAtmV2sY2T3-FbMWlqRweqn8zjozlYzo46,"With the app closed, removed from vehicle, off duty... I am constantly bombarded with warnings that I need to be off duty in 30 mins, I need to take my rest break in 30 mins, and I have come to realize I cannot trust any HOS warning provided by this app. If I didn't have to use it, I'd go elsewhere. Like my sentence above all this app does is run on and blabber nonstop.",1,8,2440.101.13125,2025-01-07 08:27:27,,,2440.101.13125,75,False
ce44cc97-28ce-447e-955c-e7a9bb64fdf9,Chris Cobus,https://play-lh.googleusercontent.com/a/ACg8ocJV1uQyvIa5MdClCLu0DBafLbdpP7tP-NhFaVq7ShoOeXkxHQ=mo,No warnings about approaching shift limits. No notifications at all from the app.,1,1,2440.101.13125,2025-01-07 05:34:30,,,2440.101.13125,13,False
22f70b4e-abcd-4968-9210-4156f046b07e,Robert Deitrich,https://play-lh.googleusercontent.com/a-/ALV-UjWngdWSorZxvxLOoE-2ExOuURuVF_P4wgO8-G48ofqPfD4RBaQ,"Worse with every update, I get violation warnings hours after I have shut down for the night. It takes up to a minute to update to my tablet after I stop so I can change duty status. Will randomly log me out and say that my session has timed out. Sometimes once a day sometimes not for weeks. Please fix your issues and get rid of the stupid inbox. So months later and this is still happening.",2,6,2440.101.13125,2024-12-22 22:53:30,,,2440.101.13125,77,False
88565396-8c9d-452f-89af-af1206f61cc8,Chris Cargill,https://play-lh.googleusercontent.com/a-/ALV-UjXzsIO1VV-W_IS-D5Q9YiKC7L47IDBLolGX9X085-OvFkBOnHE2,I will get notifications that I'm running out of time and I've already logged out That I'm in violation of time🤔🤔🤔🤔,1,2,2440.100.12897,2024-12-21 08:19:21,,,2440.100.12897,21,False
69edeaf0-3b98-49f2-b43a-f013b9c55432,jdsracing2003,https://play-lh.googleusercontent.com/a-/ALV-UjVg2T9N-PL0VEEp_QlCjMRjlK3BET6V-gLydIPlaGgy6vUXbGM3,I think it's worse after this update,1,0,2440.100.12897,2024-12-19 00:24:48,,,2440.100.12897,7,False
e209c1e6-b4db-43f2-baa0-b16b2dbb88bd,Kevin Alexander,https://play-lh.googleusercontent.com/a-/ALV-UjUkFZEw4y9Uit-ESp2ZKqDUFmG_JNKehegUFKzgqW_4iqg3jo6M,"Easy to use, somewhat accurate. Pesky little thing tho, keeps warning me not to drive towards the end of my 14 & 14 1/2 hour. The thing is, I'm off duty for three hours and 20 miles from the truck.",2,3,2440.100.12897,2024-12-18 19:05:43,,,2440.100.12897,40,False
17b41bac-814f-4b83-b90b-e89e374b220f,Mike Chesnis,https://play-lh.googleusercontent.com/a/ACg8ocK3HE_Ap1hijwezCU1x02Bu7Cz75-NoXsaVYDcaJkUO3hqCCy4h=mo,Frequent updates requiring me to uninstall and reinstall the app. No fingerprint unlock. Lag between Bluetooth and real-time information. Needs more than four image max for pre & post trip pix.,3,1,2440.100.12897,2024-12-12 04:36:42,,,2440.100.12897,31,False
c6a67b10-ed28-4f19-a068-eaf708eb8350,IMC Driver,https://play-lh.googleusercontent.com/a/ACg8ocLl4TO0cVlTX9630TB3sQcrHSMLYSwE0ak5f7YlOmwjarjSqw=mo,Best ELD out there!,5,0,,2024-12-05 14:23:45,,,,4,True
85a40695-5a2d-401b-85d3-88f2bbb70df9,Vince Jungenberg Jr,https://play-lh.googleusercontent.com/a-/ALV-UjWS8Icai47eOKqjR82eheC-vc2qf8zKgfmIkU01z6XKyOLXg4pX,"The app seems to be changing my status on its own after I change it. It has put me on drive after I put myself in sleeper, and that put me in violation. Also, it appears to have a tendency to play tag: when you go on duty and switch back to off duty, it will automatically put you back on duty. And when I go back to off again, it will again move me to on duty. And this cycle repeats.",2,1,2440.100.12897,2024-12-02 23:59:35,,,2440.100.12897,82,False
8021ae8a-b40f-42f5-afa6-97d5b6b28631,Jordan Gibler,https://play-lh.googleusercontent.com/a/ACg8ocLTEAvSJYEi9_YIh3XPrHC6e_cgUUPfMz6QOFgTc6WURgKdXg=mo,Great app,5,0,,2024-12-02 17:56:46,,,,2,True
ef17e2c5-200b-4590-9ec2-0b0b4b5aa01b,James Rodgers,https://play-lh.googleusercontent.com/a-/ALV-UjX4U8ryS0lgwe-4rstHKZk5a4ljQ5FNZR_nuqiRWGQx2fSMplIo,Great 👍😃 like it,5,0,2440.100.12897,2024-12-01 11:40:36,,,2440.100.12897,4,True
70538209-cf8e-49f6-bec5-8e38dbc30990,Alvaro murias,https://play-lh.googleusercontent.com/a/ACg8ocKnluNqzhQDu5mZ9sw95fQlPpWW2Jb-Eg9IXmNcjQJjsJICQw=mo,Not experience yet,4,0,2440.100.12897,2024-11-30 13:28:16,,,2440.100.12897,3,True
b10fa7b3-ba86-48ba-913b-531903c5032d,Tony Bevilacqua,https://play-lh.googleusercontent.com/a-/ALV-UjXHZB_tta0ff9Xs2G9vryAZZVZXwfFba3gLgpEgj4YjiMI11ujB,I like it because it's fast,4,1,2440.100.12897,2024-11-28 15:15:06,,,2440.100.12897,6,False
2cd8aeba-b242-4251-9f36-ef2e7c03506d,Jeff Rivers,https://play-lh.googleusercontent.com/a/ACg8ocKXbXrKmU9HXD_w7m0fpG3JGptOt3kz4dmaT2YxXLm8KSL-mw=mo,This app is worthless,1,2,,2024-11-25 22:14:36,,,,4,True
65fda055-0b03-42f8-906b-1e488e82a9b1,Brandon Trulock,https://play-lh.googleusercontent.com/a-/ALV-UjXc_X3d912YSBHwp_BcWOk_rNViXUx-6bKfnkj9O5cjRyUzDz0GdA,"Why wont you just let us add trailers? Why do I have to create one? Nowhere on the fmcsa rules does it say we have to have trailer make, model, plate and trailer vin, etc. All you need is a trailer number. Done. And Why is it everytime I try to add a bol for shipping documents you want me to save and certify my current days log when I'm not even done? Go into pc and stupid thing changes to on duty driving mid pc? Why companies use this garbage??? Keep trucking or motive now is 100 fold better!",1,1,2440.100.12897,2024-11-25 08:46:48,,,2440.100.12897,100,False
0198babc-3462-4138-806d-486e90ada9e5,ShadowBanned!,https://play-lh.googleusercontent.com/a-/ALV-UjV0OrFLflDWaaYifAL50Mu9Dm0ndRUa9kr2iwQa3TQ34c7vT3wJ,App will shut down and have to restart.,2,0,2430.101.12441,2024-11-21 18:04:49,,,2430.101.12441,8,False
ef672c55-d1a5-482e-ab1d-28c2a7728bea,Benjamin Watson,https://play-lh.googleusercontent.com/a-/ALV-UjU1CX-ddvd3Q1ASbon8hYl8bVJNkdpUZQZyzxN5cXOL86BbMIISVA,When I go off duty I would like to be able to go off duty. Often when I press 'go off duty and sign out' I will stay on duty. Next day I have to manually edit HoS. When I'm doing DVIR I have to manually edit my odometer since the app thinks my vehicle has 99 miles less than it does. I have to change this Every. Single. Day. Let me change it once and carry it forward.,2,2,2430.101.12441,2024-11-14 09:46:44,,,2430.101.12441,79,False
ff0c1efd-8c70-461a-8a50-7ba3c7ddc121,Danny Girvan,https://play-lh.googleusercontent.com/a/ACg8ocLzXVo-KqomlqJSHJCS0rdbrKSxhpA6qnLdaVeT_651MW7lFQ=mo,"Poor apps, says clearly 8.1 required- now will not allow sign on- 'must upgrade'- to what?. I have 8.1 now.",3,0,,2024-11-12 16:20:44,,,,20,False
75b4a4a1-aa34-4da7-b443-f79a84c1150e,Victor Smith,https://play-lh.googleusercontent.com/a/ACg8ocJdAZnGKYvYPe79zG9-acLqCydy5K1H-uuFipMhjarhGhrJBA=mo,Works for me,2,0,2130.101.8554,2024-11-12 09:29:29,,,2130.101.8554,3,True
a8ca3402-abbd-4bf0-bb80-15a60979f181,Mid West,https://play-lh.googleusercontent.com/a/ACg8ocLODROXEM_khMOfgCpi7pXkJgFeTxucmOZuomcujN3RP4SJrA=mo,Easy-to-use,5,0,2430.101.12441,2024-11-12 06:06:47,,,2430.101.12441,1,True
e98976f4-d2e2-42e5-af46-14d2ab29d9b0,Marvol,https://play-lh.googleusercontent.com/a-/ALV-UjWsUxBr6vOjxKShPrw3k3marz-O_GzXYmrP9DqX8uFZ241zrUrb,"Says operates on Android 8.1 and up, but it currently opens up with a notice that it won't work properly on Android 10 and even 11.",3,0,2430.101.12441,2024-11-10 00:09:16,,,2430.101.12441,26,False
1aed134c-5009-4ab2-aed8-9676939464de,Pickle,https://play-lh.googleusercontent.com/a-/ALV-UjW75arcocmzI9T5MEBqJdCKyVIaFEuVHFQPmaZLfngw8lCrURx9,Won't let me update,1,0,2430.101.12441,2024-11-04 22:24:28,,,2430.101.12441,4,True
eb69cfde-5027-4229-b30b-8d74671d9708,Rob Blowers,https://play-lh.googleusercontent.com/a-/ALV-UjXvkc8rUYfeYLgdCOEUmVlwlEmHqPZG_ZDBIcOx3tIL2auVGfc,slow response time,2,0,2430.101.12441,2024-10-31 17:40:23,,,2430.101.12441,3,True
0ae26e28-d7e3-41ed-a8e7-8589d302b450,Kevin F,https://play-lh.googleusercontent.com/a/ACg8ocJDvuyIfKy2pEzal6QV0K8-bjJDHmZkAaA1ZCZnrD4n2Y1_=mo,I shouldn't have to upgrade my phone to use this app. My phone is only 2 years old. Never seen this in my life.,1,0,2430.101.12441,2024-10-30 06:28:48,,,2430.101.12441,24,False
18d54f01-1c68-47ab-88df-8218b70c36ac,Alejandro Rabadad,https://play-lh.googleusercontent.com/a/ACg8ocKyOLj_g1ZZ6cUHhfUAvpXi5EM0M6NaLfatAJazw-kEwhtvUw=mo,Good 👍,5,1,2430.101.12441,2024-10-24 00:05:24,,,2430.101.12441,2,True
d71952a5-5670-43b7-8533-8270c25ae3b9,Rodney Beggs,https://play-lh.googleusercontent.com/a-/ALV-UjX5de7YLzi6fd2Mg_zJZvHJ8D2CsCiqUwc25sUHkO0ZumMgdKZx,"The app has never gotten my odometer reading properly. It's always telling me it only has partial communications with the truck. I had 2 days when I didn't even record any of my driving or update my locations properly. If you forget to fill out your DVIR when you do your pre-trip. When you go to fill it out, there is no way to put the actual time that you did the DVIR. You can only put it in at the current time. Having the wrong time on your DVIR is falsifying your logs. Plus more that won't fit",1,0,2430.101.12441,2024-10-23 15:51:52,,,2430.101.12441,99,False
1ced4ad0-74b6-4d28-b05c-74c271a8b6de,Jeffery Snelling,https://play-lh.googleusercontent.com/a/ACg8ocJu2doWtLxCBWVSKx0OL3O69gwvXssgcCAMZkiUETAKpmxC3Q=mo,"Please send an update to make the auto-rotate screen optional,this screen rotating all the the time when i dont want it to is very annoying.Redneck advice,if it broke dont fix it !!!",4,5,2430.101.12441,2024-10-23 12:06:03,,,2430.101.12441,32,False
df134f42-009e-4a48-9c15-fc9b1f83a4ab,Ruben Fonseca,https://play-lh.googleusercontent.com/a/ACg8ocKhAYJ0pj6hpXfPv0l7quZJI8m60_e0P0ru7Fqb53UvEvHwyg=mo,Horrible app! Samsara Driver App keeps putting me on ON DUTY status after I logged out. That's everyday! Always getting a Total Shift Hours Violation. Fix your app Samsara!,1,0,2430.101.12441,2024-10-16 09:11:14,,,2430.101.12441,29,False
b1e3cb9a-c7a9-4e0d-bc6f-d4a9ddab30f4,Bill Budington,https://play-lh.googleusercontent.com/a-/ALV-UjVv9sBhsJZgqJyni9bgJOFDu12Ovpto1kigL0QS0ZEjkL7tYLKH,"This app regularly changes driving status from off duty to driving creating log violations, even when the truck is shut off and you are clearly not driving. If I could leave less than one star I would.",1,0,2430.101.12441,2024-10-15 12:37:33,,,2430.101.12441,37,False
723f7fbe-a838-4547-a512-3b251b19b81e,Team LS,https://play-lh.googleusercontent.com/a-/ALV-UjW2MlEwtLwFAk2EX9roQ6N-tTvTjzXQxon_-8QLzrVPdXwdKl7B,App doesn't work as it should. Information doesn't carry over from one device to another when logged into multiple devices having to manually input information again which gets frustrating.,1,0,2430.101.12441,2024-10-13 10:24:14,,,2430.101.12441,29,False
135b50ba-ee98-46a6-b07b-4609bdfe23b2,Kelvin Price,https://play-lh.googleusercontent.com/a-/ALV-UjV5mWqSRzjhd0IZJ_lZNf-nKmvBzjRTeaJOUnpedb2gDolTDduyNg,Needs quite a bit of work. Automatically rotates me and there's no way to turn it off. Editing hours of service is exceeding a glitchy and aggravating. Not a terribly swing or economical user interface,3,1,2430.100.12347,2024-10-10 10:00:26,,,2430.100.12347,35,False
f0f67946-a8e8-49b3-8239-71613cc64b3f,sunday sears,https://play-lh.googleusercontent.com/a-/ALV-UjW0uMW0Ua7zwy59eixLvMb612QW7zXfIsdzF0-ndIHuN7zHGM5Mvw,This Samsera is not letting you see your log please fix it,3,0,2430.100.12347,2024-10-06 11:01:58,,,2430.100.12347,12,False
31a58786-0d51-47f0-8aeb-aa5e01acc435,Fernando Silva,https://play-lh.googleusercontent.com/a/ACg8ocL7mlT-oYmvx0jM0sSM7PFafjfwElvXShjhe378WNqNpiuQ=mo,Sometimes doesn't work very well,4,0,2410.100.11561,2024-10-04 14:00:21,,,2410.100.11561,5,False
c2f0903c-77b8-4f15-9d5d-dadee639f73c,Carol Kelley,https://play-lh.googleusercontent.com/a/ACg8ocKWAdaZbnqvowMXJswICop2Sn8n4mNZMEKz7zA0EQKLxFFJIQ=mo,It's not working properly on my phone. Arrived and departing is not working like it should,3,0,2430.100.12347,2024-10-01 22:11:29,,,2430.100.12347,16,False
598c8cd2-f825-4395-abfe-0b0df463d498,Jesse Oldham,https://play-lh.googleusercontent.com/a-/ALV-UjWkQZtU1tSW_jlsOnikeaq3-ylCIt9MsD8HjHHEoRVCWpPOxns,"Not very Intuitive/driver friendly and sometimes difficult to navigate. Does't record truck odometer @ status changes so requires a 2nd paper notebook if you must record miles at delivery points. No muscle memory. Doesn't bring up suggestions from past entries in remarks. Must manually input fuel station names and addresses EVERY TIME, even if you've fueled at that location repeatedly. Same with recurring events that must be noted in logs, such as brake check pullouts. Gets real old real fast.",1,15,2430.100.12347,2024-09-29 12:02:36,,,2430.100.12347,80,False
b08d965a-f71b-4664-9b64-7deb29e2dea4,Austin Stearns,https://play-lh.googleusercontent.com/a-/ALV-UjUkopukHj2R1-oCeEkHCSw12jUksziK7c3pJZ2-POi0pdHxJ3E,"Not a good ELD program. My trailer in my shipping info is constantly being erased. This is the 5th time within a week that my trailer info is being erased due to the program not saving information. This is something that could end up getting me in trouble if DOT were to ever pull me over. Samsara, you NEED to fix this.",2,2,2430.100.12347,2024-09-28 02:22:18,,,2430.100.12347,62,False
50750f0c-d414-4698-be82-7a0516252115,Brody Gordon,https://play-lh.googleusercontent.com/a-/ALV-UjWC22o6D3kMDEspE7Z0-BCaCdQfX57q5a55n8ljRS4cpPSZB8w5,"Will frequently start bugging after a month and have to be reinstalled, usually signing you out of the truck over and over again and just not being accurate at all",2,0,2430.100.12347,2024-09-25 15:01:31,,,2430.100.12347,30,False
a1f3f55f-a9c8-4af5-ada2-fde2d2c21990,Dan Horan,https://play-lh.googleusercontent.com/a/ACg8ocJPyAfnx2KMl7GcxH3PQFijrRcvQitwhKtv0iQOfnLibZaeAA=mo,"Satelite disturbance causes extreme delays, won't work well with split shift, can go hours without updating. Only good thing is the PC option.",1,0,2420.100.11899,2024-09-25 11:17:10,,,2420.100.11899,23,False
53fc4586-6be4-474c-802f-2797d0463d49,Stephanie White,https://play-lh.googleusercontent.com/a/ACg8ocI21s7X1eVc7Q-DjisHJnw85AjF6uzFOcDRVTSTL1UBKdnb9Q=mo,Pleas3 fix the rotation lock. I reset my whole laptop and your app is the only 9 One ignoring portrait lock,1,1,2430.100.12347,2024-09-25 09:36:50,,,2430.100.12347,21,False
76c8bf3b-1957-47c7-b9fc-92fcf21d4d7c,Pop's Garage,https://play-lh.googleusercontent.com/a-/ALV-UjXqZzlMEAPeTN6I12Zb3yV7fWi78qQbXTXZzghSUR3ZwvSVMqDtrQ,Still not the best motorcoach app it could be,3,0,2430.100.12347,2024-09-21 12:25:42,,,2430.100.12347,9,False
b35f0167-b89e-422e-8e25-ec70f0027b0f,Olmer Gento,https://play-lh.googleusercontent.com/a-/ALV-UjVmG-bwdLG31Njq6TGFx1okAYwV4VKmeiFsbG0uiaYeuf7VrvAo,"The app crashes while driving or off-duty and log-in is not possible unless you go on duty. You have to do a vehicle inspection while off-duty so you are allowed to log in . Imposible to check your hours while logged off if doing a reset. To make things worse now the app forces you to check ✅️👆 about 70 items *truck and trailer* one by one instead off just one ✅️ for DVIR / inspected. Split berth 2/8 3/7 only works during the current day , next day your HOS will be flagged as *in violation*",1,14,2430.100.12347,2024-09-18 20:02:38,,,2430.100.12347,97,False
b745846f-2883-4caf-81d9-bf6e142effbb,Ali Shafqat,https://play-lh.googleusercontent.com/a-/ALV-UjVmfW_Tp8Ty6ioZ9aKKm7vxdvhQiQgYQQ5ftQu9MX7mI64XhwBc,I used it when I was driver now I need for my truck it's very expensive $1800 cad just for device,5,0,2420.100.11899,2024-09-16 16:29:26,,,2420.100.11899,21,False
54b04420-8025-4d90-a8a5-be5b189b4666,Hayley F,https://play-lh.googleusercontent.com/a/ACg8ocKTxt90cbww7cSY_tMNRRzLkIk1-SAWBgQNftGIpucErxu81A=mo,"Great app, covers all the basics and will automatically mark ""unsafe to dive"" if you don't pass off important issues like bad breaks or air leaks.",5,4,2430.100.12347,2024-09-16 07:57:14,,,2430.100.12347,26,False
9e2b2d2a-9247-425a-b51a-578d1e586d02,BigJ,https://play-lh.googleusercontent.com/a/ACg8ocLNSnUbr2SuNmXgLlDika0YIkMVBy6ygnEeRCgE_O9CKTuFWw=mo,"Keeps crashing every morning and takes a while for the app to reload. When it finally does, I ALWAYS have re-enter my shipping ID. Sometimes, it doesn't even need to crash for it to erase the ID, it just does at random times.",1,1,2430.100.12347,2024-09-13 05:30:29,,,2430.100.12347,43,False
9d33bf5a-a761-4a1a-a0c3-1ac9a363104c,Dark Cloud,https://play-lh.googleusercontent.com/a-/ALV-UjUqWIKwsmfdsesxSkZnvwdeoHEhx6vEQ-lkC1KERNQs58kXMlm-,"Whenever there is an update, it will kick me into driving mode when I put myself off duty or sleeper. I will continue to do that multiple times. It also doesn't allow you to edit your time (not driving) unless you have to change your status completely, then edit the portion you want, then have to go to the other portion & change it to what is correct as well. Worst ELD I have ever used.",1,33,2430.100.12347,2024-09-12 13:20:52,,,2430.100.12347,76,False
7b5d937e-9841-42b3-af4f-24c8155f40a9,Timothy W,https://play-lh.googleusercontent.com/a-/ALV-UjWHALEqGRVlD3F9JXhZMlFEeveIKXRHT9-Kayk2QGNA3F-tiNHw,"Absolute garbage. Keeps closing. When it opens there about 30-45 seconds until it loads. Better hope you have a good cell signal because if not it's not accurate record so you can easily violate hours. Can't use the chat function on messages. Stupid screen rotate that can't be locked. Notifications and sounds can't be turned off, and programmed as playing sound instead of notification so better hope your not on a call or listening to something. they play for the most pointless reasons.",1,32,2330.101.10997,2024-09-11 19:59:03,,,2330.101.10997,83,False
4a8c5b48-af5e-4d1d-9023-5074a303f812,Odaly Alvarado,https://play-lh.googleusercontent.com/a/ACg8ocIkUPIkUgPGA3gjy08mUn9siG-YtuFY7VzgVXlvDcIn8mQBfk_y=mo,09/11/2024 Problems in the application this last month I don't know what's happening but my score dropped almost 30 points for no reason the application doesn't read my driving hours and miles and it dropped a lot this month I'm definitely not happy with this it affected me a lot I just updated it I hope this doesn't happen anymore zero stars I don't like it problemas en la aplicación este último mes no se que este pasando pero mi puntuación bajao casi 30 puntos sin motivo la aplicación no l,1,0,2430.100.12347,2024-09-11 14:52:11,,,2430.100.12347,91,False
650e937b-23de-4332-bf99-5b6420dcd33d,AEXTransit Driver1,https://play-lh.googleusercontent.com/a/ACg8ocI3YzmjA0Yrr4ch_HhuILITsl01as5CSgd6cSusI-7TDdjE7g=mo,Very good app,5,0,2320.100.10605,2024-09-09 20:45:43,,,2320.100.10605,3,True
76a69a79-9054-49a4-afde-dff7ce220ae6,L. M.,https://play-lh.googleusercontent.com/a-/ALV-UjUQYu1bBWfmix7i8M6ocmiieI57ksfPbUK9W5HFO75HoZ3-PJWj,Solid app. Just wish there was a way to change the notification sound to something louder or more noticeable.,3,0,2420.100.11899,2024-09-08 05:10:55,,,2420.100.11899,19,False
5c7e6df9-3a43-410b-81cf-239aeb88f211,M.D. Nolan (Wingman),https://play-lh.googleusercontent.com/a/ACg8ocJKBxpfqBzBnuGYzXU0FJNdI9NPepBgFoWJEt8jE9Sk4ves79Q=mo,Needs work big time ³,1,0,2420.100.11899,2024-09-06 22:06:30,,,2420.100.11899,5,False
81e6d013-2cc7-42c8-afd3-93317ce79861,Christopher Jeffrey,https://play-lh.googleusercontent.com/a/ACg8ocJpsVlzorjv_0MTwAptjc_WHNfGOC3vTGm29XhO3I6D6oJ-pA=mo,"The app is unstable. Every SINGLE morning I have to logout and reboot and go thru selecting the vehicle & trailer & even if I'd done so the night before. If not the log is all messed up with drive time shown as breaks and inaccurate mileage. When you select a vehicle Samsara ignores the ""space"" character after the vehicle name and you can find it. For the trailer it will search for ""Trailer 1 "" and won't find it it because it autofills an invisible blank space after the name. Tech support bad",2,6,2420.100.11899,2024-08-31 08:07:04,,,2420.100.11899,94,False
dcc6a365-9bc3-4182-8bb1-9a4b1d1b3a3f,Chuck Mccoy,https://play-lh.googleusercontent.com/a-/ALV-UjXdm8pRqHdfuxUhuLRa5sXueLlcB0HxvDxPGFjgKg60gXVV0GyL,This is the absolute worst app ever !!! IT WILL GET YOU IN TROUBLE WITH THE DOT LIKE IT DID ME. IT WILL LITERALLY CHANGE YOUR RECORD OF DUTY STATUS ON ITS OWN. I JUST SCREENSHOT WHERE IT DID IT. IT PUT ME ON DUTY AFTER I DID A POST-TRIP INSPECTION AND LOGGED I WAS IN THE SLEEPER 9.5 HOURS LATER I WOKE UP AND WAS IN VIOLATION. WHILE I WAS SITTING STILL NOT MOVING A SINGLE INCH. TWO WEEKS AGO I GOT DOT'D AND RECEIVED A FALSIFIED LOG VIOLATION BECAUSE OF THE SAME THING. AND SAMSARA DOESN'T CARE !,1,0,,2024-08-30 08:39:09,,,,100,False
a5dec43a-f721-41a1-9f00-a32854d0369e,A Google user,https://play-lh.googleusercontent.com/EGemoI2NTXmTsBVtJqk8jxF9rh8ApRWfsIMQSt2uE4OcpQqbFu7f7NbTK05lx80nuSijCz7sc3a277R67g,"The UI is inefficient. In order to change duty status from the load screen you have to press back at least 3 times. When entering load information it doesn't put the cursor in the only field to fill in information. There isn't a mark all messages read button. It's duplicating messages both on my phone and in the app. It rarely, if ever, sees the truck I'm logging in to. You have to arrive twice to end one load and begin another. A lot of days I have to manually input my location at shift change.",1,18,2420.100.11899,2024-08-28 19:13:40,,,2420.100.11899,96,False
c64d80e8-64ee-48a6-981c-d6c6fed2a422,Cruz Medina,https://play-lh.googleusercontent.com/a-/ALV-UjVWWICD76b-Ofw7WBtKSVTFtJuNkUKhOAC-A_OirwPbBrr6qQMO,Good,4,1,2420.100.11899,2024-08-26 02:09:05,,,2420.100.11899,1,True
a1be0696-6563-4bef-850c-82ce75c9b6b4,Colin “FUBAR” Dann,https://play-lh.googleusercontent.com/a-/ALV-UjWekzGqaOJ101CkyZUmnudrnMg5w-GiIj2KglXfqx8duesUPTH0,Need to be able to choose multiple pictures when uploading documents,3,1,2420.100.11899,2024-08-25 18:24:53,,,2420.100.11899,11,False
a6ea1516-fa15-4eff-946d-ba3e1f19d289,Gabriel Cavazos,https://play-lh.googleusercontent.com/a-/ALV-UjUcQgeL68QkoxPsOtWYzsn_pjXtObJAiQZ4aSomT7q33u_tnBO3eQ,"This stupid thing puts me on duty while in sleeper berth for >1 min then puts me back in sleeper. It ruined my sleeper berth time. Now instead of being able to go home and see my family, I have to start my break over because if I edit it to sleeper, I'll be in violation. This thing is so buggy. Constant reminders of violations when off duty or in sleeper. Split sleeper is really buggy now. You lose valuable time because of seconds in the minute. Total BS if you ask me.",1,0,2420.100.11899,2024-08-24 11:54:58,,,2420.100.11899,93,False
308fc5de-1628-479a-8b2e-4c85033a9f46,Randy Stover,https://play-lh.googleusercontent.com/a-/ALV-UjU2iux-e6VoQ976xkwx1_3wxUcCnB7D_kzRs2DUE9Py0xHT9pQB,"Most all my drivers love this app. For anyone that has ever used paper logs, they will really like the convenience and accuracy of the Samsara Driver App.",5,3,2420.100.11899,2024-08-23 09:46:32,,,2420.100.11899,28,False
29f606ce-9cf8-4b7f-9471-162e26014a28,PsychoTrucker,https://play-lh.googleusercontent.com/a/ACg8ocI4SHPQPZbP8Oc1oYuJo19LIKPHv-xyg9wZ-FApJmbgKqbIyqM=mo,Samsara is a socialist p...o .s. system. Not to mention it is slow A....F.. They sell better electronics at the dollar store.,1,0,2420.100.11899,2024-08-21 18:43:07,,,2420.100.11899,22,False
4aa9e2d5-fe95-4e29-b284-73e4cc3503a3,Angel Colon,https://play-lh.googleusercontent.com/a-/ALV-UjWxMD4HLFClC3G_dmExaL5z7cTvyRJacUpihEvm5OLQrwxzYEt3,Great,5,1,2420.100.11899,2024-08-16 16:12:55,,,2420.100.11899,1,True
913a73d9-ce88-448c-b1bc-7e272741af1c,Gurleen Singh,https://play-lh.googleusercontent.com/a-/ALV-UjWRcpTZ1ZbDfNFEDDFHLWU_afRJPGZqdJ6kxsVbra1qMxwfpEkwKQ,Its useless book in canada wide. Worst book canada wide,1,0,2420.100.11899,2024-08-12 00:38:09,,,2420.100.11899,10,False
06001149-8bc1-4f61-88b2-d36a30010115,Edwiges Corrales,https://play-lh.googleusercontent.com/a/ACg8ocJpZLrUP-yXDyn6rnYUVIkxn9DcI-S6Cny_pCZqIh8bmv05BA=mo,Good,5,0,2420.100.11899,2024-08-11 16:18:31,,,2420.100.11899,1,True
e256b97e-f4a5-458c-a166-0282832693f5,Gaien Perez,https://play-lh.googleusercontent.com/a-/ALV-UjUqO6p5lrEr9vbcJtZrKfvpe76RC4DMPyoNzYlGt9FDvl6AM6KT,"Fix your app. Takes 2 years to load route directions. You're piggybacking off google maps so it shouldn't take forever to find route especially when using Google maps separate from your app is way faster. Also fix documents not taking pictures. Camera through your app doesn't save the +5 pictures I take. For an app that uses the apps that are already on the users phone instead of your own custom software, this app seems to barely function.",1,6,,2024-08-10 13:50:29,,,,78,False
d1738c48-2203-4b74-b6e4-e80288bedc3a,A Unsub,https://play-lh.googleusercontent.com/a-/ALV-UjXrs5GaJZA8oXUgxi_UzVdY2qAIutoQ3V7gwSHeJseI0n4nSdZzng,Why do you have to go in and add the trailer everyday. And the ticket number. How about have it pop up when you go on duty. Why not show your trailer numbers on the main screen with the vehicle number (so that you know it's entered correctly) and the ticket number. Let's make this driver friendly.,3,1,2420.100.11899,2024-08-09 07:01:25,,,2420.100.11899,57,False
d7108323-4658-4af2-8722-6b1b25989ca0,Fellow Individual,https://play-lh.googleusercontent.com/a-/ALV-UjW96cf3nRb1fbi6sGVDl8m0695eOLHmtrCgolr600l1yoJsfE2B,*sleeping peacefully getting a notification at 3:00 AM* [Total Shift Hours] Off Duty Time REQUIRED *frantically checks duty status* 'OFF DUTY' wow thanks samsara very cool,1,0,,2024-08-06 15:40:47,,,,26,False
2d1294ed-5bed-4635-b49f-5680f239d005,MATT,https://play-lh.googleusercontent.com/a-/ALV-UjVmqAXMto9s-4M6Do_TzibdxlSFXwy41cZRV0dZhX9dDaiEEk3Fzg,"Can't view hours of service without selecting a vehicle and going on duty first. Very inconvenient. Don't forget to log out if you share the truck, either.... Not able to edit driving time.",3,0,2420.100.11899,2024-08-04 20:02:59,,,2420.100.11899,33,False
9fadc7b0-ba60-4caf-916a-a9046f2e1778,JOHN GANN,https://play-lh.googleusercontent.com/a/ACg8ocLdLziZtOQPhzHqNBlC0tKLl1vTgw-M4EVTy39bcK29mHcgkw=mo,Easy to use and find my set(equipment) to start my trips.,5,1,2420.100.11899,2024-07-31 14:15:25,,,2420.100.11899,11,False
e79a8fbb-4ea9-4cda-920b-5542ed622f4b,makayla Bryant,https://play-lh.googleusercontent.com/a-/ALV-UjU1CO1W1j11QwbfORpeRmX0mMDUWI27xfX3aUwJBS0uUSUVTkJ5,Excellent service,5,1,2420.100.11899,2024-07-30 14:25:18,,,2420.100.11899,2,True
92ba5434-5917-49a8-8ac1-c6d2afcd84e0,Jackie andrews,https://play-lh.googleusercontent.com/a/ACg8ocJsDkNJS7FLWFQerJzwOLMpA5yMQd7O2LS4VRqX23oPKDefTw=mo,Can't login,5,0,,2024-07-29 18:43:46,,,,2,True
0d2be59f-b0b4-4042-885f-88cfe8898d79,JT King kong,https://play-lh.googleusercontent.com/a-/ALV-UjVJ4gaj69dZCnpFPusBq61OJN2Y_0OBH5jPX1r7BdrwwFpKPLI,after you sighed out after work. you thought you did but then the next day you are in the app for no reason . it logs in itself on the off day work. it weild it happen fews times.,1,0,2420.100.11899,2024-07-27 18:01:37,,,2420.100.11899,39,False
945fc0c3-de2c-47a2-ad61-6d91e02c1ba1,Randy Brooks,https://play-lh.googleusercontent.com/a/ACg8ocImVKN4YP59fBlKfhfexkp9lCJQAeg4yj5PJN0iYtJaSKQEwQ=mo,Very reliable keep up with my logs sometimes it can be slow uploading but other than that it's Kool.,5,0,2410.101.11682,2024-07-22 20:26:50,,,2410.101.11682,19,False
46fa7ca7-b12b-431c-9d49-dd34cbeda58d,David Cross,https://play-lh.googleusercontent.com/a/ACg8ocLHUhK0uKPNVTKDjLn599Zay2WRRzuqnV8NUiwmKaVB77-0Bw=mo,Does things that are illegal.,1,0,2420.100.11899,2024-07-21 20:12:36,,,2420.100.11899,5,False
f32ec521-fb10-42fe-8338-2e1ccf229fe9,Jaret Stevens,https://play-lh.googleusercontent.com/a-/ALV-UjXZkKX_dZ99r8hURCz4IGO8Md86FJUVfarkuEaAv4KFH4tuRIL1,Total dumpster fire. Prepare to break your device in anger because of this absolute trash of an app.,1,0,2231.100.9874,2024-07-12 00:00:44,,,2231.100.9874,18,False
33b15551-b4d6-4263-ac9f-6de48ebd9dd8,JEFF RAPP,https://play-lh.googleusercontent.com/a/ACg8ocJ_dFifD1xzzb_c4f4NSfostHZzhHyeAgRUdD0oaTyyB8hDfQ=mo,Good,5,0,2410.101.11682,2024-07-09 10:37:09,,,2410.101.11682,1,True
abaf75c2-0f59-48e0-9ada-876dbf558d82,Terry Bracewell,https://play-lh.googleusercontent.com/a/ACg8ocI44DNKbnwtiA2IsFOscl16v4MlT4pLOcTOs2m4P59xLOx-sA=mo,Good,5,1,2420.100.11899,2024-07-07 09:10:15,,,2420.100.11899,1,True
6b5acdd1-e91a-4618-b91c-b004198403dc,Fernando Anchondo,https://play-lh.googleusercontent.com/a/ACg8ocI0XlN4KGlJMynGxB_rT_Z1LFArUF57xwWf2V2HlC5Tg2D5KQ=mo,Fast safe for dot us or inspection no paper logs easy to use can't go wrong,5,1,2420.100.11899,2024-07-06 18:36:59,,,2420.100.11899,16,False
e65069af-9d33-4e39-adf4-c2563fa3b863,Kevin Jefferson,https://play-lh.googleusercontent.com/a/ACg8ocLKO_CSW7_c1tJHO69OhgrIRKF-0vz_nhjBZ261tyXmiaC3iQ=mo,Still functions a little slower than I like but overall good!,4,0,2420.100.11899,2024-07-06 08:41:16,,,2420.100.11899,11,False
f9bfa149-8336-499f-b26d-7ad300c22ab3,Dwight Childs,https://play-lh.googleusercontent.com/a/ACg8ocJfmtO0HlsAO1mQ9IZbEFFHfAdwO7u5cUO8rGh6X9XHPXNpTg=mo,The app sucks to many inprovements to list,1,1,2420.100.11899,2024-07-05 10:49:54,,,2420.100.11899,8,False
a47dbf6b-06e8-49ab-a4c1-701dba64592d,Sukhjit Multani,https://play-lh.googleusercontent.com/a/ACg8ocIjnXDTntMBSum6m14mzBcGFKsSMBNV59wZdP4zQM-ulrRNJQ=mo,It take 3 min to open,1,0,2420.100.11899,2024-07-03 18:25:32,,,2420.100.11899,6,False
29b717a9-f9da-40ef-90c8-47103382b665,Danny Foster,https://play-lh.googleusercontent.com/a-/ALV-UjXHGhZhzFAT6Ahvku7DkOVj_YGHvgOtyGbwrCIL-3dj85Sh26GV,Far,1,1,2420.100.11899,2024-07-03 16:06:58,,,2420.100.11899,1,True
81a1a714-3740-4d10-b718-2560182802ca,Mark Goodwin,https://play-lh.googleusercontent.com/a/ACg8ocKEl4QBJhbBtnAeRIyQ_F7N_JhLvLkD3rvgyIvUJzbj4mDqjQ=mo,Very good,5,1,2410.101.11682,2024-07-02 21:51:57,,,2410.101.11682,2,True
58549f35-c90d-4373-938d-11911bc5e15f,Luke,https://play-lh.googleusercontent.com/a/ACg8ocIsGjzRFa8088Juki5O15p-zOWaQJBhcvz6JzoTtJxECtC_dA=mo,inbox update is absolute trash get rid of it.,1,0,2231.100.9874,2024-07-01 21:15:55,,,2231.100.9874,9,False
68d9e2f9-71d4-4954-97b2-d7b9d560025a,Darold Darden,https://play-lh.googleusercontent.com/a-/ALV-UjUCcJKYU24TMkYDWgaHP-6cqPJSrRkH-8N463bEEP6mdKS46vw,Good,5,0,2420.100.11899,2024-06-30 20:06:02,,,2420.100.11899,1,True
bf40c5d0-3495-4c3e-956a-2b0980a69f41,Martin Shields,https://play-lh.googleusercontent.com/a-/ALV-UjUJptSz769Q281gkeJmOkP7Jwcz402Bk-MYJf-MMliqxhp976H0,Since he last update I cannot read any messages from my dispatcher while on the drive line. So 11 hours out of the day I can't read any messages what are you guys doing?,1,0,,2024-06-27 05:19:30,,,,34,False
c3bac961-0250-4d00-a080-b457001dd06c,Jimbo Jones,https://play-lh.googleusercontent.com/a/ACg8ocLgHif2maEvrE_9N_DqSMHvx4pXhAKcKDvR253uQT-dxZw1tA=mo,App is slightly intrusive. Monitors more than just the driving and location. Not recommended for fleet use unless you're looking for an option with minimal costs,3,0,2420.100.11899,2024-06-25 05:22:40,,,2420.100.11899,26,False
8be8b252-8acb-472c-80b2-796ff4b43ce9,Jim Sorensn,https://play-lh.googleusercontent.com/a-/ALV-UjWjiOjAhTgnEj3bpQArJGCJ9ykot6xg4qGzIJZullQRGagGryN0,"It's a good app. Easy to use. That being said, Whoever had the brilliant idea of taking seldom used tabs from the top corner to make a bottom bar of them that gets in the way of commonly used items and gets in the way of scrolling, should be flogged and told to put it back to more user friendly as opposed to horse doody",3,0,,2024-06-24 22:29:55,,,,65,False
c036d6a6-758f-4690-a7d4-874b25562a2d,Darryl How,https://play-lh.googleusercontent.com/a/ACg8ocK-vjyYAlZKR_pjB3pGL3GdKN5HD4B4fvolsMpwyc6IyDZX6g=mo,"Location is active, Only the module isn't picking up the available trucks I Need to Log into to.",3,0,2420.100.11899,2024-06-24 17:54:42,,,2420.100.11899,18,False
7ad72fbe-846e-4f9f-a70a-0944a570a74a,Manny's Bulk,https://play-lh.googleusercontent.com/a/ACg8ocK-Ta8O6-p6k5fB0Yp2SAuHJGpI06vccmAkXDYCwsIBLjLlLw=mo,No funciona,5,0,2420.100.11899,2024-06-24 16:54:41,,,2420.100.11899,2,True
06117500-7951-446f-bda9-75011b6c5976,Hamed Gahangiri,https://play-lh.googleusercontent.com/a/ACg8ocInlCP23tSvSj_LvA5tXfj3Q0xq7VHLTwap4Hj1qeKNVVQZzg=mo,Needed some important,4,0,2420.100.11899,2024-06-24 02:05:46,,,2420.100.11899,3,True
bed33848-e633-4414-b560-e8b0133b1c96,Dio4ever,https://play-lh.googleusercontent.com/a-/ALV-UjV051TUWy2yxvx4GrwOj2MRGDRZ83yfs6Qg2S1j2_bFtpDrTDc,"New version Looks and Feels Better ,, not sure if was a test version, i use it for a day and came back to the old version 👎",5,9,2420.100.11899,2024-06-20 06:24:36,,,2420.100.11899,28,False
e57e7df9-6f3c-4148-8541-ef6078e3290b,Sheldon Washington,https://play-lh.googleusercontent.com/a-/ALV-UjWzo4jFDRL57zlHprnIvS71cRv_W7CPidSX3ZKOKlVRFew7LAJIFA,This is a new review from the latest update. Rating went from 5 to a 1 star. I would give a zero if I could. The latest update is horrible!!! We don't need inboxes and all that other junk. The app already sends push messages in notifications. The inbox is buggy also. You have to click the messages individually and it still shows that they're new messages. Please revert back to the old app. I understand trying to always improve but sometimes less is more.,1,10,2420.100.11899,2024-06-18 12:00:32,,,2420.100.11899,85,False
49fb38c1-c4bb-425d-bd58-3b7713cfd170,jerrod lobdell,https://play-lh.googleusercontent.com/a-/ALV-UjUkZ8lgQa408sls1jBKB7ECD28htwdkWm_6ToTHfbI-TLBK8_uG,Cool,5,0,2410.102.11794,2024-06-17 16:21:34,,,2410.102.11794,1,True
36144072-2fa2-4854-9ade-5ead4a25b253,Om Test,https://play-lh.googleusercontent.com/a/ACg8ocJgoj3VLJzWEjauJCqS-5FPOYNHrWdy_PjZb8ScCvm34quNew=mo,"Designed to monitor speeding on a scoring system that is inaccurate by the posted speeds on certain highways, I'm told I can report inaccuracies and have them corrected. How asinine is that, I would compare it to hiring a babysitter to watch your children and then staying home yourself to monitor the babysitter.",1,2,2420.100.11899,2024-06-15 17:58:03,,,2420.100.11899,53,False
3c6100d0-7c4a-4efe-b940-fc3e6808b24f,Robert Bucknell,https://play-lh.googleusercontent.com/a/ACg8ocLxtqtUpV5DNIF6wminUJUMmrm7TE1jhftgs3L3oiSoJG8KIQ=mo,Is easy to operate and helps plan daily schedules. I like it.,5,0,2420.100.11899,2024-06-13 03:52:49,,,2420.100.11899,12,False
0ea024c7-8485-4d5f-9342-f41e894fe8af,Robert Birch,https://play-lh.googleusercontent.com/a-/ALV-UjUoUIkClYDdgvfkyAL2TkoVppZfgEzuWYAwvyooCG5cf3E4bmUW,Tells me I am far from vehicle when I am sitting in the seat,3,0,2420.100.11899,2024-06-12 07:08:13,,,2420.100.11899,14,False
2dd10de3-fe96-4c85-a0ed-f6b2a83afa14,Becker Bros.,https://play-lh.googleusercontent.com/a-/ALV-UjXLwnwNW1lmWyI9CKAI4_4lFt2fKoKQUz4SozStPhdPJNVQAuTy,Love it 😘,5,0,2410.100.11561,2024-06-11 13:31:47,,,2410.100.11561,3,True
89e795a5-962b-4892-91b5-d0580114210c,Frank Bednar,https://play-lh.googleusercontent.com/a/ACg8ocJEMMwZ5rTjqTNz1-XVDwBPEXO4v7T47ivuTdpGjvQcIiknlQ=mo,Very easy to use,5,0,2410.102.11794,2024-06-11 04:44:55,,,2410.102.11794,4,True
cbbf69d7-a49e-40b9-aad9-c8d225c32f55,Wes Aycock,https://play-lh.googleusercontent.com/a-/ALV-UjU-RKC7W_AtGfApWOz-upTLZBb8umvNgs-9bmbF7rsBQs3RyO7QkA,Needs to have biometric for logging in and save the fleet id and not fill it in Everytime you sign in,3,2,2420.100.11899,2024-06-09 10:46:30,,,2420.100.11899,21,False
cc8456eb-4c14-4966-b135-eea5370baddd,Me You,https://play-lh.googleusercontent.com/a-/ALV-UjWPF0QTRj7Zob39LxOA-CobaQ8iYfCIK-tXUG2g63WPQqqw0LxgFA,Work related.,5,0,2420.100.11899,2024-06-09 00:15:24,,,2420.100.11899,2,True
58013be3-2421-4d55-9c4c-9a49f45b8a70,Satheesh Siva,https://play-lh.googleusercontent.com/a/ACg8ocIgIMq1LIvG6yvyZKekSek11s-Y1FOHeHdZiCbenkzrO2jNPQ=mo,Driver Friendly and Ease to Use,5,0,2410.102.11794,2024-06-08 01:19:36,,,2410.102.11794,6,False
dfb629b3-8094-4609-bdab-117e8262295e,Tomrick Walker,https://play-lh.googleusercontent.com/a-/ALV-UjX0ShCmdn01kIY3XLXNZIbLlzgjJO9wOtfWfiR3gQIs7lr-cfOl,Good 👍🏽,4,1,2410.102.11794,2024-06-05 21:16:01,,,2410.102.11794,2,True
f8f504bc-7868-43ee-b8d7-ee7f86144e83,Jessie Motz,https://play-lh.googleusercontent.com/a/ACg8ocL_vLlh99jPLxQ9XSfzGR_gA7yQacf_gwBPepMBAbiNJTErIg=mo,Works pretty well,4,0,2410.102.11794,2024-06-04 20:41:05,,,2410.102.11794,3,True
efe91341-5a15-4486-8d0b-cc15cce719b1,Brandon J,https://play-lh.googleusercontent.com/a-/ALV-UjVilPLT6QIxE-y7C9UXwhrZm9AARnPD1fLfrB2pHao4uKxnqlOK,Good app. Easy to use,5,0,2410.102.11794,2024-06-04 19:29:23,,,2410.102.11794,5,False
0c66d50d-ea29-4cd9-890f-8849921a933d,Tony Petrey,https://play-lh.googleusercontent.com/a/ACg8ocIqC5SroLAKnI6gqNa7zlzjZe2s5M-oy34Lh38V4N9HUlum=mo,Interesting 😎,5,1,2410.102.11794,2024-06-04 12:14:09,,,2410.102.11794,2,True
20ece37b-f391-4488-8f45-5767f2fbf3ea,Dustin Edding,https://play-lh.googleusercontent.com/a-/ALV-UjVEzW1f1p7fAZ7KxYdzmuIp4P0yCStHYZZXfflrSUmvETHZcDSd,Easy to use.,5,1,2410.102.11794,2024-06-04 06:51:16,,,2410.102.11794,3,True
f32f0c4b-884d-4945-b84e-80b9219deae3,Marc Bastien,https://play-lh.googleusercontent.com/a/ACg8ocLuxUjRRyT0lbNmQObBhR3B2e6d4gMkPgQrYujmu2ioagF-8Q=mo,seems to operate with reliability very satisfied,5,0,2410.100.11561,2024-06-02 21:46:17,,,2410.100.11561,7,False
61247675-f216-44ab-a336-fab6b9629215,Vicki Fish,https://play-lh.googleusercontent.com/a-/ALV-UjUTjWJfDXJjGWNKeIhVFf7EBMwJ68zQGqL068-BdyhdQpZctjBZ,It's great to a point. I wish there was a place for training students and they go on duty when the trainer goes on duty. Instead of going through the team driving section.,4,1,2410.102.11794,2024-06-01 15:38:21,,,2410.102.11794,33,False
d11ed479-0d2a-4d4d-b56f-0190ea294298,Asher Cody,https://play-lh.googleusercontent.com/a/ACg8ocK__xeZPi25ZQ2M6r0z46gvbFChnRFv6WP_J_oFXVltsE6j9A=mo,I block out a number of times and mechanics move my truck and put me back in the drive I've completely lock out and shut the system down I've lost time and the next morning on my split shift the time that I lost is sitting right now this system sucks,1,1,2410.102.11794,2024-06-01 07:55:04,,,2410.102.11794,51,False
d9df5bd7-89c4-4df9-9961-800d02546858,Matt Merrill,https://play-lh.googleusercontent.com/a/ACg8ocKwre8dCdNrP3a_ne04h4xevyE4SwrzBkJwXMhfR3VtR81mGw=mo,Good,4,0,2410.102.11794,2024-05-31 18:02:58,,,2410.102.11794,1,True
11adad8e-6210-45d0-ad8b-9a657a5648a1,Leo Romano,https://play-lh.googleusercontent.com/a-/ALV-UjWogG-ItByhUwpTaTBxICVxmxTbVCAYzwRr18zpk5hfwZ3tuL5-oA,Live using it,5,0,2410.102.11794,2024-05-30 20:24:00,,,2410.102.11794,3,True
1f6da419-0c35-4e02-8827-c74ac2954bb9,TDZ,https://play-lh.googleusercontent.com/a/ACg8ocLWJi5VrzldLHlyLuKgKsZd6qlxXdxHhDHVoHfshvYPVuvrYNKB=mo,Works awesome. Keeps all drivers honest when completing circle checks.,5,5,2410.102.11794,2024-05-30 14:00:50,,,2410.102.11794,10,False
a18f282f-9e09-4beb-bd2c-3e5cc4a033e7,Steven Stencil,https://play-lh.googleusercontent.com/a/ACg8ocLJyoSpziUxFy29mbYQytCuQQsKbd7uZCXagOvIRZh10OJ0kg=mo,Excellent tool!,5,0,2410.102.11794,2024-05-30 13:00:34,,,2410.102.11794,2,True
eae9530c-79b6-4648-bcfc-b211fb9b4112,chevy inlinesix,https://play-lh.googleusercontent.com/a/ACg8ocKuBCVM5a4bi2E3ehcwLOwFQC6KAOWBSTxvncURjtl3X8xmKw=mo,"If you are looking for an E-log provider, I'd strongly recommend looking elsewhere. They are unresponsive to issues with the app, the layout isn't suited for a mobile device, and it has connection issues multiple times a week.",1,1,2410.102.11794,2024-05-29 17:12:26,,,2410.102.11794,38,False
51f8669a-7cf1-42b6-97bf-073b1ca5dc80,George Hackett,https://play-lh.googleusercontent.com/a/ACg8ocLTg2kr1IFTZKdnZyMUHTJ0yPuU1Ehk2k1YQgadvDGkKy7j-g=mo,Very easy to use,5,0,2220.100.9435,2024-05-29 15:07:06,,,2220.100.9435,4,True
dd600a9e-4a99-49ea-b4f2-2eee5f2df1d4,Jeremiah Clark,https://play-lh.googleusercontent.com/a-/ALV-UjUG2P9Fju8rWT6Sa1UuKLU_6dtENiB_tkcGIt-5uF1tjlls_wGMKQ,Not loyal to customers. Don't sign up! There are cheaper and better providers out there that don't require 3 year long contracts. Multiple times I requested have the service canceled. Everytime they said I could cancel if I paid the fees owed (fees they hadn't earned yet) I'm going to pay the fees owed which almost amounts to the entire contract. I have been a very low maintenance customer. There are cheaper options out there with no contracts. I gove lots of 5 star reviews. I can't with them.,1,46,2410.102.11794,2024-05-29 09:24:24,,,2410.102.11794,89,False
cd6c2c00-2ae2-4270-ba51-fab40bf9b78f,Castletown Fuels,https://play-lh.googleusercontent.com/a/ACg8ocJ-0jfdLeumVyh1KSvBxcU2Fu2qLMj_JOVKlARMeX5bzYJb4Q=mo,Fantastic!!!,5,0,2410.102.11794,2024-05-28 09:46:44,,,2410.102.11794,1,True
38ce4ceb-63a4-4d8e-a0d7-5e44650aa70c,Key West,https://play-lh.googleusercontent.com/a/ACg8ocIys2VzPXvM6G8vr96Hf5-zG6zPRyNWqUOm9hViDJ9MFmj4qQ=mo,Do you not listen to your complaints here's one for you this one has never ever worked right in fact all the ones in our fleet do not work right maybe you should contact the people and ask them if it's working right this is b*******I'm not telling you the company I work for not on this you need to fix this it does not work right in Canada. You need to fix this I have said to the company to get rid of you maybe they should,1,0,2410.102.11794,2024-05-25 13:57:55,,,2410.102.11794,88,False
62540fd8-5b30-4b4c-956a-6356013bae51,luis rosario,https://play-lh.googleusercontent.com/a-/ALV-UjXvOgli5jaX71sdTzNpc-bGQ8XPXKE4hysSmnJLcgOzvCX0zeA,Great app and friendly to use,5,1,2410.102.11794,2024-05-24 00:54:53,,,2410.102.11794,6,False
9353a6f1-6c77-44ac-b947-25396d2d2570,Eric Bradley,https://play-lh.googleusercontent.com/a/ACg8ocLMmUgb3dmWscGbzJVvhnp_LlXXT71XUWE8JjU4ZRuysfVJkw=mo,It sucks,1,1,2410.102.11794,2024-05-23 09:23:50,,,2410.102.11794,2,True
77d905e4-3351-4f8a-ac61-3b65bbdd0c85,Kevin Miller,https://play-lh.googleusercontent.com/a/ACg8ocKepgph60nCSBf0EYBt8ZyFxdFLwOEiHh7blHHoy7MDZX22pCwF=mo,The app continuously takes me out of any status and puts me back in Drive status for no reason whatsoever. I will literally be in sleeper status with the truck shut off and it will randomly put me back into drive status which I cannot change afterwards. Thanks for killing my clock samsara,1,2,2410.102.11794,2024-05-20 15:00:51,,,2410.102.11794,53,False
258b28bc-ed4c-4d0f-8c7e-8afefb9d8d3d,Christopher Laymon,https://play-lh.googleusercontent.com/a-/ALV-UjVz_dHkydRZepqibbqQxEwjZX-UYvye5IDrTysEKsr7HVmLDRdu,Great app,5,1,2410.102.11794,2024-05-20 12:03:15,,,2410.102.11794,2,True
51255c36-16e5-457e-9282-55fae6b9807e,david catalfamo,https://play-lh.googleusercontent.com/a/ACg8ocK-OAeVzyLS3VKvV5NDgcvIQM9mPJwKROz8n7uJ2s0pq45biA=mo,"Good app only on the last update, I can't select my truck #",4,0,2410.102.11794,2024-05-18 20:13:10,,,2410.102.11794,13,False
ca05d992-28ee-47de-96c9-c942abc9167e,Ronnie Siglow,https://play-lh.googleusercontent.com/a-/ALV-UjXIpM0Xg3b2854EJRC5V9eAmji3hBe9NP5z7cHBWKj1BEkKwgI,Perfect! Does all the work for you,5,2,2410.102.11794,2024-05-18 19:28:38,,,2410.102.11794,7,False
df5c4b0a-a2d7-414f-889e-f81d85a89c57,Lawrence jones,https://play-lh.googleusercontent.com/a/ACg8ocL6AB4mhs1w_VkB_keQB3Z5xA60Xt5OpxXNXoUbUC75pcaAJw=mo,Great,5,1,2410.102.11794,2024-05-18 16:59:35,,,2410.102.11794,1,True
fdaf2fad-d47e-4c57-bcc9-38104eb790da,Joe Dominguez,https://play-lh.googleusercontent.com/a-/ALV-UjWkMq0YvPMnBzA80AT653j0vV5F7jZ9-yrJVKqeEB3IL1epPHY9,Needs improvement with time changes,3,0,2410.102.11794,2024-05-18 03:20:11,,,2410.102.11794,5,False
b3442acb-6785-4fe5-a627-c9d150b41bc1,Khaliq Mushtaq,https://play-lh.googleusercontent.com/a-/ALV-UjVufkpxnN4OlrcuPNCxwo4tUtaNAZecAgjM4ssB9p1VvX61rIJI,Nice,5,1,2410.101.11682,2024-05-18 00:17:53,,,2410.101.11682,1,True
2d01abda-bbdc-465e-8edd-525452f1781c,Rick Serrato,https://play-lh.googleusercontent.com/a/ACg8ocK07oLz0Gcyn5ksbG0_uBMsKLLDploW-hk4zUg27HuWQVPdfg=mo,easy to use thank u,5,0,2410.102.11794,2024-05-17 08:01:20,,,2410.102.11794,5,False
153fc312-48d0-4ba9-8084-581384692f6b,Michael Klima,https://play-lh.googleusercontent.com/a-/ALV-UjXGsD19fiyzAkGipVL-BPov2WJeaYuB0qX4M0_L2hIv0evw5gk,1 problem if you log out. You can't enter PC mode it goes straight to on duty so it always messes up my 34 hour rest. 2 if you try to do your 34 hour reset it puts you on duty at midnight for no reason 3 having multiple post trips at the end of the day. it always shows when logging out. 4 Wifi portion doesn't work so I can't connect tablet. I have most updated phone Samsung galaxy ultra s4 and most updated Samsung tablet. Price of service little to high for these inconvenience. Shipment late,1,5,2410.102.11794,2024-05-16 16:51:59,,,2410.102.11794,98,False
d0bc0bf6-884a-4a3e-8ac0-a6011681cfa6,Todd Scott,https://play-lh.googleusercontent.com/a/ACg8ocJhNbZbv7Ctx0UV2ugqLpG7yFMriO8WPXquSm0GmOUQw-tk1g=mo,Very user friendly,4,0,2410.102.11794,2024-05-15 18:12:26,,,2410.102.11794,3,True
8a9270d5-18e0-4d1d-a69b-00fce1649d38,gabe the dog fan,https://play-lh.googleusercontent.com/a-/ALV-UjWRFevQn5YWUtpbAe1OMPtuTjAblAOF6mgZaz5zil0B0tlzerTA,Great app,5,0,2410.102.11794,2024-05-15 04:38:07,,,2410.102.11794,2,True
ac043454-40f0-498f-8cc4-ccef1a5600bb,Eric Bethel,https://play-lh.googleusercontent.com/a-/ALV-UjWrNclLJ_NZyFBGE83OVk2hVpMSgQXTaClwnh4HTUp_wSRHeIkd,This app is essential tool for professional drivers.,4,1,2410.102.11794,2024-05-14 03:36:48,,,2410.102.11794,8,False
ee2d528a-a138-4a2a-a611-344fbb5092bd,ROBERT HANK,https://play-lh.googleusercontent.com/a-/ALV-UjXJJZtiobnE0BVjsfl4_fyzTpHBe5W_sp01PaefH35m4-ODIkU,Way better then omnitracs,5,0,2410.102.11794,2024-05-13 21:24:35,,,2410.102.11794,4,True
47ac8e0b-18c6-4cb6-8d8d-aa623afcc7bd,Sultancillos Rodriguez,https://play-lh.googleusercontent.com/a/ACg8ocJoVl-w8XgBC8wFIrdzkUCZnvtxf_tu39m0H0Gt2hT1llrG0A=mo,Bery good,5,0,2410.102.11794,2024-05-13 15:26:10,,,2410.102.11794,2,True
a0ce6c31-13c9-4099-955c-5f0b2a100ab4,Patrick Hubbard,https://play-lh.googleusercontent.com/a-/ALV-UjVfmLXpKGXUsNtCJSNvsrKxR4GLz5OH9V-t1H2c2jCvRP7kEran,An easy way to make sure you're in compliance.,5,0,2410.102.11794,2024-05-11 21:04:30,,,2410.102.11794,9,False
1d56f57f-9c63-40ca-9675-b2046d342a5f,Sukhi Singh,https://play-lh.googleusercontent.com/a/ACg8ocK3bh0PQWoeMIZF518Ey8vDGNUDfSMkSSTO8T3HjcHQOZRbmw=mo,Love it app,5,0,2410.102.11794,2024-05-10 14:10:17,,,2410.102.11794,3,True
eb4df0df-9a38-400f-a5df-b399741c5eeb,Allison Tripus,https://play-lh.googleusercontent.com/a/ACg8ocKE2LSkbhIxRzmZyjJEeBeT_jFMK7Qbx60pmVsvpu8U0-mpgA=mo,Terrible crashes doesn't work properly crashes and fails,1,0,2410.102.11794,2024-05-09 21:51:39,,,2410.102.11794,8,False
768fef29-48ee-4220-a35f-1ca6b933c4de,Big Mike,https://play-lh.googleusercontent.com/a-/ALV-UjU1PQ6Qja8-tPCO75ptb1sdBuelL9S9K5LruWwQGWqywO3pTB6W,By far one of the best elds on the market,5,0,2410.102.11794,2024-05-08 18:36:25,,,2410.102.11794,10,False
93fac6ec-c437-46d3-9a6b-fa6a55f1f40f,rod feliciano,https://play-lh.googleusercontent.com/a/ACg8ocI20z0BiJZ7qRZsP7uf5d959SSDnNZadg3Vrm5MmzsCnPylxQ=mo,Easy to use,5,1,2410.102.11794,2024-05-08 04:05:22,,,2410.102.11794,3,True
f4f5f77e-7c17-45e0-ba65-499fb623b7ce,Dan B,https://play-lh.googleusercontent.com/a/ACg8ocJzsQ4D9dHn8wzsFcclG9i_JGep2ZVuuNeDbbcw6xzuG2Xx5w=mo,I like it,5,0,2410.101.11682,2024-05-07 19:35:33,,,2410.101.11682,3,True
94e973a0-d8f2-4875-89cf-49821d79aea1,Samuel Otung,https://play-lh.googleusercontent.com/a/ACg8ocIPU5ieH7jjq0Zklg2co-I_ROn4GlaI0L5W7Z8Ytk0hAB0EfQ=mo,Excellent.,5,0,2410.101.11682,2024-05-06 20:49:57,,,2410.101.11682,1,True
1bc2909a-41c0-4ce2-a06b-dfb88cbe7d88,Charles Rutto,https://play-lh.googleusercontent.com/a-/ALV-UjWuFdRBcVYTobwWJF3l2EIjPYmGd4FxtuSbM7OIgQAjLw2un9IPHQ,Best app ever,5,0,2410.102.11794,2024-05-06 03:15:12,,,2410.102.11794,3,True
f56b8ecc-5e45-437c-bcaf-c2a6372549db,Dee Denko,https://play-lh.googleusercontent.com/a-/ALV-UjWaClv7Em-TT_Uxt23-sP9ZFOyWS3WYxeW-Gi7ww0wTRNJZ73H3xw,The app constantly doubles the latest duty status without Remark.,1,1,2410.101.11682,2024-05-03 11:05:07,,,2410.101.11682,10,False
c8492fc7-3457-406f-bd3d-08eb5b768741,K. Eubanks (either),https://play-lh.googleusercontent.com/a-/ALV-UjXwEIydmizZiB5UVmbOUZqET0RvljgVnOGjGKHtsqX-qGpem6_s,this ELD keeps logging 1 minute of drive time randomly in the middle of my personal conveyance. I have double and triple checked to make sure every time the truck stops and goes that I am on PC. I will get no notice about it and the log will switch exactly 1 minute to drive time later on in the day in the middle of my PC. this is unacceptable and it has the capability of getting me into trouble with the department of transportation.,1,3,2410.102.11794,2024-05-03 01:48:22,,,2410.102.11794,85,False
ed450480-ab49-4851-931e-1b0482e6fd09,Clayton Kahmeyer,https://play-lh.googleusercontent.com/a-/ALV-UjVbcNni_hIH0bXGJIE8NR1u0aM9nADG7MY4YoMgn4tWG5TSD90b,Pretty smooth. Best outta the bunch,4,0,2410.101.11682,2024-05-02 15:00:30,,,2410.101.11682,6,False
d5cc4744-24d6-4f17-9bfd-78bb79583dc8,bob schultz,https://play-lh.googleusercontent.com/a/ACg8ocLclJe0HXDBEd4bdviO0tzfNAZdUkfNIeaAIkm20lgiNWHJFA=mo,Easy to use,5,1,2410.101.11682,2024-05-01 11:42:37,,,2410.101.11682,3,True
a36335ae-4e20-41c8-bcf1-1f9d40f40038,Allan Noseworthy,https://play-lh.googleusercontent.com/a/ACg8ocKPdKdCrD3cOkyRVgN812TqE_SI7DS43kfduUodT-P40GcTVg=mo,Delayed when stopped for duty status change and also takes longtime when vehicle shutdown for period of time to allow access to PC miles and yard move other than that great eld,2,1,2410.101.11682,2024-04-28 21:18:16,,,2410.101.11682,32,False
841b56b2-b9ff-4b9e-afc7-81ae70c35243,John Dada,https://play-lh.googleusercontent.com/a-/ALV-UjUTUBwqNAvQPb_UvlU-N0A-gsomij7HXFpyOVE7TqkfF4LUsCNC,It's nice I like it,5,0,2410.101.11682,2024-04-27 16:48:19,,,2410.101.11682,5,False
3a284ddc-a9f4-4347-9dc2-1f7f6921374b,Seven Feathers,https://play-lh.googleusercontent.com/a-/ALV-UjUXusMNw_CzYPL9QjGScQ7DcVe6Ob8XTH6ewU-6ev-8h-zap1jZ,It's Allright,5,0,2410.101.11682,2024-04-26 21:31:57,,,2410.101.11682,2,True
f882f8ed-9b8b-482c-96fb-06b2651872ae,Kevin,https://play-lh.googleusercontent.com/a/ACg8ocJjCVUbfXc2DU-9g0feKaL0DnM0D37GubEv4Un9r0eJJx15Ag=mo,"App crashes and reboots,every time l try to upload a document. I use this for work, so if l could l would go back to paper and snail mail.",1,0,2410.101.11682,2024-04-26 20:09:52,,,2410.101.11682,29,False
f95895de-5bea-425c-a250-576ef1e321d8,Bill Brummal,https://play-lh.googleusercontent.com/a-/ALV-UjURN6K9HrqqS-eRBx09TWPDXmidM6PRNPTaq7TAqCQb_Jwj2D3XsQ,"Absolutely awful and frustrating. After I log out and sign out at the end of the day it somehow logs me on again, then I get all these violation notifications.",1,0,2410.101.11682,2024-04-26 12:12:41,,,2410.101.11682,30,False
09ce035d-d03f-4e9a-b890-1f0f4848c227,Ricky Stroud,https://play-lh.googleusercontent.com/a/ACg8ocIDe2_7FfL81PT3tVaVLO8PxlOQWHFyhs10IXjQkkIYei43wQ=mo,My whole layout for samsara driver is messed up. Does not show all pickup numbers / po numbers/ reference numbers & dont know why? Shows up right on old ipad?,1,0,2410.101.11682,2024-04-25 11:34:29,,,2410.101.11682,30,False
d4a2f3bd-485e-41aa-874c-657257f3222f,Steven Correa,https://play-lh.googleusercontent.com/a/ACg8ocKONmReH_nTZ-HVGMXRczqXp4R9F12zq2SZRamZOJZAT0cNog=mo,👍,5,0,2410.101.11682,2024-04-24 12:31:03,,,2410.101.11682,1,True
8648e301-e46e-44d7-aed8-f4d7740fb5b7,BusBoys Stan,https://play-lh.googleusercontent.com/a-/ALV-UjXcBtuBZSKfyPw44Rs-LE2pVLWbM7vbLT84Ald9g8w1jM26z4ekJg,Works well,5,1,2410.101.11682,2024-04-24 00:22:39,,,2410.101.11682,2,True
10330580-5d20-4d2a-89a5-ffce2156394c,Johnathan Ashley Sr,https://play-lh.googleusercontent.com/a-/ALV-UjXuiNJv6DNr3PuyfmRneRCsH0v_cjOn0bF0Ln4I0k0zQd4ptOBTJw,Love 💘 it,5,1,2410.101.11682,2024-04-23 23:02:18,,,2410.101.11682,3,True
c3d01680-c231-4f56-81f3-8c7b4905fd27,Darnell,https://play-lh.googleusercontent.com/a/ACg8ocJxbidZoyHGr7AacWVIduhUGtiuTw8cSMEif0N0Gmln6E55rQ=mo,Easy to use,5,1,2330.102.11198,2024-04-23 19:33:53,,,2330.102.11198,3,True
7593e256-0605-4a5b-baf8-52b35f5ad04c,Evelio Duran,https://play-lh.googleusercontent.com/a-/ALV-UjWnIZ7kc5Q-T1S7y1Xq6qo8extl4DiC1LOAul2HZV5blszlqKL5,easy to use and understand.,5,0,2410.101.11682,2024-04-22 18:21:47,,,2410.101.11682,5,False
4d3a85c5-bab1-465a-9d0d-ce1d1ae7339c,Tractor CW1004,https://play-lh.googleusercontent.com/a/ACg8ocJEOlOpQu3PbjsU9P0Mkw7pJ43bh-gwpLAVPVAWMVbc9gDtmg=mo,Good.,4,0,2340.100.11326,2024-04-22 15:31:02,,,2340.100.11326,1,True
13fdd3c6-d3ae-4d8d-a92f-b5ad8f64bfbd,John Fabiano,https://play-lh.googleusercontent.com/a/ACg8ocIY2YPPbqGy2qCPcTeslJsVkae2_nugTTXSePxaReMrhElcpw=mo,Work great just wish it saved plate number from day to day,5,0,2310.101.10387,2024-04-22 10:35:10,,,2310.101.10387,12,False
02f9282a-f581-4c08-a6ab-1ce481d5300d,Tyler Cassels,https://play-lh.googleusercontent.com/a-/ALV-UjVupnwJrT9hfYfhzhbrmRq9_rmPlo-t_91UCRDOWYjL0K7ZpEfh,It use to be a really great ELog but now it puts me in violation atleast once every week or so. I haven't done anything different with my driving habits.,3,0,,2024-04-21 22:18:30,,,,30,False
26bd776d-5578-4cab-85d0-8aa518c79cfb,Chris Clapp,https://play-lh.googleusercontent.com/a-/ALV-UjWRzLXMximjcwawDEPk1kfIyKIJCkStFGvt67l6Xo69n7STKn5H,The entire platform is complete TRASH. Tablet can't find truck sitting on dash. My phone found the truck.,1,0,2410.101.11682,2024-04-20 15:01:20,,,2410.101.11682,18,False
c77da6f3-62c8-440b-bb0c-85a980da730a,andrew hayden,https://play-lh.googleusercontent.com/a/ACg8ocKOjGzi6Ctsv0iPKD1L7XjiCQhsvzX0_yZvkkBuAW6dGqa2Kg=mo,great program,5,1,2410.101.11682,2024-04-20 14:05:17,,,2410.101.11682,2,True
30fcecdb-18f0-441c-9547-4aca75099ad9,Tim F,https://play-lh.googleusercontent.com/a/ACg8ocIOq8Ehfy11NCL9f2Omn9OaShMm9ELhqevUIHhU_J8dpZ-npw=mo,Works great.,4,0,2410.101.11682,2024-04-18 11:29:05,,,2410.101.11682,2,True
f9354d34-c275-4a68-84c1-ab924cdd71f7,Jason Smith,https://play-lh.googleusercontent.com/a-/ALV-UjWgIj4bg-sv4huBfhLjNY4SrK7ZY6rodEJ29fkFH5k7KBH_VP5h1A,This app is absolute garbage having to log out and log back in constantly for the hours of service to update I also believe that the trucker path app is also causing issues with it.,1,1,2410.101.11682,2024-04-17 19:17:42,,,2410.101.11682,35,False
3da37979-b88f-4a8b-935d-b192c047b228,Cecil Kirkland,https://play-lh.googleusercontent.com/a/ACg8ocJcuaDol_M8-tHeLN4E_AUuPPaEyMScmFsLRGJbi3r9cGQK7w=mo,Nicely done,4,0,2410.101.11682,2024-04-17 15:48:48,,,2410.101.11682,2,True
1aaae896-b79a-4694-8033-be6198ac1406,Stanley Rhea,https://play-lh.googleusercontent.com/a/ACg8ocJtMeajDefRuFM-QxrpFRaL2OgbP1lmUPRq9vK0dgziEsYikw=mo,Outstanding,5,0,2340.100.11326,2024-04-17 14:46:34,,,2340.100.11326,1,True
ba59e156-3960-48fb-90d4-320998d3b24a,Jesus Pineda,https://play-lh.googleusercontent.com/a-/ALV-UjUk1LXSNKc_9h60v77BXBSTsD_zSxr-17LCvGnp_AtkSWzgbQUv,Great,5,1,2410.101.11682,2024-04-17 07:43:56,,,2410.101.11682,1,True
d71627f4-3e2a-4fe1-a5dd-1586c3609bf6,Mallory McGuire,https://play-lh.googleusercontent.com/a-/ALV-UjUbHc6OyMCusKEDbRg4JkWTvm14E4Q6z8CZqjl9fDkwSpkWKZw,"Suddenly I'm getting ""could not connect"" and ""check your Internet connection"" when I have no problem connecting to email or the web. Android phone.",2,0,2410.101.11682,2024-04-16 18:20:33,,,2410.101.11682,24,False
cb2c104f-4da6-4e39-a798-600423959dca,Tucker Trucking,https://play-lh.googleusercontent.com/a/ACg8ocLqHzGFWlKceOpZCBrzTkaKzULSarKxpQgO6uTmZ_cxcyWH4Q=mo,Great app and very simple to use!,5,0,2410.101.11682,2024-04-16 15:35:52,,,2410.101.11682,7,False
b05a2516-e6d7-4b46-823a-9c30a7de2bcb,DiCarlo Distributors,https://play-lh.googleusercontent.com/a/ACg8ocJOXI7f-NDRIZ9ltqAlXvolCKYg0myBDAsR0muyWg_igv0rrg=mo,Good,1,1,2410.100.11561,2024-04-16 09:09:39,,,2410.100.11561,1,True
dca2a51c-a102-4ae2-a580-c0cd488e4af8,Jagjit Sidhu,https://play-lh.googleusercontent.com/a/ACg8ocIKztrauML260rJ8UHb-nsqVC-ALkwrbFaM7UriBP9IeyknwA=mo,Good,5,0,2410.101.11682,2024-04-12 18:34:36,,,2410.101.11682,1,True
69cd3fec-ba3c-49a3-b3b1-accc7beaaafd,lorenzo garza,https://play-lh.googleusercontent.com/a-/ALV-UjU0XhrgZ4mABJqgB_8Jraaqi0w3MRErbVWRrVq967YCg7Y2MWJy,Tracks even if you don't have any signal!,5,0,2410.101.11682,2024-04-10 08:39:16,,,2410.101.11682,8,False
f9d49e94-12fe-4a57-ab37-6e1b3cb22253,Nick Mack,https://play-lh.googleusercontent.com/a/ACg8ocJPE09-rsvUmc8lt_myxqlXP16DonnMPeSzGVwUf3g0h85ATQ=mo,"This app has the most annoying notification chime, when I get to a location and open the app, it stops other apps and delivers an ear splitting chime. The app gives the driver almost zero permissions, no sound controls, and is slow, most every day,I only get my first set of messages. If someone is expected to have an app on their personal phone, they should have full control of the app and it's settings. I even turned notifications off the pp setting on my phone , but it's still driving me nuts",1,2,2410.101.11682,2024-04-10 06:46:22,,,2410.101.11682,93,False
776f9fd6-6549-4086-a726-c8062d608d04,Gayle Jenkins,https://play-lh.googleusercontent.com/a/ACg8ocKRE_33C8BRxPzs1eucG6pOnSN05qIJnuUqY2kBtx_sRvgojQ=mo,Really easy,5,0,2410.101.11682,2024-04-09 18:08:46,,,2410.101.11682,2,True
60927fda-1983-41e9-93da-ad0816759e0c,Lamar Robinson,https://play-lh.googleusercontent.com/a-/ALV-UjXE1uunVxuzrgzgjNLIj51gVmgZeEUBNpklbLVGCGsjT1Jw6MjV,Love the app,5,0,2410.101.11682,2024-04-08 23:07:21,,,2410.101.11682,3,True
8f4b27e4-17e7-4254-b143-0218899763ca,Craig Vecellio,https://play-lh.googleusercontent.com/a/ACg8ocIzuoLaf41ivpfpjae_6e1WACzfQEOusAnTdd_46a_WdlMk=mo,"It does what it's supposed to, for the most part. It doesn't understand the split sleeper regulations and tech support speaks only broken English when you select 1 for English. They don't understand the regulations either, so rather than try to figure out what's wrong with the software (I eventually figured it out on my own) they lecture you about your hours of service.",3,10,2410.101.11682,2024-04-05 14:55:52,,,2410.101.11682,64,False
16aaa845-5a35-4a55-8499-6e47249c138f,Roderick,https://play-lh.googleusercontent.com/a/ACg8ocIhfFDCrWzJamBu6wxNLixIxw12N52QIPdQ51U1kVnFbflSDA=mo,Very detailed & useful,4,0,2410.100.11561,2024-04-04 17:35:46,,,2410.100.11561,4,True
0cc43eac-c8e0-4d36-bb9b-00641f70eeca,Felipe Ortiz,https://play-lh.googleusercontent.com/a/ACg8ocKYqqsbMA-O0ILNmKD8jFcl0qy14U1KbDs5bHdlLCZmW7TkYQ=mo,Everything it's all right thanks,5,0,2410.100.11561,2024-04-03 21:23:00,,,2410.100.11561,5,False
f1c4ad17-1bcf-409f-8fe9-9e2a8c63dc19,Paul Rowland,https://play-lh.googleusercontent.com/a-/ALV-UjWbldJC0lG7-MqmL04go7-Gs8ZsGSjHN_5Z8sMdPqmvABQ41gAP,Easy to use help to keep you on track,5,0,2410.100.11561,2024-04-03 03:52:12,,,2410.100.11561,9,False
6545428f-8db3-44a7-8d93-7de5c7f05aca,IMC Driver,https://play-lh.googleusercontent.com/a/ACg8ocKDpORiubaeIChlaT3h2Ph5FezP4dNMlQH5kw2hw155FQtkXg=mo,Excellent,5,0,,2024-04-02 18:40:03,,,,1,True
b26a2738-b1df-40ff-9bfc-ff2625b7f8f1,A Google user,https://play-lh.googleusercontent.com/EGemoI2NTXmTsBVtJqk8jxF9rh8ApRWfsIMQSt2uE4OcpQqbFu7f7NbTK05lx80nuSijCz7sc3a277R67g,it's good,5,1,2410.100.11561,2024-04-02 15:42:02,,,2410.100.11561,2,True
820fcf9d-68aa-470a-99d6-8b721d58003c,Riz Shuja,https://play-lh.googleusercontent.com/a/ACg8ocJwcrWKo1onhW8UQHsl8ra3OPTflnhhvCmLvaWhPrpIlBOzNA=mo,Excellent,5,0,2330.102.11198,2024-04-02 02:38:45,,,2330.102.11198,1,True
46d4db74-155a-4e8e-93c0-28e3a05192a7,Rod Steele,https://play-lh.googleusercontent.com/a-/ALV-UjWYkCYqH6qAP_Safck9O82Wx1Y87sqS2BF59jQKakv4ROnxcDY,Very user friendly,5,0,2410.100.11561,2024-04-01 19:02:28,,,2410.100.11561,3,True
e80b44db-6333-42a2-b3eb-50e4b48d0f54,bill livingston,https://play-lh.googleusercontent.com/a/ACg8ocIq6nWoNXBJObtosD0zlngXn3I5Dq9XYNKyOzZBqgWcfvOT0g=mo,Shows excessive speeding even when doing under the speed limit. Do not recommend this app,1,0,,2024-04-01 18:12:52,,,,15,False
e85b8969-3c21-4e39-a513-43a1fbf671cc,Christopher Smith,https://play-lh.googleusercontent.com/a-/ALV-UjUaVWouI7SBsXUYjYc6KBV5OTxHesmFNf9h2fIHFJa6af0ett80,So good,5,0,2410.100.11561,2024-04-01 17:50:27,,,2410.100.11561,2,True
0b2db7f6-a53a-48b9-b9bf-9a5ebd3f3d23,Antonio Mulei,https://play-lh.googleusercontent.com/a-/ALV-UjUcq11POl2_sjkCWcgXNy9wI3j3uad9ulkm_amjy58t_GJpwPDa,"app steals your drive time. app deletes your annotations. 03/30/24 engine is off I'm in SB the app puts 32mins back into Drive. had to log out of truck to stay in SB. can't change D to SB and want to Certify. BS app gabage, absolutely garbage. Heaven be with you if your offline.",1,1,2410.100.11561,2024-03-30 12:07:11,,,2410.100.11561,54,False
5e383752-2edc-4798-b93b-8424c8e81e44,Gon A Gwasa Appliance Repair,https://play-lh.googleusercontent.com/a/ACg8ocLqrcllacMaobKbY-DeuEuaBPTRWXB3-6qhli-mDmQBE9TPBw=mo,Simple to use,5,1,2410.100.11561,2024-03-29 18:16:04,,,2410.100.11561,3,True
43ecb79b-c480-4e19-80fa-ba8de011adea,Wilton Johnson,https://play-lh.googleusercontent.com/a-/ALV-UjXgPf-1ZchOVTwCJB4gKOmntMECGvk6vvXwKOOvSmqDd9vmzKZz,Extremely driver friendly.,5,1,2410.100.11561,2024-03-28 16:40:43,,,2410.100.11561,3,True
f027632b-667e-428d-9505-a3c65f3654e2,Thad Wheeler,https://play-lh.googleusercontent.com/a-/ALV-UjVogVqQIQ6cDTyEv_H9smMbLPyT0m6NBPQFGYYuoqf6x2gEz85h,"Extremely fast. Used Geotab for years which was brutally clunky and bloated. Slow as all getout and useless when it had no cell service. It spent more time with the spinning busy circle of death than it did functioning. Samsara always works and syncs duty status changes effortlessly, even if it has no cell connection. Samsara is quick and relatively initiative. No waiting for anything under any circumstances. Best HoS app I have ever used. I highly recommend it.",5,7,2410.100.11561,2024-03-27 20:03:02,,,2410.100.11561,79,False
1f9cf9c6-6dc5-45fb-8193-bf8449e1890f,Keith Duncan,https://play-lh.googleusercontent.com/a-/ALV-UjWf-32hR_V6WtoKeTg1-ctas1cg5WNU3MCVGYQuK7xgdWW_Ku8w,It's cool,5,1,2410.100.11561,2024-03-26 22:40:30,,,2410.100.11561,2,True
fcab87af-42ba-4778-95d9-5492c1c4f0e7,Sam Begishie,https://play-lh.googleusercontent.com/a-/ALV-UjW3lzrRussYrFB_wbihXE6phh55QNwOcr-tuzwgQTIW0Og30yQ2,Saia friendly,5,0,2410.100.11561,2024-03-26 22:11:13,,,2410.100.11561,2,True
0675351a-e395-4862-acf0-8e3ee7923f55,Reggie Davis,https://play-lh.googleusercontent.com/a/ACg8ocJYmbNTkCalC5yqQrZZ4vNDWVIqmYCml_TcRX-yqFIQhmh59A=mo,Everything,5,0,2410.100.11561,2024-03-26 21:43:30,,,2410.100.11561,1,True
46eee194-8536-4b1a-82cd-58875427e7a3,IMC Driver,https://play-lh.googleusercontent.com/a/ACg8ocKDXxlUkYjb8jMPZE4j_sHNE7XFZUm8J3CFy_IVc4q6zlcUnA=mo,Easy,5,0,,2024-03-26 19:39:53,,,,1,True
2ee07ca6-ffa9-433a-9c38-019f2c7ed0c6,Margarito Sanchez,https://play-lh.googleusercontent.com/a/ACg8ocLlOddCcoTH7_usVGRPYOJHc0M4cjgxgHZwq2uzygwHKemSlQ=mo,Excellent,5,0,2340.100.11326,2024-03-26 13:22:16,,,2340.100.11326,1,True
2aafd74e-e111-4679-acdb-61ea5e6d9423,Sheryl Hall,https://play-lh.googleusercontent.com/a-/ALV-UjVPz9lxx6ETOoYe7fBr_xN20JJheCcrLbiFiVz4Tu6zxJuA4NlL,EASY yo use!,5,1,2410.100.11561,2024-03-26 10:31:03,,,2410.100.11561,3,True
bbf4753e-9d9e-462a-b032-e69138324a7e,Gerald Reimer,https://play-lh.googleusercontent.com/a/ACg8ocLA-j4LdmWtYIGZyuifdili2EZO215LQnRGpFTls3QQw75LTA=mo,The App used to work great but it started getting wrong kms from the ecm every now and than to now being off by 500+ kms everyday. To top it off it now started to loose connection to the internet. I have to to Uninstall and reinstall to get it to work again. So far it's been 3 times in 2 weeks.,1,0,2410.100.11561,2024-03-25 22:56:37,,,2410.100.11561,62,False
e98e5e5a-e03c-4dde-a3d0-977eb43e38d6,Ramon Garcia,https://play-lh.googleusercontent.com/a/ACg8ocLD8HsA08n8bUmMJCr41gt5R06nVNJ-yHFnOGqRDjdU5gfLiA=mo,Very simple,5,0,2340.100.11326,2024-03-25 01:55:38,,,2340.100.11326,2,True
dff4e358-fdbd-4ed0-9005-a503bb6ab9a0,Joel Cruz,https://play-lh.googleusercontent.com/a/ACg8ocJNH-D-2Oq41gYf4GWIkvp2FDJQve_2HSrfAyVufuVeJXbW1w=mo,Lovely,5,0,2410.100.11561,2024-03-22 12:53:13,,,2410.100.11561,1,True
be2af12e-7ae2-495d-95a0-5797dcae191f,Appy Van,https://play-lh.googleusercontent.com/a-/ALV-UjW5d-4QLzkWDLwAMKr1FCcx-2gAHasjKoMSsxawQFwUfDxVTgdh,I thought Motive was bad but after this piece of garbage now I want Motive back! Anyone giving this thing more than ONE STAR should hang from a tree.,1,1,2410.100.11561,2024-03-21 18:16:45,,,2410.100.11561,29,False
1f276cfb-1f7c-4b7f-8931-9d950e180f08,Shawn Carriere,https://play-lh.googleusercontent.com/a-/ALV-UjXGzEiA_7MxCO80mHWn9lKrIn2DUA-hQSs8CtO02-2tSMibBQXV,"Please add support for s22 0.6x camera mode. 0.5x camera mode works with other phones on this app, just not on phones with 0.6x zoom. Thanks!",4,0,,2024-03-21 08:43:55,,,,26,False
ad920d1f-e276-48fb-9950-b667481ad207,Virgil Levi Jr Mcclain,https://play-lh.googleusercontent.com/a-/ALV-UjWUgF3eQrdOGGIiFrSXs4jDGO5yEr9IsqDlVBOc_7anEt9q8UCU,thanx,4,0,2410.100.11561,2024-03-20 19:51:49,,,2410.100.11561,1,True
b29c209c-e970-42fc-8d0f-f3f0aafbb9fe,Christopher Stubblefield,https://play-lh.googleusercontent.com/a-/ALV-UjXCdvJgVzaVYX55loo_7WRAXh4SlF6UBs7hF_HJjYeYTtrorrs,Best ELD App,5,0,2410.100.11561,2024-03-20 10:51:21,,,2410.100.11561,3,True
60f89eb6-edcc-4e43-ba19-d98926250603,Johanna Sykes,https://play-lh.googleusercontent.com/a-/ALV-UjV6eAjy3dWP4IHb0yDYuMfZ5gzyE1jyNIdHb1Ko_SyTnJFIk7r4ag,messages keep freezing and I have to uninstall and reinstall.,4,1,,2024-03-19 11:30:36,,,,10,False
fc933a4d-b3f7-4e96-addb-750d270ce512,Jason Nellis,https://play-lh.googleusercontent.com/a-/ALV-UjWQT6W7KfVTSFhIOMWpe5k5AC41pWtGYPr1jT8fLJ8AdcPMm_UM,"Absolutely ridiculous. High torque must not go above 90%. need THAT TORGUE TO PULL THE LOAD UP A ANY HILL. Anticipation of fuel/braking, my original brakes are still passing dot at 306,713 miles. Next, Floating or using clutch. You MUST USE FUEL PEDDLE IN ORDER FOR TRANSMISSION TO CATCH NEXT GEAR DOWN SHIFT. NEXT COASTING IN ANY GEAR. COASTING DOWN HILL TO A CERTAIN EXTEND SAVES FUEL. DUMBASS INSURANCE AND COMPUTER GEEKS. NOOOOOOO DRIVING EXPERIENCE WRITING RULES. Won't be downloading to phone",1,0,,2024-03-19 07:07:38,,,,82,False
cae23cc4-f9f3-450a-a226-8be2ae797ef6,Luke Zoch,https://play-lh.googleusercontent.com/a-/ALV-UjWXt4XnZYeozgIQL7LUUuRKsmJyS54kzVh0H-TfAMFA-QX9vLY,Amazing,5,1,2410.100.11561,2024-03-18 09:28:29,,,2410.100.11561,1,True
827ee2ca-0ddc-49a1-8b38-5246db241ab6,Tomas Smith,https://play-lh.googleusercontent.com/a/ACg8ocIpdIO9i111fKn_R7qGwD44ekkSRbQbiSoe5pL8gCAy3G2TnkeH=mo,Good,5,1,2410.100.11561,2024-03-17 18:45:54,,,2410.100.11561,1,True
1ddeb8d7-b7b6-40f6-bbbb-4c7d4842dd40,Kevin Mallett,https://play-lh.googleusercontent.com/a/ACg8ocLxfyUrFojCDSZePW0Jpf5jOn8iKIJCN-x_KXSEE6PCP4FZJQ=mo,simple and quick,5,1,2410.100.11561,2024-03-17 16:59:30,,,2410.100.11561,3,True
eec77eba-6520-4354-abb3-e3ce3323174d,sergio moran,https://play-lh.googleusercontent.com/a-/ALV-UjUh-Qh0q9lh-tsz2DlZ1g49Pkx95c-f0284P7gAQM_GRQ2bYPKG,Good,5,0,2410.100.11561,2024-03-17 01:54:27,,,2410.100.11561,1,True
107d90e1-c4d4-473d-818b-5429ea137ace,Gregory Nazarian,https://play-lh.googleusercontent.com/a/ACg8ocIBPMYyxx8PlEfLeX4p68f4_iY6tDvWi4Kl-XT3Y1rEqgqCQA=mo,All Good,5,0,2340.100.11326,2024-03-17 00:51:39,,,2340.100.11326,2,True
4c1fc1c0-d02b-4352-8627-396a0545bb5c,Troy Mills,https://play-lh.googleusercontent.com/a-/ALV-UjXMMDtA1M4A7Dx3IzTt3Ol5SallwoTG3lVMPdlRFNTeTYRHPZtu,HOS timers don't give accurate information leaving my logs with violations. Not impressed with this since I can't trust the app.,1,0,2410.100.11561,2024-03-14 23:39:34,,,2410.100.11561,21,False
9d72df8c-24a3-48cf-b5a6-f2ad6e5c5e39,Will Smitherman,https://play-lh.googleusercontent.com/a-/ALV-UjVjTMdXoqf_WZD_RIwqlzbFEBRlmNsF539mTQ_v5N4H8cnW5QrI,Takes some getting used to,5,0,2410.100.11561,2024-03-14 15:43:15,,,2410.100.11561,5,False
013882cc-9fd8-4956-b44f-9fa671fa627d,Labat Elbou,https://play-lh.googleusercontent.com/a/ACg8ocLKllZ3o-ntOBgttZqZ7TGmgesR0-GJ1y7totzjC7lzoxaH5w=mo,Good application 👍,5,0,2410.100.11561,2024-03-13 22:28:54,,,2410.100.11561,3,True
cf35871e-85b0-415a-bcae-ed3eae889ec8,Christopher Bertrand,https://play-lh.googleusercontent.com/a/ACg8ocIskCJYBaypUwPcrkPz9n-_VY9wXk6UaR2vA9YkzvZFOtTKtA=mo,Love the connections,5,0,2410.100.11561,2024-03-13 14:06:38,,,2410.100.11561,3,True
f1e88841-2a54-4e68-b3a3-d94ada526891,Alastair,https://play-lh.googleusercontent.com/a-/ALV-UjWMltXAd1yZYBUVv7eY-l_e40Z6-toEHSDTsuYKy-msjP0_aL9P,Change theTIME for The daylight savings please. No one answers the phone or email.,1,0,2410.100.11561,2024-03-12 16:35:15,,,2410.100.11561,14,False
33163d1e-7595-453e-b6dc-70976ad93e7d,mark montag,https://play-lh.googleusercontent.com/a-/ALV-UjWnKVC2_tWZQ6CYRbpJhbAS_pgmwRvsAOJscvBhP_VzJvoEsluS,Love it... That's all I am going to say.,5,0,2410.100.11561,2024-03-11 23:02:32,,,2410.100.11561,9,False
93c45c53-f449-484b-80ee-1dca1c7a4cd1,Eli Frazier,https://play-lh.googleusercontent.com/a-/ALV-UjWbPMICLy3T_v81EGwOQnYGy8RdEVFAr3jQrd0aUYJxbmsj0Wnd,The instalation had to be redone and Fords wire harness was damaged. The lack of technical support when the physical wiring went bad was frustrating.,4,1,2410.100.11561,2024-03-11 18:44:21,,,2410.100.11561,25,False
149a0241-acd5-4b3e-96f0-4b39ae9a0fa3,Jim Adams,https://play-lh.googleusercontent.com/a/ACg8ocKNulgQ0RJTzs-qltEGT_tX-hoqf8rtFadB1w5gIZ3CY2NiTg=mo,"This app is not reliable, automatically puts you on duty anytime it wants, right now it's frozen and is not resetting my hours. Totally useless! Tried reinstalling and nothing. Was off for 4 days and worked 6 hrs on 5th day and put me in violation.",1,0,2410.100.11561,2024-03-11 11:53:30,,,2410.100.11561,46,False
cc3aa788-fcde-4503-8e6a-5d18702a34c8,Swayy?,https://play-lh.googleusercontent.com/a-/ALV-UjVNnuIeI-31LBoF5Crj7UWEe4ZBuJE4fN-f16fZp5T7ZUB5Ig2H,"My job made me download this app, I dont want it. They changed my job duties and are forcing me to drive and take care of a stupid company vehicle for no extra pay. Not the apps fault. But I Wana die now",1,0,2410.100.11561,2024-03-10 20:10:45,,,2410.100.11561,43,False
5b536696-7b42-40fa-843c-567cc3a2ebec,Brian Buvens,https://play-lh.googleusercontent.com/a-/ALV-UjWGHJZsZwRDT2B_hwePZegNXd6CbSgqnu8dZ6y91zIXas-xJNKj1w,"I cant see the events that are effecting my score. Also, my current score doesn't match the daily up to date score. Need more information on how these scores are derived.",1,0,2410.100.11561,2024-03-10 13:32:00,,,2410.100.11561,31,False
a4529721-c69b-4cd0-949f-ba025161a7a6,Elvina Carter,https://play-lh.googleusercontent.com/a-/ALV-UjVTbPAPbR3dMFha7Qf-9frtHP-ThJT9-VnleRehKy11jfFLgSPb,"With so many things to occupy our time and attention as drivers. Keeping up with laws that's quite daunting. The same Sarah has made it. Agrees, as it is practically done for you.",5,3,2410.100.11561,2024-03-07 22:57:31,,,2410.100.11561,33,False
3498611f-8570-4229-877c-1bc6ed959bfe,Armand Walker,https://play-lh.googleusercontent.com/a/ACg8ocLo0g5x3eo6G9zBA5mcU2dtp9N_OOfshHrS5BCH1wz8S77__Q=mo,Easy & friendly to use as a limousine driver ‼️‼️👌🏾,5,1,2340.100.11326,2024-03-07 19:08:36,,,2340.100.11326,10,False
ea338a7f-90d3-4a24-bddc-d0d701f127f0,Scott Bean,https://play-lh.googleusercontent.com/a-/ALV-UjWa30Kfw1r-ymvFEJkUrik5bF5trHOTIpx5hiBW79TX2tS0uIB4,Easy to learn and use,5,1,2340.100.11326,2024-03-06 18:18:55,,,2340.100.11326,5,False
e7dffbdb-7c0d-4fa4-8894-e72f0abde6c9,Aaron Christopher,https://play-lh.googleusercontent.com/a/ACg8ocKGH-Uu1UUglPGVUpJVK1b6K3EtPESGoGrJd6c8zZiO8fdonQ=mo,It is exactly what was needed,5,0,2330.102.11198,2024-03-06 16:58:35,,,2330.102.11198,6,False
ce3d6571-aa9b-4913-bfea-82b1646c5daa,Swancy Johnson,https://play-lh.googleusercontent.com/a/ACg8ocLspx249klWXcTJlZh7tRcU-fcMxhcwg-GCtA8YljkeeFEyNA=mo,Good,4,1,2410.100.11561,2024-03-06 16:13:48,,,2410.100.11561,1,True
d4139931-a173-4a71-9552-68d935f53f85,Jones Logistics LC,https://play-lh.googleusercontent.com/a-/ALV-UjX29XJ2YXegvmQjv9_nUN8iOWEq3KJcLyJIot2lCXUd5hfv9bA-,Great to work with easyvto navigate.,4,0,2410.100.11561,2024-03-05 13:05:48,,,2410.100.11561,6,False
6883d72e-c890-4a81-bf3a-4f62a8ef1214,Respaldo Omnibus,https://play-lh.googleusercontent.com/a/ACg8ocI2gL1g_11oh02XzhwEFbgOs5G5UJ4_XqfLFmjIa7vG1pADBA=mo,Excellent,5,0,2410.100.11561,2024-03-04 20:25:46,,,2410.100.11561,1,True
71d604ea-70d1-4e13-a5ee-27176ed945c0,jimmy huff,https://play-lh.googleusercontent.com/a-/ALV-UjV_sVsSLzQIe5EiwcacMubERAQJ_36WgbYHSQySAQNb1HWedIrb,"good,happy",5,1,2410.100.11561,2024-03-04 18:48:30,,,2410.100.11561,1,True
61ea37ba-d61a-4b95-92ee-e3a6b76ffb4c,Daniel Waajid,https://play-lh.googleusercontent.com/a-/ALV-UjXl6vuCgBtaa-E45zQvbDNK6F_RO236oxcAHqNju42a5b7B4jKo,"Love how easy and simple it is to use. I think a great idea would to add text notifications to the drivers for important things like logs, and run times when not in the bus.",5,0,2340.100.11326,2024-03-04 12:50:37,,,2340.100.11326,35,False
2882069c-4288-4a54-8530-c0c197a4939f,Stuart Bell,https://play-lh.googleusercontent.com/a/ACg8ocJTIaWLQz8ft5oUOkjH_kgHswQ4RImbVrYLK5Dntn_geNJ5ew=mo,Much better than the old service. ☆☆☆☆,5,0,2340.100.11326,2024-03-03 09:49:14,,,2340.100.11326,7,False
841c4cc3-4083-4058-9c7c-1762ea874d68,Satinder S Ghuman,https://play-lh.googleusercontent.com/a/ACg8ocL68-qcWe2e3nAu3IvxmKLwK8i3FZLWqIXzLMKOWkLMi3Bv3g=mo,Best E LOG app ever,5,1,2410.100.11561,2024-03-01 18:34:24,,,2410.100.11561,5,False
e72b8059-1c5a-4415-baf7-95348a0153ad,Zeke Urness,https://play-lh.googleusercontent.com/a/ACg8ocKHEafd-5qmS65bfK6FmmAZ62arWl_VfbpGqjTfqiIPNr_C5g=mo,Dont ask for auto reviews,1,0,2340.100.11326,2024-03-01 18:17:40,,,2340.100.11326,5,False
ed1cc30d-b692-4bac-acbb-46d5a12a05fc,John M,https://play-lh.googleusercontent.com/a/ACg8ocJ0M-8BksSqBZsG5ke5EHrtubJYb_PIKn7VJmpVOlm-hdpJ3tk=mo,Good,5,0,2410.100.11561,2024-02-29 12:38:02,,,2410.100.11561,1,True
d76e9d76-fb66-49d2-9c9a-d4124af98ae7,"Charles Davis, Jr (Mook)",https://play-lh.googleusercontent.com/a/ACg8ocKCS2bZMJh-8yi28hQHmi-iTWsjMsYPstzj5mcrhWvtPBN5rQ=mo,Very detailed and easy to use,5,0,2340.100.11326,2024-02-29 09:19:03,,,2340.100.11326,6,False
b146fd0c-a278-42b5-8e2f-123d851f6899,Samih AlShalabi,https://play-lh.googleusercontent.com/a-/ALV-UjUMC9-uvcfEKKwJ5KSVnol7v95_3MHdv_tYIkjkIERyO34bzHlN,Great 👍,5,0,2340.100.11326,2024-02-28 18:46:37,,,2340.100.11326,2,True
d2ec7f9b-234f-4ceb-a896-992220e7375f,Kevin Washburn,https://play-lh.googleusercontent.com/a/ACg8ocJBjehqD8K7OUp5Xi89ePN8DWD9ePFHolY5HVgGhgxFLX4EwA=mo,Awesome,5,0,2340.100.11326,2024-02-28 16:26:59,,,2340.100.11326,1,True
bfa87230-5726-4e27-85fb-04f3d9fc7987,Albert Conner,https://play-lh.googleusercontent.com/a-/ALV-UjWJgKr7ShNluyW23Jr43oUl0DZccZlnkP-2l7sXgsTKsRTIcDek,It's OK! Have no problem put out it..,5,0,,2024-02-28 15:40:54,,,,8,False
eedfb75b-dfee-4826-a5a7-2d036abd6d13,Marco Matias,https://play-lh.googleusercontent.com/a/ACg8ocIjuNpbGPLST-v-ZzS2T3AaRoWy-eGV70cxDlA7ToauToL4uw=mo,Easy & accurate! 👌,5,0,2340.100.11326,2024-02-27 15:15:38,,,2340.100.11326,4,True
50ce2a00-814b-4a12-8765-dad995669ee7,dean evenson,https://play-lh.googleusercontent.com/a/ACg8ocKC_-DE3pH8VSuUIc0nqAQI7TIakSoGVck2gbfI-_s5LXYyxA=mo,Simple to use,4,0,2340.100.11326,2024-02-27 01:49:14,,,2340.100.11326,3,True
854c47e8-0e8e-45a5-9660-d1d3367ec6c8,Shir Ahmad,https://play-lh.googleusercontent.com/a/ACg8ocJPyb2b6t7LF_0ipJn9IyQnCxb9dOpTzxsYqVzwXb1Xi_C_NQ=mo,Good app,5,0,2340.100.11326,2024-02-26 17:37:37,,,2340.100.11326,2,True
b1bcf11f-fd63-48ec-992f-8cf626acf979,Julio Gomez,https://play-lh.googleusercontent.com/a-/ALV-UjWf5zDJhvmBPQqgY2C5G1tMe6RzTuT7OE636LA9LLDrekxA20AC2Q,One of the best app for logs there is.,5,1,2340.100.11326,2024-02-26 09:15:04,,,2340.100.11326,9,False
21175bca-f26a-4052-9a54-1793fb7afdff,RAZZ #76,https://play-lh.googleusercontent.com/a-/ALV-UjUeIpz3geLCpwGxmFBk_kzSVPm5SaYn-6Eo_sgPdqQMbymnvVNe,Pretty Simple To Use Once You Get Used To It. One Of The Best Log Apps I've Ever Used,5,0,2340.100.11326,2024-02-24 04:55:03,,,2340.100.11326,19,False
ca054fbe-182b-41cb-a38b-abed4154225d,Soni Soni,https://play-lh.googleusercontent.com/a/ACg8ocIxdeoCk6npw8a8GY3dOseZP1e-HnXBHAqSuVVjk6kT-pq3Qw=mo,Nice,5,1,2340.100.11326,2024-02-23 21:05:53,,,2340.100.11326,1,True
f8adba61-c88e-4983-9046-9e0f380a036b,Jerry Huseby,https://play-lh.googleusercontent.com/a-/ALV-UjXPr2pXxfbJLxTnuJZrqXaqRnjMubU79E-A7rweOoR6xw4_WSF2,This app does not work off line! It would be good if it did.,2,0,2340.100.11326,2024-02-23 11:31:19,,,2340.100.11326,14,False
b77f8c7e-1214-4409-9be9-f89d8633d4cc,Darold Caldwell,https://play-lh.googleusercontent.com/a/ACg8ocJQBxaDqN-0fDZ6YdJ6dP-F1vhbf98HcXMKYAZH3ZebkZMTja6M=mo,Love the convenience of doing my inspection in notation all in the app.,5,1,2340.100.11326,2024-02-22 21:51:45,,,2340.100.11326,13,False
7f062a3a-a343-4868-8659-0924295e9a4f,Papa's Garage,https://play-lh.googleusercontent.com/a/ACg8ocKeiDEa3acm4zdJ0mIjDfU-n2X4cw6-CSdCAhEFja_x8PqNSO97=mo,"Just gonna say I love it. Not the easiest system, but very detailed and full of useful fleet management options",5,0,2340.100.11326,2024-02-22 17:59:21,,,2340.100.11326,20,False
6c134e9d-484f-4dfa-95a7-ad95911b9ddf,W Q,https://play-lh.googleusercontent.com/a/ACg8ocJWrXqCgrq2QqHCQNKq9RKU4dwbQjgRvK_SFfStkP57Upq7Lg=mo,The only way this app survives ot companies make it mandatory. Terrible,1,1,,2024-02-21 14:41:39,,,,12,False
c66f0468-ce11-40f3-b0ee-0caa206c034e,Scott Jackson,https://play-lh.googleusercontent.com/a/ACg8ocJ7m1k43sxGHL1yoT-OiokzI3khuNrXcssr5mu8zo4A8reDWQ=mo,Cool,5,0,2340.100.11326,2024-02-20 16:21:57,,,2340.100.11326,1,True
2224ed6e-c790-43b9-908f-82a3bf4a37a5,Vicious Cross,https://play-lh.googleusercontent.com/a-/ALV-UjViGUEi6-lVToZg5BtGgFzGQtwMDZwUHwYdN-gzxOCKAm4R0Xxb,all bugs have been fixed so its perfect now thank you for your service,5,0,,2024-02-20 15:20:39,,,,14,False
856c1385-a3f8-436e-a05c-45f90d79ead9,P McNeil,https://play-lh.googleusercontent.com/a-/ALV-UjWheQAoBqHpHX8TrRRVw9agIjK2H-S68VyE7ZahZqkcud2_TD8,Get rid of the picture taken for pre trip and post trip....,1,0,2340.100.11326,2024-02-18 20:30:53,,,2340.100.11326,12,False
7541371e-f96b-4211-9d57-2ce271d6a00d,Dwight Kimsey,https://play-lh.googleusercontent.com/a-/ALV-UjW4p_nYQOelcrHUQLR0JdAH3YpGA5d1Wh5kLPsg1XDpm3oR8L_iWA,Easy-to-use,4,0,2340.100.11326,2024-02-18 16:23:13,,,2340.100.11326,1,True
1b0deaa5-fa1c-4776-8484-a3dea1a12544,BV Wookie,https://play-lh.googleusercontent.com/a-/ALV-UjUVHM6RnTORLVug8mK8dcRlRaSXUEbctD7TAi4hyTL-7lvcfnUq,New update is annoying. We don't need reminders. The suggestions are annoying,3,3,2340.100.11326,2024-02-18 14:30:04,,,2340.100.11326,12,False
0652c217-4863-4f69-a891-a8075db5270a,Simon Hernandez,https://play-lh.googleusercontent.com/a-/ALV-UjWG8Rj4vdFJk5iOZfwPD-cwDcyJSe7m-Yxj2snv3c2dq4SU7MKh,It's very nice to navigate !,5,1,2340.100.11326,2024-02-17 01:14:20,,,2340.100.11326,6,False
04fd523f-2adc-43b7-a759-9344ead4365c,Miguel Gonzalez,https://play-lh.googleusercontent.com/a/ACg8ocIxUDeD9UEEofTIUxPEkRyO7nHqffgShu502e2ZWBj6RY4F5A=mo,Great app 👌 👏 👍 🙌 😊,5,0,2340.100.11326,2024-02-16 21:51:13,,,2340.100.11326,7,False
ffc625c4-5198-4a01-b968-71c6ba29a2c2,Jim Yarbrough,https://play-lh.googleusercontent.com/a-/ALV-UjVOnkK4B8sy_FZ3CVPJKXdknOCl8b5DxHVhPzFLwVIQiS3_tq2D,Good 👍,5,0,2340.100.11326,2024-02-16 10:30:25,,,2340.100.11326,2,True
67c722ca-734f-4e4a-9e71-6ba923b8978d,Antonio Guerrero,https://play-lh.googleusercontent.com/a/ACg8ocKhYANznk3nUxc1RY9561YvIuI4eoo8AD6kxSIXLXZHRdwpDg=mo,Good,5,1,2340.100.11326,2024-02-15 15:31:44,,,2340.100.11326,1,True
11a4bf66-46c9-4000-bd72-d563ce0e076c,Isaac Tetteh,https://play-lh.googleusercontent.com/a-/ALV-UjWGhpzlddlh1ZsG2rD8O8BTMepsN6xfWS1Hzeek12Ws67LMYnwd,Works great,4,0,2340.100.11326,2024-02-14 18:48:57,,,2340.100.11326,2,True
6251718d-8bcd-4d9f-8084-3e50bce40d5d,Carl Tilden,https://play-lh.googleusercontent.com/a-/ALV-UjVeB9lzW2U8ZX9b9DAptNKxEwCaeV6D_AvNrFtTc3b1tQTLrX4N,The driver app is so easy to use!,5,0,2340.100.11326,2024-02-14 16:50:59,,,2340.100.11326,8,False
53117aaa-6821-48f4-b96b-4c8fae840a68,John Tanner,https://play-lh.googleusercontent.com/a/ACg8ocI2snIBQIChzsTPs2VUpNRwAczoQFJnT_wXSJknuFqKh1pxAA=mo,Pos worst logbook I've ever seen,1,1,2340.100.11326,2024-02-14 09:16:16,,,2340.100.11326,6,False
f1791129-e69b-4f2c-97ea-7ea82cbeb9e0,Nick Cirac,https://play-lh.googleusercontent.com/a-/ALV-UjWCer1tX8cfACC5gp8mzscplFMeoq4Pwj1ky2yUikXVMWdd5F69,When I'm off duty on Friday the app sends me warnings telling me that my shift hours have exceeded or my time for the day has exceeded even though I've been off duty for more than several hours,1,1,,2024-02-13 08:56:10,,,,38,False
06d1fb11-bcb0-4721-b7cd-2543917beac8,c m,https://play-lh.googleusercontent.com/a-/ALV-UjVBl63bzPQAkjU4G6YKrp9TB-chqpy81fCtGug8tHAibkCWkjc,This elog app is buggy. -10,1,1,2340.100.11326,2024-02-13 02:19:04,,,2340.100.11326,6,False
84e20f84-f90a-4647-9721-75f90a2ce390,Ronald Eaton,https://play-lh.googleusercontent.com/a/ACg8ocKObFF0EstzofDlJS24oqXGWOpJrXRGcUW7PsjVrpEIRU3z9w=mo,It works perfectly,5,1,2340.100.11326,2024-02-12 15:46:35,,,2340.100.11326,3,True
9ea4f692-5c54-4bd6-ac90-f9563ecaae26,The Ohio Trucker,https://play-lh.googleusercontent.com/a/ACg8ocIYgvAYgTaG6MTPZjUW2g5BA1PMwPtHtl-5KPqmNAS9CZfkNV8=mo,My company switched every driver to Samsara I like it way better than what we was using before. Easy to use the layout is also nice.,5,0,2340.100.11326,2024-02-12 13:47:02,,,2340.100.11326,26,False
c7107773-6315-45b5-a72d-deeeb739f637,Douglas Scroggs,https://play-lh.googleusercontent.com/a-/ALV-UjVCrnujS1Z5HkQTLaAQzgw2ml9ofslXFZu2QUpYPCqeVkJfNUY,You barely can do any work. Lazy man's dream,5,0,2340.100.11326,2024-02-12 11:37:11,,,2340.100.11326,9,False
9e999c74-0613-4dfa-8c9d-4c405404ca0c,duke,https://play-lh.googleusercontent.com/a-/ALV-UjU9TjYQexnG-qOY7g2yiz-nI0M0MthjwogO4G0kekcS6qjAe8EQ,Works great for us,5,0,2340.100.11326,2024-02-10 02:08:14,,,2340.100.11326,4,True
04e605c3-5127-4a22-880f-26d8a8a2d763,pachattar singh,https://play-lh.googleusercontent.com/a-/ALV-UjX98F9Q-4aE52vVlyANGCuLzZIi5cg3YWvZ342z__nEOb3SfOin,Very good experience,5,0,2340.100.11326,2024-02-10 02:01:33,,,2340.100.11326,3,True
8b23afd7-b4f6-40a3-9740-3fa9b1559f3b,TONYA KTL,https://play-lh.googleusercontent.com/a/ACg8ocI_wqjgJshvg7APRb-5Qvt96Ac6V-VK1vrujphekJZdVbrg=mo,Gd app,5,0,2340.100.11326,2024-02-10 00:57:50,,,2340.100.11326,2,True
0146dddb-3169-45de-8f3f-ad6790ce0db3,Scott Flora,https://play-lh.googleusercontent.com/a-/ALV-UjXyhGHL-Jao-ftN8DB-gd68BSS5lKw-hHpACfjguhH6nh02vOzc,Works well good app,5,0,2340.100.11326,2024-02-09 08:18:20,,,2340.100.11326,4,True
9fed7fbe-7325-4d1c-9479-b0ce7fcfd8a4,ኤልያስ dag,https://play-lh.googleusercontent.com/a-/ALV-UjWuR2Cg49dI24sPstXv1-i6ReU45P27uz_4CDEFXteb8zzPln5r,It is easy to use,5,0,2340.100.11326,2024-02-08 02:21:26,,,2340.100.11326,5,False
318861d8-c1b0-459a-a763-427323fef04f,Adolfo Ramos,https://play-lh.googleusercontent.com/a-/ALV-UjU5Exr0CUIxxe9vBGI7FhuTU2LDYIkFsYC51TOv7Mw2b915t3AsUA,Not a perfect app but it hasn't failed me for nearly a year. No problems and updates quickly.,5,0,2340.100.11326,2024-02-07 17:51:18,,,2340.100.11326,18,False
d503a03f-b631-465a-9f97-e237c1f600ae,Leion Hodge,https://play-lh.googleusercontent.com/a/ACg8ocJObpD4x-fHsuOz0xNZfF6cgkk3gFxS__a74bcCkJy1ilXa-g=mo,"My problem with it, when U go in the PC mode to pick up anything from a store or stop to talk to someone for 5min it automatically goes to driving mode if U don't remember it. F",4,0,2340.100.11326,2024-02-06 15:39:31,,,2340.100.11326,38,False
2da40d2d-8b4c-41d6-a18a-5d7ef636a1b5,Kevin Powell,https://play-lh.googleusercontent.com/a/ACg8ocIRqF3xLSWazAsuJ9LH2FWis6gDjv0TKOPRbad5P6j5JM-rcQ=mo,Makes my job easier,5,0,2340.100.11326,2024-02-06 08:53:38,,,2340.100.11326,4,True
84c36246-c9d8-4237-8112-be947edfc1b9,Robert Morgan,https://play-lh.googleusercontent.com/a/ACg8ocK7uiEDVMMD6EDatP3Ivf2PxJhRv1ktkpg8SJV1EnUSEt9Wng4=mo,Works good I just forget to log out sometimes and go off duty but it's easy to edit,5,0,2340.100.11326,2024-02-05 20:30:23,,,2340.100.11326,18,False
9ae9bdbe-71fd-40b6-927e-502a0a2a4520,Antonio Rodriguez,https://play-lh.googleusercontent.com/a-/ALV-UjUDBxX_8xEUjwTuzDLRTktPprHzN6asPzMEwD06QE-kl4v8AMZ5,Love this system,5,0,2340.100.11326,2024-02-05 17:13:43,,,2340.100.11326,3,True
cef80278-1c19-4265-bcbc-6b27425735a6,Ismael Aguirre,https://play-lh.googleusercontent.com/a/ACg8ocJyEo4uhVxNMdjyYtecmX9oxDkxAhJbJ7-uPTysRm2N0q7s5g=mo,Esi to use,5,0,2340.100.11326,2024-02-05 15:52:08,,,2340.100.11326,3,True
b81904b4-2a11-499e-a624-199f3e3dc8a7,Darrel Bernard,https://play-lh.googleusercontent.com/a-/ALV-UjUNJdj2vNMiyIOusLCmfCEm81BM1C_8M44yFiG6v8nfHNzKjLeo,It would be nice to have the option to delete old messages. Instead of having to scroll through lots of old stuff no longer needed.,3,0,,2024-02-04 18:13:00,,,,25,False
e783d62c-9cd3-4176-8068-8a0721de7f02,Gerardo Lozano,https://play-lh.googleusercontent.com/a/ACg8ocLHArcPdvTxUdjl2iJS478neo8DKGSd9ug0F9fXBQIT4b8g=mo,Very good,5,0,2340.100.11326,2024-02-04 14:19:17,,,2340.100.11326,2,True
bf8c4427-e65e-4740-9c35-08915a8d4919,Robert Lihet,https://play-lh.googleusercontent.com/a-/ALV-UjWUnXkWwugk_WTptm065HzLSUnevpj4Mrz0ixxEWaVtQHwpCMQ,"Complicated, hungry on devices ressources, sometimes lacking common sense big time.",1,1,2310.101.10387,2024-02-04 01:47:29,,,2310.101.10387,11,False
dd9f82c9-7374-4806-9092-4c1ca10eaea8,Melanie Danelle M,https://play-lh.googleusercontent.com/a/ACg8ocIR4Sxa3C_bqXtM3xMNe9W7DOCpoItxcIIbHh_1lK-qRzXaqA=mo,Ap shuts off in the middle of post and pre trips.,1,0,2340.100.11326,2024-02-04 01:14:09,,,2340.100.11326,11,False
32770722-ee7a-49db-be5f-4f8370f57922,Craig Clifton,https://play-lh.googleusercontent.com/a/ACg8ocLLae5NmwFCYhfMyogRjRcfcMXpPyHpynEUWSsxbLOvKfymkQ=mo,Easy to operate,5,0,2340.100.11326,2024-02-02 18:20:11,,,2340.100.11326,3,True
1bcc6a4d-5529-498a-8693-2b4b9721b4d8,Vascor Transport,https://play-lh.googleusercontent.com/a/ACg8ocIXxIQiXfxJ3TYsSrfbZQ8mSRY4YPiea-gL_vRFBvlvBzkqKQ=mo,Very Handy Device 😘😍😉,5,1,2340.100.11326,2024-02-02 14:39:03,,,2340.100.11326,4,True
f906e101-674a-4cf7-bb5c-ea45dc016e52,TOM KOO,https://play-lh.googleusercontent.com/a-/ALV-UjWl-BhcM-x9aJI80Q8LWAIKeLIthI-zySQgjPjhskIIBIirwegN,Easy to use,5,1,,2024-02-02 13:04:05,,,,3,True
2a224877-0aad-4483-b867-ad1dde8ecb03,Shawn Huff,https://play-lh.googleusercontent.com/a-/ALV-UjXS1ikZQLv2psaHkHlLVWeVdjLefZ73PrBDeJi8QjWhHwPMmONlJg,unnecessary been driving truck since 2010 back when paperwork was still around I have a Walmart family mobile phone I by a card every month for service and these apps take up space and allow the tucking company to be lazzy,5,2,2231.100.9874,2024-02-01 13:41:00,,,2231.100.9874,41,False
5c99bb4c-7594-4451-ab95-36c0b35c43ff,Matt Roberts,https://play-lh.googleusercontent.com/a-/ALV-UjWLimAb3Wkwqzke8SUN2H_qHdFFgDkz8F4BNKfA6PzGZeUb_WHD,SAMSARA... how in the world is someone else allowed to edit my logbook and make changes without my approval!!!!!,1,1,2340.100.11326,2024-02-01 13:23:27,,,2340.100.11326,19,False
ce05ebca-5beb-4381-a50f-5fb2178b8880,Ivan A. Monroy,https://play-lh.googleusercontent.com/a-/ALV-UjU1g0fWirz5WDAswucCHE2107V-5Hmq5XiANVyWc-dcx67Z2Bo_,"Samsara for months hasn't fixed their app. It shows a split done after 2 and a half hours on Sleeper, and it confuses a lot of drivers.",1,1,2340.100.11326,2024-02-01 07:04:30,,,2340.100.11326,27,False
af50523d-6e24-4720-b3c5-144b018ab180,Rosenda Canada,https://play-lh.googleusercontent.com/a-/ALV-UjVLo_zKGUp2XEdkbNYH0T91GSm-auWmNRtO_x4JwKv_4lqze7EA,Really easy to navigate.,5,1,2340.100.11326,2024-02-01 04:06:44,,,2340.100.11326,4,True
0b1128a0-fde8-4ced-925b-fc15596524eb,S O,https://play-lh.googleusercontent.com/a-/ALV-UjUMbRiT5nTE7yovkcnKfVWy9-Qf_VYDrDsK4m82J9djD5WGS8Q,Awesome app,5,0,2340.100.11326,2024-01-31 20:55:08,,,2340.100.11326,2,True
86336c7a-cb2e-4102-9e24-ab1e08b58f10,Anna B,https://play-lh.googleusercontent.com/a-/ALV-UjUdstQ74VB39gV9_NAbZp7FhXRNSJsxQ6UX2-ESmFQPkcgs-Eoh,After a resent update my trailer is no longer showing in list and won't let anyone add back in which means I can not fill out an inspection report for trailer. Have notified of issue through app with no response. My company has been notified and couldn't get anywhere with it either. App is worthless if it can't keep me compliant.,3,1,2340.100.11326,2024-01-31 19:04:46,,,2340.100.11326,61,False
e1d1e4fa-7447-4a61-bab8-6b3bcf37b702,swiskus100,https://play-lh.googleusercontent.com/a/ACg8ocLMTQhzREBpwFTWvmgexmTRkmcEjjD8NhenFo5gkm9OJLbb1Q=mo,Super easy to use,5,1,2340.100.11326,2024-01-31 18:31:33,,,2340.100.11326,4,True
30adf45b-78dc-431c-9009-4322f4f27e45,Keith Groen,https://play-lh.googleusercontent.com/a-/ALV-UjV2WF9lLtsqnnk2nbZ_OgBicC6UAHVYAF3BLa9I_dPrUO9cGXs,"Easy to use !!! Even for an old guy like me, we also have dash cams working with it, crystal clear video, best we have ever used, tried a number of other brands, this one is Superior!........update...1.30.2024...very hard to get support and takes too long to get problems solved...appears there was a buyout with new owners not focused on service!!!",5,9,2340.100.11326,2024-01-30 22:38:03,,,2340.100.11326,60,False
22d31b64-14d2-4d7f-a561-3fc2ccb7b8b8,Chandler Bush,https://play-lh.googleusercontent.com/a-/ALV-UjXqA2UNO0nzmYxkvIpjEaWVyEZegtq7lPXUIqgHV78Suva2QW25,"Ask yourself, where is this app also exist and is my identity there as well...go look at the IT and creation of the application. I wish I could...",5,0,,2024-01-30 15:38:10,,,,28,False
19a2ec50-44f2-4028-a4b9-6a85625905cc,marc troublefield,https://play-lh.googleusercontent.com/a/ACg8ocIAxsuFJa8LxMOX4m7NqUTCBeMNw4dbsgmiEvm3f74L97l43A=mo,Easy to use,5,0,2340.100.11326,2024-01-29 12:30:58,,,2340.100.11326,3,True
ec9e6f03-9e7a-4520-ac2f-27b77828aa0f,Cornell Thomas,https://play-lh.googleusercontent.com/a/ACg8ocLs_rIH3cVyXNDiHSBPkI-42cwR9TNoba-4NsDzv7OYAD5ti-Q=mo,Great app,5,0,2340.100.11326,2024-01-27 22:00:05,,,2340.100.11326,2,True
114976df-3102-4043-8c02-b7a96a6e9ed2,Dan 2404,https://play-lh.googleusercontent.com/a-/ALV-UjV8H2MoySpqkYjrBFop70-rQKPaukXzBO1kX9OqBQ2k1krVhZIS,Просто не доразумение!,1,0,2340.100.11326,2024-01-27 19:58:23,,,2340.100.11326,3,True
8696eaee-77fc-4e35-8dc1-95ce58ad802a,Joel Lee,https://play-lh.googleusercontent.com/a-/ALV-UjXIWgDpdiqlB8UsZqcWSHMh7EeKS0lpgILJBI8qRSqzyoY-VwUe,Works well,5,0,2340.100.11326,2024-01-27 18:52:23,,,2340.100.11326,2,True
9b4dd2ef-a834-4f3e-ad4e-fe7da0e43d28,chris rundquist,https://play-lh.googleusercontent.com/a-/ALV-UjWJ8QnQRt2_pS4MYBMMtmt9fn_rTXZoLXfWIsDsZfUFYMvocbv4,Been using for over 6 months without any problems,5,1,2340.100.11326,2024-01-26 13:46:18,,,2340.100.11326,9,False
2ce9e440-80f2-4b47-90ee-e8b0566a9bb1,Bittu Malak,https://play-lh.googleusercontent.com/a-/ALV-UjXyyeYrE2gFCFTDlsbgE3XIjDQWzc7KrEA8xyW2VCo7OA1jrEsg,Very good app for Drivers..,4,0,2340.100.11326,2024-01-26 13:20:03,,,2340.100.11326,5,False
6c3e022b-7656-4c8a-963c-0ff6c9369342,Konink Logistics,https://play-lh.googleusercontent.com/a/ACg8ocJB5cIBtcId8KhvgphiHXkF6Geh04NT6VxEqmiJMxrLN1iw7g=mo,Worst eld on the market,1,0,2340.100.11326,2024-01-26 08:38:31,,,2340.100.11326,5,False
c322bd3c-ed36-4944-95e9-2da1cab1a953,Rafael Sanchez,https://play-lh.googleusercontent.com/a-/ALV-UjXvjqyGDMliD81H5j52ldV3UDIwJl_wFel-i306W6OG_rY2S1w,Samsara is my top priority for my business!!every day,5,0,2340.100.11326,2024-01-26 07:58:35,,,2340.100.11326,9,False
0b270954-eac1-44c1-a9aa-dcedd069bcb9,Wilfredo Contreras,https://play-lh.googleusercontent.com/a-/ALV-UjXaCUJG2bLYqDtemvdx7r8NQQ43a5PQ4CAFouCrV9_T_Bv6vK8,Exelente service,5,0,2330.101.10997,2024-01-25 14:02:46,,,2330.101.10997,2,True
239b3590-7535-4bb6-98cf-5bc5f51e25fd,roy nelson,https://play-lh.googleusercontent.com/a-/ALV-UjX5Mvn0ZQWZl85MXa2HdpsSP-VP1HUi9p7BRb2j7VmeXjlA7Q_Y,It reminds me of using Qualcomm..a bit vague and basic...but a good budget option to stay compliant.,3,1,2340.100.11326,2024-01-25 13:01:43,,,2340.100.11326,17,False
55c0fd05-b269-40b3-8076-da9c1af906f6,Marcus Maple,https://play-lh.googleusercontent.com/a-/ALV-UjXqpDkl8HgnHPSi1xqCi8_KMkjOGK-Z41aiWk8AqZi_RgIrhaJM,Great 👍,5,0,,2024-01-24 21:47:14,,,,2,True
f704d71f-5eac-462b-be64-a49900a16327,Menghong Sok,https://play-lh.googleusercontent.com/a/ACg8ocIabmIh_nRBrQpxmyaX9iMVnjKo-TbKLjLSboYB_jDrKk8ctQU=mo,When I'm driving jump to to off duty while driving,1,1,2340.100.11326,2024-01-24 09:05:05,,,2340.100.11326,10,False
33d08413-9306-49d0-8f5a-f93469506b72,Alexander Salazar,https://play-lh.googleusercontent.com/a/ACg8ocLSkmlAgtkqmxCjd5eXS_D5fGaTC0nvJqlkb5UPF5CW3x7E=mo,I cant log in,1,1,2340.100.11326,2024-01-24 06:42:27,,,2340.100.11326,4,True
f74f0f95-6734-4406-b949-90ec7aeff4a5,Gerry Stinson,https://play-lh.googleusercontent.com/a-/ALV-UjVChRC960Kz-BARWwF6fWdD00xGGVQAKQQw9E74yasO-wE4qHQ,"The software is very friendly and easy to use, out of the last 20 years this is the best",5,1,2340.100.11326,2024-01-24 00:04:05,,,2340.100.11326,19,False
69e3c6e2-41a4-4e88-99d4-bf6e65f67cad,Jean Canedo,https://play-lh.googleusercontent.com/a/ACg8ocLlPGylOc-W4v6GmpykueGZVylunCVuY54tBfNQ-jJfqvqCew=mo,it's better than doing on paper cause this keep better track an not any paperwork,5,0,2340.100.11326,2024-01-23 08:36:51,,,2340.100.11326,15,False
ffa1fb9a-67c2-4756-beea-f8b781613a67,brandy stimpson,https://play-lh.googleusercontent.com/a/ACg8ocJ9PkrZlzVV8BbZI1cfPH-edWNUBOaX0bSOg3VB9qMia5ut0w=mo,Horrible app. Nothing but problems on the daily,1,0,2340.100.11326,2024-01-20 14:31:13,,,2340.100.11326,8,False
d3baca36-1eab-489b-833e-b35a29ae2bc7,Henry Froese,https://play-lh.googleusercontent.com/a/ACg8ocK7lq90Zk5vIcG0t4G4bshERaAobdbzB9CSWWQ3QHcIV-JrGQ=mo,"Great interface, saves the hassle of doing a bunch of paperwork everyday. I love it!",5,2,2340.100.11326,2024-01-19 19:25:13,,,2340.100.11326,15,False
7f9eb518-323b-4bb8-855f-e504c971cc1f,Z Butisingh,https://play-lh.googleusercontent.com/a-/ALV-UjUqlcFU8XWids1qwmzwdhdTT452ppuy9w11xI9TTk903T4EPBye,easy to used,4,0,2340.100.11326,2024-01-19 17:38:40,,,2340.100.11326,3,True
9a7ec191-95cf-452b-9a1e-15b6abf839ef,Greg Higgins,https://play-lh.googleusercontent.com/a/ACg8ocL3ishaFtuEncsNc2VKxPGcFLQyFQ5TIyPGmbNb785bowwEPcc=mo,Very easy to use,5,1,2340.100.11326,2024-01-19 11:39:05,,,2340.100.11326,4,True
af61b8a4-c8b2-4762-a5ea-167f22ef1cd5,Zac McEwen,https://play-lh.googleusercontent.com/a-/ALV-UjUQh-fng2_bCvhKIlgJpRPv95tsAw60gnD_UUmn7ulcQxnECmCD,Awesome app easy to use,5,1,2340.100.11326,2024-01-19 08:54:44,,,2340.100.11326,5,False
74679101-cf58-4b4f-a1bf-9e2b561b2661,John Arana,https://play-lh.googleusercontent.com/a-/ALV-UjUCKGgGrBNMz0CqpZ4-dPcJKNGGIMPI1HUh2nTLNAozHFoBPlc,"Easy to use, very simple",5,0,2340.100.11326,2024-01-19 00:00:07,,,2340.100.11326,5,False
ee55f624-db19-40e4-9e1e-fc7a6f04c693,Sathyan Shan,https://play-lh.googleusercontent.com/a-/ALV-UjUtah0DXealm6msHQtVdRLJfRJwoVHrgzzpBGYULc9KBEbcK97Z,Simple App.,5,0,2340.100.11326,2024-01-18 16:13:15,,,2340.100.11326,2,True
847db9ab-dcd4-4795-9cca-f2c1b1b1a034,Ivan Garcia,https://play-lh.googleusercontent.com/a/ACg8ocJCq_gjF83mLX8o26Z0oc0H_o_YkDbZWs-WESPUS3t1XsF3zQ=mo,Great,5,1,2340.100.11326,2024-01-17 14:19:03,,,2340.100.11326,1,True
76696150-86b8-4bb3-9f00-a10ab379e5bb,Victor somto,https://play-lh.googleusercontent.com/a-/ALV-UjWTVx4cLbsCN_fxLJ0OqJ7gYKYHYROa_mp4IOveer0oaChVT-3H,Really nice,5,0,2340.100.11326,2024-01-17 12:11:14,,,2340.100.11326,2,True
3d860e3f-4c73-410a-97f7-d09936081402,Anthony Sotelo,https://play-lh.googleusercontent.com/a-/ALV-UjWRt3IaFsuQbbWzfl9KKWtgRaFktWO0DpFFHeSAXnm6736JZrhahA,Great app,4,0,2340.100.11326,2024-01-15 20:15:57,,,2340.100.11326,2,True
fd2e1b95-ee55-428f-8f2a-4b680a5d6ace,Connie H,https://play-lh.googleusercontent.com/a/ACg8ocJTEyaGXrCWKwNRm0Tt2tsHT5efMgQff4XWxiEytEP58zxn=mo,So easy to work with,5,0,2340.100.11326,2024-01-15 14:41:49,,,2340.100.11326,5,False
7f8c30be-8554-40ea-8617-b6c2b8e0ea8f,David Cross,https://play-lh.googleusercontent.com/a/ACg8ocJc4yS_JaWQNN5H2fkKaolOO4d1-zCC4HO9kBBf1wpx1lLiOg=mo,It is very helpful in what we do,5,0,2340.100.11326,2024-01-13 23:51:33,,,2340.100.11326,8,False
f7510a8c-cdb0-4061-9dac-af5d027efcf8,Piepho Tablet2,https://play-lh.googleusercontent.com/a/ACg8ocLUeEHwUt8DGgQ8Z1j4EGnG8fVp4F0mq3eMegTWxfw_3aFd1Q=mo,It works !,5,0,2340.100.11326,2024-01-13 23:06:36,,,2340.100.11326,3,True
9d9e5050-c3d6-4bdc-bded-4162b63d0815,Omar Yass,https://play-lh.googleusercontent.com/a/ACg8ocL9us9foy72biiE7oS5JRCXvndRy50k1j9GM7U-RwgMtdEQnA=mo,Goood,5,0,2340.100.11326,2024-01-13 13:12:02,,,2340.100.11326,1,True
ca84f9be-4eb0-451b-adf4-79ebd73e1853,Dell White,https://play-lh.googleusercontent.com/a-/ALV-UjVhEz_77JepqjKn3eMKUB8lmvzFEhgsOqH_hFJSnNtC6TqEDgEAUA,Good system,5,0,2340.100.11326,2024-01-12 16:44:47,,,2340.100.11326,2,True
7b54285a-19a7-4098-afe0-42c56f6e3fd9,Cooler 1 Cooler 1,https://play-lh.googleusercontent.com/a/ACg8ocLusaNbgGCL3PJBPigu-U5Ok11olKqRn-Pw9vg-DG9IW3Axow=mo,very detailed,4,0,2340.100.11326,2024-01-11 19:28:09,,,2340.100.11326,2,True
a90ced74-7537-4bea-a2e6-55379b07d9e5,Truker Nick,https://play-lh.googleusercontent.com/a-/ALV-UjXYLpYzGyoEue0xSyP9p5AMK4xYJwpbb4JoMRxP_BwXs0mcS_FILw,easy to use. great for a driver.,5,0,2330.102.11198,2024-01-11 07:46:03,,,2330.102.11198,7,False
84a17350-df61-4562-84c3-bc701b026fad,Steven Williams,https://play-lh.googleusercontent.com/a-/ALV-UjX-_6Yay5a8wfqh-6810EAvcC8zVVaheT3FZ5fywidVTlHDBjVs,Awesome,5,1,2340.100.11326,2024-01-08 14:44:06,,,2340.100.11326,1,True
b3e26801-36f9-4dc1-ae72-bf13d15ed8d4,Naveed Awan,https://play-lh.googleusercontent.com/a/ACg8ocKzKVwRiWMEewS8ucKP_5iBI8G4akIRjXEDG2Zc8F9p0NeQ1MKf=mo,"Some gliches, double entries, sometimes location.....",4,0,2340.100.11326,2024-01-07 12:02:00,,,2340.100.11326,6,False
91cb5e5e-5140-4886-8784-c348d76bdb74,Wieslaw Wojcik,https://play-lh.googleusercontent.com/a-/ALV-UjXv3_68dRz_oFgkVKWuJ8IRCZeE5CHgRSedfK8uU7JgL-IXAPgy,Easy,5,0,2340.100.11326,2024-01-06 17:12:51,,,2340.100.11326,1,True
61245fa3-8410-40e3-a363-54b82f120f7e,Noel Price,https://play-lh.googleusercontent.com/a-/ALV-UjUMHOAhlOgV6uKBoN0Xr6CDIfimd9nNmIVS9vAlnDKKpk9Xnp7d,Good app,4,0,2340.100.11326,2024-01-06 07:05:14,,,2340.100.11326,2,True
8091ba2e-4c40-4b5b-8fa2-4b6d8a216946,Pedro Morales,https://play-lh.googleusercontent.com/a/ACg8ocKGvdPjskalvIZFeTMGNESwi-mpgb8qL-IQJygVvxsEj67r9g=mo,Nice,5,0,2340.100.11326,2024-01-06 03:38:49,,,2340.100.11326,1,True
f1b36b5a-a644-4c8d-96fd-881bd35dd51b,Able Ortega,https://play-lh.googleusercontent.com/a/ACg8ocKUZd7J_ddCiWXMpRWCFx_Kypj4LLMQLlnIpOzar0QgFFLxAg=mo,it's OK,5,1,2340.100.11326,2024-01-05 20:59:27,,,2340.100.11326,2,True
7943ae59-d745-490d-8b10-c93803c59a26,IMC Driver,https://play-lh.googleusercontent.com/a/ACg8ocKPZV-QNatyXn4dc5G78TvqMpYoWATCvrf8RDdDRpQIt2aQrQ=mo,Great,5,0,,2024-01-05 19:07:14,,,,1,True
6b807b91-daea-4c8a-840d-a95216eb7df3,mu mung,https://play-lh.googleusercontent.com/a/ACg8ocL0CJEWs4k9NMEZhHSOUDH3lvms77zvfMg64gZJUmzKPZsEUGk=mo,I want give this app 0 star. useless,1,0,2340.100.11326,2024-01-04 22:16:30,,,2340.100.11326,8,False
06a8395d-c2bc-425d-b00f-d432c9151e5a,Alfonso Garcia,https://play-lh.googleusercontent.com/a/ACg8ocJRLxnntK3AtKH5bcOJpQOnAMCgRrnDjEfKrlzlX_5f8RMFhQ=mo,NOT user friendly,1,0,2340.100.11326,2024-01-04 14:53:16,,,2340.100.11326,3,True
eb508c81-5a2e-4db4-b868-8153cc6e18a4,Davis Safety,https://play-lh.googleusercontent.com/a/ACg8ocLzwcARwEu2Ia7No9f5XMuStZi7i2dPy4bfzIODNA-lZvwh0A=mo,"Does good job, most mistakes are my fault.",4,0,2210.102.9390,2024-01-03 14:56:38,,,2210.102.9390,8,False
4f7fed90-a8ce-48a8-b30d-f62d50948661,Johny Friesen,https://play-lh.googleusercontent.com/a-/ALV-UjUiPkZvSJ3GE44XRKxWrMpIeC_uGGpQ0hS11NBAjmuV8pROvMDg,Easy to use...,5,0,2340.100.11326,2024-01-02 21:41:59,,,2340.100.11326,3,True
31e2d20d-c7aa-4cf4-9e45-be0bc1d14afc,Anthony Perdue,https://play-lh.googleusercontent.com/a-/ALV-UjXKScNULpqt8KxvXDMv1ijFju4GL_am0Yyuxkz5DF0QSMZQRHSC9Q,"Thanks for the hundreds of false logs! The app is coded to place you on the drive line from personal conveyance BEFORE asking if you want to continue with pc. This has resulted in hundreds of 1 minute drive line entries THAT ARE FALSE AND I CANNOT CORRECT. Ive been forced to restart 10 hour breaks from the 8 hour mark too many times to count. Take your money elsewhere, or you'll end up giving more of it to the Fed in fines. This review will not change until I see a changelog with this fix.",2,0,2340.100.11326,2024-01-02 12:37:03,,,2340.100.11326,96,False
c6191b17-6e2a-4933-bdaa-794af3320bff,Roo75,https://play-lh.googleusercontent.com/a-/ALV-UjXpDHceFi3eXAzqssrdtqV2GK50UJnFyjVmOLiJ49VfbVo06X6T,"The app auto completes trips before I've even arrived at my first stop. It'll pick up our end destination which is where we start from our yard, and complete a trip with the automatic arrival. It should be implemented where the trip can't be completed before all stops have been arrived to change the skip stop function to not be automatic, it needs to be a manual input. Furthermore the app is jumpy, every time you open a trip and click the back button it wants to jump off present to past/future",1,35,2340.100.11326,2024-01-02 08:51:11,,,2340.100.11326,92,False
e64c68c6-477d-4e64-bd58-540bdc1546e3,Marlon Lawe,https://play-lh.googleusercontent.com/a-/ALV-UjVt9KGB2U6uq59gYGP3h3F1pYWShMreGzWdl3dRAe8g48pDNJtT,Lags alllll the time!!!!! Gets me in trouble!!!!!!,1,1,2340.100.11326,2023-12-31 09:52:56,,,2340.100.11326,8,False
5cac331e-de3d-4b7c-ad95-9ca17cd44eca,Stephen Hutchison (Steve),https://play-lh.googleusercontent.com/a-/ALV-UjUO9zeC-PCbzapJlKGd4S736spA6oEqRHdWKAsqK4ldzfl-Zym-,Great all around app for driving and keeping track of logs,5,0,2340.100.11326,2023-12-29 14:45:08,,,2340.100.11326,11,False
0e3c4046-d17a-4a59-9c9b-01a5ea485e23,IMC Driver,https://play-lh.googleusercontent.com/a/ACg8ocIr28cqxRgMsOs6vKTaBsfLPLpp_0_jDc6vla-JgSDgxKuQJg=mo,Good,5,0,,2023-12-29 12:39:07,,,,1,True
c5414512-199e-4daa-87c5-e5434ea6f05d,Steven Manson,https://play-lh.googleusercontent.com/a/ACg8ocJGJVp_13ei5sljPoMPBr8i9Bv7sd8iphQ2ppQpDjduFJO9Vw=mo,Our company just started using this....it sucks....it changes duty status from PC to on or off duty without my knowledge and screws up my time,1,0,2340.100.11326,2023-12-29 03:03:47,,,2340.100.11326,25,False
0e0df2c6-0aaf-4abf-8572-c9fb38fef503,Timothy “Big Tim” Taylor,https://play-lh.googleusercontent.com/a-/ALV-UjU0z1Tujp3vg9JOkbxocWQAJgvr4krXZ8Q4lFAdn9LR5KyUV2gM,Awesome,5,1,2340.100.11326,2023-12-28 14:04:33,,,2340.100.11326,1,True
de7b4ef4-1478-49b2-94f5-c762fee16524,Carlos A Gonzalez,https://play-lh.googleusercontent.com/a/ACg8ocKqXxtvJpxCrmUd2h2yw99jDgwRfNALuPZeC4VnVVqlSs6G37XU=mo,Perfect,5,1,2340.100.11326,2023-12-28 13:15:13,,,2340.100.11326,1,True
d0073bed-7cc9-45ff-ba28-779b4d414c55,clayton brown,https://play-lh.googleusercontent.com/a/ACg8ocKdJhjUvoLse9uHyIhjuGtD6Hf01yRl9K00SeVsV0ZOeFuDEg=mo,Great. Makes life much easier,5,0,2340.100.11326,2023-12-27 12:09:33,,,2340.100.11326,5,False
2a8ad682-dd33-4abc-b1df-b906c4a5abcd,William Sides,https://play-lh.googleusercontent.com/a-/ALV-UjW-l_uu8oaG36TZS9PRKttHIcPxXGcPm_MIFuqIHY-7XB8g4-FU,"After initial learning process, this app became user friendly. Easy to read.",5,0,,2023-12-27 10:05:36,,,,12,False
958cf345-4308-4e57-8c8c-ed2d2eb48db8,Dale Ostashek,https://play-lh.googleusercontent.com/a-/ALV-UjVKERT6TZHctWmjPAhQwqrO3lGrROjJKwaU3UrOvDeR3dHPkW23,Very user friendly !!,5,0,2340.100.11326,2023-12-25 12:30:38,,,2340.100.11326,4,True
46f17bc1-2c48-4c35-ae97-3a07aa9c5fd1,zoumana simpara,https://play-lh.googleusercontent.com/a-/ALV-UjVDCOuaAb7LHzDssQ5dwJaqufwW5gCpTDQppXekMpjde9XuA3ETvA,Very easy to use,5,1,2330.102.11198,2023-12-22 13:50:23,,,2330.102.11198,4,True
57401b41-677e-43af-bce6-64134bb911f3,Angel Martinez,https://play-lh.googleusercontent.com/a-/ALV-UjXBNfFeRnEKfutN9iwvZvs8gPlquGimfp6Mqu3VrsV_zP9WM87ZFg,Excelente,5,1,2340.100.11326,2023-12-22 10:59:51,,,2340.100.11326,1,True
ca31fca5-a23d-43a4-a85b-54f65aae181e,Edin Jakupovic,https://play-lh.googleusercontent.com/a-/ALV-UjXYWnWHXBbB6dULgCE_hsMACHyW5_H7cPZoqyhW4JjTCcCPKqSP,Works,5,0,2330.102.11198,2023-12-22 09:18:45,,,2330.102.11198,1,True
7dc53b6a-3d93-4b20-835d-25d199a8c2d5,Chris Hall,https://play-lh.googleusercontent.com/a/ACg8ocIv8c39nbvW49zIlHIsRgGL2rYRmfuQNPVRIv_IA5xetgKecA=mo,Ok,5,1,2340.100.11326,2023-12-21 14:46:36,,,2340.100.11326,1,True
171f7cda-5340-4a38-b471-8ecfbf28579a,William Burling,https://play-lh.googleusercontent.com/a-/ALV-UjVyT49LJkBLVINqRqXpmTj1mlWkzyl2Uwyb7tXNXFOTGSx1kkJy,Love the options and the versatility!,5,0,2340.100.11326,2023-12-20 23:20:24,,,2340.100.11326,6,False
11b6fc60-320a-41db-a865-cb818eadab19,sdoieqwfjhweoiuhasdo,https://play-lh.googleusercontent.com/a-/ALV-UjXUgDhabItxdyCJEHzDCTEocBGmKwpMIBdfojRqznQ1_J4jBvE,"The operating Zone keeps switching between Canada south and USA Texas and the circles that show your drive time, off duty, and cycle keep getting smaller and bigger over and over again.",1,1,2340.100.11326,2023-12-19 05:11:17,,,2340.100.11326,32,False
0cdc6a9d-704a-4c14-8409-4895d84e76f8,MONEYBAGMELTON .CRYPTO,https://play-lh.googleusercontent.com/a-/ALV-UjXD6s-fEBvqr7wcVrCteK0TIy7n32VhBoy23a2kuq3VbXPJNISq,Bless God.,5,0,2330.102.11198,2023-12-18 10:51:49,,,2330.102.11198,2,True
e1660c77-1718-4a89-8036-c1000ccf5765,Dan Mccarville,https://play-lh.googleusercontent.com/a/ACg8ocKdbZTNQ-NA_PuMR_1tRA3EJGYTdiP2ChBth_rFqT-xBnrzTg=mo,Still learning,4,0,2340.100.11326,2023-12-16 19:39:55,,,2340.100.11326,2,True
6023f21e-1a8f-4d7a-b35b-d52c2eaaf4f8,keith Whitmer,https://play-lh.googleusercontent.com/a/ACg8ocK3rHp_tWj08akMqluL5gEVh0VfjCqqJNnpuzJBX8M2sdrbmg=mo,Easy to use,4,1,2140.103.8968,2023-12-16 15:58:57,,,2140.103.8968,3,True
4dfdba90-47ad-4336-aec6-1d409031acdf,Ositadimma Ohizu,https://play-lh.googleusercontent.com/a/ACg8ocJw4zYIm54p805yYicBz_jL9MFbxHol3OrudkBGU8UFxouyPQ=mo,Is good,5,0,2340.100.11326,2023-12-16 06:50:17,,,2340.100.11326,2,True
67644381-de62-4585-990d-8054a2d5cf24,Don White,https://play-lh.googleusercontent.com/a-/ALV-UjXHvGCLjnQkdjkQp6BWRS9aU5T5hT00ylFiSSQOXlPxE2--t7id,Still learning it,4,0,2340.100.11326,2023-12-14 21:30:39,,,2340.100.11326,3,True
64dcba74-a772-4de6-965b-1e519caf4ec8,Wise Men,https://play-lh.googleusercontent.com/a/ACg8ocIBRWETxmHiXONcfhOl6dKIuQ7fif2AwAqGmeDMKPLgYE1QrA=mo,Nicely,4,0,2340.100.11326,2023-12-12 06:21:25,,,2340.100.11326,1,True
08e9c18b-84f0-42f7-8a04-32e01c48d993,Catalin Antoce,https://play-lh.googleusercontent.com/a/ACg8ocLtEq5PuP_s7-wd3O12Wsv7G-IUbDbSVWTIC7YG-rbsIawd-A=mo,"As a driver, I use this app every day, sometimes it crashes in the middle of the daily driver check or updates and you lost all your progress, another improvement it will be if you could select several photos at the time when you select them from your phone gallery, as it annoying to upload one at a time. And what is with the new check where you have to upload photos of your wheels? Where is the damage photo section disappeared? Sometimes whe don't have trailer, but still have tu put photos...",3,4,2340.100.11326,2023-12-11 04:38:03,,,2340.100.11326,93,False
df09a835-a187-467f-8db7-5c9bac48ccec,Stefan Zellweger,https://play-lh.googleusercontent.com/a/ACg8ocJYe_1Mr-uuQ8BrJPCeT3nK2HuQ-yGuZOkZQeFaEJO1mODZRw=mo,If I think about what our company pays for this setup and how many times that crashes or doesn't synchronize between tablet and cellphone... unbelievable...,1,0,2340.100.11326,2023-12-10 22:57:48,,,2340.100.11326,25,False
1e8a192d-0c32-4157-9950-89a8fcfe5f6a,Yaro Hajj,https://play-lh.googleusercontent.com/a/ACg8ocLKgWxjCdJZ3fJQlmfPURaxKoKGNbpla4zJtftyn4rsfypHbg=mo,Useful,5,0,2340.100.11326,2023-12-10 19:49:55,,,2340.100.11326,1,True
6e09bc2a-982f-4a58-8d74-fad95c7b9b55,Carlos Jimenez,https://play-lh.googleusercontent.com/a/ACg8ocI0Aa1hysJVlsqsIk7k6s8DUSeQ_cyD6RdzsgOd5SFT6kEVqg=mo,works good,5,0,2322.100.10778,2023-12-10 18:59:13,,,2322.100.10778,2,True
c22a9e95-4e30-4299-a637-60bf69c6724e,Maria Roxana Cader Acuña,https://play-lh.googleusercontent.com/a-/ALV-UjU5j-k8qfO_TEtXse3L9Qmi67rJcg7L8s0UE8GASKJCiE2pKIm4,Very accurate and works offline when the satelital signal is low as in the arizona dessert,5,0,2330.102.11198,2023-12-10 13:40:57,,,2330.102.11198,16,False
22cb0df7-6b7a-412f-802a-8c5832ff9e99,ROBERT GOMEZ,https://play-lh.googleusercontent.com/a-/ALV-UjXJhqLZl1lhwBLscD6HpNFMPP7qH7HwWDuzhnrfbmisoUMFM5s,Too easy,5,0,2340.100.11326,2023-12-09 07:05:02,,,2340.100.11326,2,True
41602f36-b336-4967-86c2-543fa9cf8347,Paul Kenny,https://play-lh.googleusercontent.com/a/ACg8ocLCkgMIP1Uep_P79_4MO6ZU4S-mG2dh41L-9G8lkafcN7hXyQ=mo,I can see were I can improve,4,0,2340.100.11326,2023-12-08 12:37:41,,,2340.100.11326,7,False
486c2e73-c26a-486f-afa9-83836fd8751b,Motor7710,https://play-lh.googleusercontent.com/a-/ALV-UjXHlI-J68nZGHX8VhVnvn1Z74BsUQVrfJXO099per6sODgM-nKv,They give it four and a half stars. That can't be right. This thing is full of glitches. It crashes at least six times during the day. Sometimes I'm off duty in my house with no truck selected it will throw me back on duty for no reason. That's just one glitch out of 100 glitches. I will say though the app samsara really does live up to its definition. Just Google it. That's why I give it one star. But I think we should have a negative rating of stars. In that case I would give it -10,1,3,2340.100.11326,2023-12-07 17:48:01,,,2340.100.11326,99,False
4336462d-4fa8-4667-a1cd-c10c779fdfed,Troy Jenkins,https://play-lh.googleusercontent.com/a-/ALV-UjVC8UdfuOwi4BhhA4bO67nYx3dnRUfnSrUfowA43okwuDRconZj,Pretty Simple if you ask me? Don't understand the Post-Trip walk-around that's not needed?,5,1,2330.102.11198,2023-12-06 23:26:15,,,2330.102.11198,14,False
cad330ac-cac0-4c3c-b1e9-96ec61e5913a,Anthony Elia,https://play-lh.googleusercontent.com/a-/ALV-UjW24alS-orvaB0of9qc4X1_X3G8ypsq10Lv7_NygXsO7JDQT2MlXw,"We need to be able to keep same trailer without installing it every day, it should be an easy fix on their end. Just like the truck stays locked in. It's almost 2024, let's get this done please!!!",3,2,2340.100.11326,2023-12-06 18:30:59,,,2340.100.11326,38,False
04f7eb4f-dd1f-4797-b659-899ba123d876,kyle,https://play-lh.googleusercontent.com/a-/ALV-UjXtcqruIiFpPTM94Dv-S8jyeqiVQnbs0Ej9ca_uEfQGIdZMfUD5,Worst eld program I've ever used. I've had 2 hours of service violations that came up days after I drove and were not violations. The app regularly puts me in driving while I sleep. It's terrible for too many reasons to list.,1,0,2330.102.11198,2023-12-06 08:03:11,,,2330.102.11198,42,False
98fa1591-5bf6-49a8-8b19-8f71a2b0cf58,R Howell,https://play-lh.googleusercontent.com/a/ACg8ocJZZ5BB8A2JxVtNmqA5_7usdgvoNUOayClcccU9xWj983C73A=mo,It's Great 👍,5,0,2322.100.10778,2023-12-05 13:15:11,,,2322.100.10778,3,True
215e8512-d686-4114-bb87-4c7a05980637,Ramon Williams,https://play-lh.googleusercontent.com/a/ACg8ocJPS-ur15WF4kUOHLDHyoGwYEmxkdwZngNLwQOi5UzKbxhGlw=mo,"Keeps you accountable for your driving actions, thereby encouraging safe driving practices. That's a win for everyone.",5,0,2330.102.11198,2023-12-05 07:16:13,,,2330.102.11198,17,False
0e49c988-b592-4164-9819-31106e5150ba,Cse Samsara,https://play-lh.googleusercontent.com/a/ACg8ocLZ_sTzglRCROMOrbGYiTS2NTtfvG13o7tPoRsDrSVINS1ubg=mo,Help me with a lot of things thanks,5,0,2340.100.11326,2023-12-04 19:09:23,,,2340.100.11326,8,False
16ea16e3-033a-4c5b-bbe3-229562726cf7,Kevin Canada,https://play-lh.googleusercontent.com/a/ACg8ocIfHpTHCxVYGM0nPMxDAky7LLDG_GVwCInh7oAjJJLOKp-_iQ=mo,Easy to use and easy to see.,5,0,2322.100.10778,2023-12-04 16:02:35,,,2322.100.10778,7,False
16e37458-90a5-4bb3-a274-83ee02034401,A M,https://play-lh.googleusercontent.com/a-/ALV-UjUkp73Hszt2zalMgSa96XAZDLmZ7ccIZ-qU1wJWsdeocd78TYod,not working properly. many issues even driver still off duty.,1,0,2330.102.11198,2023-12-04 05:13:05,,,2330.102.11198,10,False
0606dade-ee47-407c-bc25-c0ff6d0eefbd,Horace Clarke,https://play-lh.googleusercontent.com/a/ACg8ocJZpu75txSpgDHyHc4wXGYW21pXVwCfqEIQJU6slSnCQHpeXA=mo,It's just great love ❤️ 😍,5,1,2330.102.11198,2023-12-02 11:34:38,,,2330.102.11198,6,False
e7b7881d-2d88-4e25-ad43-5719c00127c2,Wiffy Aim,https://play-lh.googleusercontent.com/a-/ALV-UjXi9gcyAvYmiedCLvQcsmlEkzHAGJak8QsSdcDAGNuIbpmzcIfOBg,"App needs improvements, when I clock out of my shift it continues even tho I finished my shift. Dark mode and light mode problems. Other bugs need fixes.",2,0,2330.102.11198,2023-12-01 17:31:33,,,2330.102.11198,28,False
6016f7c1-65d5-4aed-8bc3-b83e585edd2f,Peter Elpidio,https://play-lh.googleusercontent.com/a-/ALV-UjX3nLxl0W5W54Y6CUiCInF3b6EsjQQyogIt3Bu1uC7omKqj5R6B,It is very helpfull,5,0,2330.102.11198,2023-12-01 11:37:48,,,2330.102.11198,4,True
603cf881-d312-44fe-bd0c-250b6dcb8480,aosegueda91,https://play-lh.googleusercontent.com/a/ACg8ocLew1uy6pduiFz5cCZ7l5b1Ddt_P1uLpeKSmk9ujbTFTyBwnA=mo,Great 👍,5,0,2330.102.11198,2023-12-01 00:55:27,,,2330.102.11198,2,True
0b1ee2d2-fbaa-40f5-a113-884f94a58406,Ezra B,https://play-lh.googleusercontent.com/a/ACg8ocKgA6lbBqzCnu2wRjBMXStVsWN7-UBIm8Vik8ZiHtGt1TMDYQ=mo,No complaint. Easy to use and makes managing drivers a breeze. Price point is a bit high!,5,0,2320.100.10605,2023-11-30 20:10:01,,,2320.100.10605,17,False
44511c80-2eff-46bf-b0c3-552994a64fce,Harpreet Dhulkoti,https://play-lh.googleusercontent.com/a-/ALV-UjXBMjNhJ6tqOqefehtMGuwIUIr7hS6ZY4Bez4NWzvJoMKLAu4Y,Nice,5,0,,2023-11-29 19:13:39,,,,1,True
81324129-ecfe-4320-aeb6-c5d8603ba68f,Rizokulov Islombek,https://play-lh.googleusercontent.com/a-/ALV-UjVpR1L_S_zwzRN51Toj0h5CPeqAKXYf82zPicqniLPDgOpWBZU-,Best ever,5,0,2330.102.11198,2023-11-29 16:16:12,,,2330.102.11198,2,True
234a36f1-d568-472f-b4f3-1e89402aa921,Dean Santiago,https://play-lh.googleusercontent.com/a/ACg8ocLcle1tSwK_eF2an-o5TtXU_3_sLgZVC7qohi_Xeik3j1C8HA=mo,Good app for work,5,1,2330.101.10997,2023-11-29 12:44:59,,,2330.101.10997,4,True
f10732ec-d9f1-4ace-94ed-1b9d7b2de28e,Justin,https://play-lh.googleusercontent.com/a-/ALV-UjWWhZVhZoe6HGf7ujO3JCgRGluvk-aHlTyMr4ahOoJl6PAUATMJ1w,The app keeps trying to take you out of yard move status when you turn the vehicle on. There is no reason to default out of yard move. Changing this would not cause violations but us not being aware of a duty status change does mess up our time management. Please fix this.,2,1,2330.102.11198,2023-11-29 04:43:54,,,2330.102.11198,53,False
f3ca6395-cf77-415a-a04a-b94b32189c31,Kumina James,https://play-lh.googleusercontent.com/a-/ALV-UjWuJ6XMvgG-PvUKCnmHjn5hBg4NHHr2m0hOOet252-gJ1T47qvU,Best thing ever,5,1,2330.102.11198,2023-11-28 16:48:30,,,2330.102.11198,3,True
2a0ceceb-d9a7-41b9-ad6c-ab5fedf5167c,Cottrell Trucking,https://play-lh.googleusercontent.com/a/ACg8ocL29BaBlWETBUQ6cp-qXX45GFkrHAxtGswAvnUsx0xWerFN3w=mo,Good,5,0,2330.102.11198,2023-11-27 14:20:42,,,2330.102.11198,1,True
f045f287-bc32-48a1-84ef-5d27bbfdbc30,Antonio f Bastos,https://play-lh.googleusercontent.com/a/ACg8ocLLKYs1QzmG3kbIMtFTVAWczgIhcB_6BeePe9PDvReH75EzV8X1=mo,Easy to navigate and comprehend.,5,1,2330.102.11198,2023-11-25 00:36:49,,,2330.102.11198,5,False
9ca0ea91-f6a3-409a-9a0d-c697f4f9bb3e,Kathy Starr,https://play-lh.googleusercontent.com/a-/ALV-UjWW-vDpcd8wY5ZbTlppOFjXGeI9_dBC8HhCQ-ZgAYd-TiecuUY,So easy to use,5,0,2330.102.11198,2023-11-24 21:07:31,,,2330.102.11198,4,True
bb6896e4-4767-423c-b302-9d50e0201482,david fortin,https://play-lh.googleusercontent.com/a/ACg8ocL_bjzHbhLAuCFPO8xVwv1Sa0u2PHvTL_hoqgwT-CTFfOYUEw=mo,"We have many trucks, can u assign trucks to phone number instead of always having to do a search? Thx",4,0,2330.102.11198,2023-11-24 18:39:46,,,2330.102.11198,20,False
c0731645-7c87-4e06-9e7f-3644ede19479,Jose Medina,https://play-lh.googleusercontent.com/a/ACg8ocL5JmLTiObxPoH4mtpgPRnBw9SIVsODg-7aE3PKl9ChJ26PBg=mo,Ok,5,0,2330.102.11198,2023-11-24 01:41:29,,,2330.102.11198,1,True
1d102c90-582a-49a1-aded-abcd87f1368f,Walter Wallingham,https://play-lh.googleusercontent.com/a-/ALV-UjU9XDth6BIDQcbeOVEfKYv-YxBvSdOZ_Pcb2HRNX1WhE5tpFjWWqg,Wonderful,4,0,2330.102.11198,2023-11-22 17:56:08,,,2330.102.11198,1,True
386aec49-4588-4a5c-af10-ef4c65b64db6,Joshua Humphrey,https://play-lh.googleusercontent.com/a/ACg8ocJIstaBmQbLQqqozfiORgwSnAu6UAZ9xvKiPskSye73N_F6qA=mo,Great app F#$% the company for making me use it....,5,0,2330.102.11198,2023-11-22 16:54:34,,,2330.102.11198,10,False
26b9feee-b0b9-4889-9a21-4ca399f0b0e9,Khalsa Trans,https://play-lh.googleusercontent.com/a/ACg8ocKD55S8eAEfKGVOGYzVQLUd-JUtorvkVu_hx3o-qdPMta6WKA=mo,Good,5,0,2330.102.11198,2023-11-22 03:53:19,,,2330.102.11198,1,True
16881142-ec78-47bc-b531-f8dd4a302ebd,Darren Thyer,https://play-lh.googleusercontent.com/a-/ALV-UjVo3VpFbMos_KJBC00e7bK8wLvbw3uRkT-eZbH-SRKuA9m8ZXkT,Amazing helps the driver checks straight to office and gets the job done also covers driver for defects,5,0,2330.102.11198,2023-11-22 02:58:05,,,2330.102.11198,18,False
3b694faf-a15c-4e31-b862-504c5d343d18,Sukhvir Singh,https://play-lh.googleusercontent.com/a-/ALV-UjXW-YL_IsyVo6kfumMzMnX8EQ3H1l9V5VWP1CDYyX0NrRdUe_nxQg,Its getting crashed qgain and again when i used to click on un identified trips,3,1,2330.102.11198,2023-11-21 21:34:30,,,2330.102.11198,15,False
33c322bb-0925-4318-bbb5-c1a002e64795,David Crockett,https://play-lh.googleusercontent.com/a-/ALV-UjXGR_6zgp_Pmf4CUfztpt_hgSNDZ_-UnUIhYMq_dLYfYwirpss2,"Easy to use, driver friendly",1,1,2330.102.11198,2023-11-21 13:00:30,,,2330.102.11198,5,False
e4de66f4-7fd4-4c3e-9533-7291b656d10c,Seth Moder,https://play-lh.googleusercontent.com/a-/ALV-UjVM5Ayhbbv76PsGC0uF05RTdEyueq1TnTEBhlDEAoSRao6zBDvcQQ,Good app. Occasional sync issues.,4,0,2330.102.11198,2023-11-19 12:59:02,,,2330.102.11198,5,False
13904943-7bc0-4d32-a670-d9c73294b8e1,Roger Jones,https://play-lh.googleusercontent.com/a/ACg8ocIhL_B8bDvxL2m53-pEhRxkZa4H24d6ENUe9EIzKwyiwWLpTg=mo,very professional,5,0,2330.102.11198,2023-11-18 17:16:39,,,2330.102.11198,2,True
1047317f-c11c-4c1e-958c-9e02c02c1778,Jason Senteney,https://play-lh.googleusercontent.com/a-/ALV-UjXg4b_fOhYzKvG6dBIhTk4qGQvDZYb7PuE8eYbn62OTMYR7FFaz,It's faster and starting too be more user-friendly,4,0,2330.102.11198,2023-11-17 22:55:32,,,2330.102.11198,8,False
7c7b4256-0091-45cf-a4fd-50c760632bce,JBelroi22,https://play-lh.googleusercontent.com/a-/ALV-UjUpS1OJWg4b_1YeYM-zm-l3TocW-ILHUU6QgzPQzFWMDxn6Y2tS,"Easy to use,,,pretty much self explanatory",5,0,2330.102.11198,2023-11-17 16:57:30,,,2330.102.11198,6,False
88176027-6b1a-4aaf-b95f-8dd7fe59b423,Eric Biestek,https://play-lh.googleusercontent.com/a/ACg8ocLIpFsxP9gVQE8R9G9YngYE1PxyBAon3bi_41rz31A_EFRBJA=mo,"Works great, no complaints",4,0,,2023-11-17 15:34:43,,,,4,True
261d33dd-8469-44fd-ae65-7d30fc31513b,juntao sosai,https://play-lh.googleusercontent.com/a/ACg8ocIw0rGLHYHS63vf83TPSPicK-F-gHOzCIpZb8leNyvedH2wgA=mo,"Best ELD, user friendly and all of everything about it makes sense, works smooth and fast, never any bugs, wish all companies used this one",5,1,,2023-11-16 19:44:38,,,,25,False
e3bada71-d765-4b78-b46d-4984c8a2b510,WSI Driver,https://play-lh.googleusercontent.com/a/ACg8ocKwPM1ZrAY8DeQXpihnyC3CYcuSw3mDU-J7QRfglErKlkSebA=mo,Great platform,5,1,2330.102.11198,2023-11-16 14:52:01,,,2330.102.11198,2,True
9c9d9de0-ae0b-4852-a740-f4665ed2e51f,Frank Keener,https://play-lh.googleusercontent.com/a/ACg8ocLuE_1KfDaT71mgjJ5c4--Sfc5Z-K8IdGwidSyou33u1TDitg=mo,Good,4,1,2330.102.11198,2023-11-15 14:40:20,,,2330.102.11198,1,True
4632e1de-9e65-4792-a400-a1c552439d05,Donna Merer,https://play-lh.googleusercontent.com/a/ACg8ocK30y7LE8ok7RzXDeVVSlvMoFuAAiumi37mePIi3DWM61ga-A=mo,For the most part intuitive and easy to use. Simplifies log keeping.,4,0,2330.102.11198,2023-11-15 01:46:35,,,2330.102.11198,12,False
0c0a70d2-5021-46a1-9cdd-f6fcaac390a0,Adam Suhr,https://play-lh.googleusercontent.com/a/ACg8ocIv9hD04hUo0c7jYnyogQhHb40RMafekU7DjZFd2XzpRVq1vg=mo,Hardly over 4 stars as claimed... features are mainly only for management but driver information is pretty hopeless. Samsara is used by companies to micromanage the driver.,1,1,2330.101.10997,2023-11-14 12:36:53,,,2330.101.10997,27,False
a0adc650-d0d7-4456-80df-62710366ad04,ROBERT Hardin,https://play-lh.googleusercontent.com/a-/ALV-UjWaLH2GleSaW2QwTNo0t0LFjz1jOVIRQCeodyVtgGJR9eCSVqg,Hate the the picture taken park especially when it rains,2,0,2330.102.11198,2023-11-13 20:18:52,,,2330.102.11198,10,False
c99544bd-90df-4694-8a42-a16f31945961,Charles Ragsdale,https://play-lh.googleusercontent.com/a/ACg8ocLObhM9dPl6L03tgN77UjLYluhH-JOGGGKbSq1sGdzPXXYzIFo=mo,horrible. glitches all the time,1,1,2330.102.11198,2023-11-13 14:22:10,,,2330.102.11198,5,False
8e4e4c91-8a8b-4b91-a137-8c60e2b60592,Arizona Star,https://play-lh.googleusercontent.com/a/ACg8ocL_5XFecxHtmYqSzHUIPQlu0is6PtUTBshZQqBXYKdgp4sfyw=mo,Very flexible and easy to use really works with you,5,2,2330.102.11198,2023-11-12 15:38:47,,,2330.102.11198,10,False
ac1649dc-d279-4798-8050-7165559ff99a,Belinda Young,https://play-lh.googleusercontent.com/a/ACg8ocLuCHv8Wde6pVTcje9sh-X0THxhxvFqQGVLhYdz821oxFn8gA=mo,Accurate speed limit,5,0,2330.102.11198,2023-11-12 09:30:27,,,2330.102.11198,3,True
a2c6374d-76a6-4a88-94ad-490d9311b8d7,Karminder Singh,https://play-lh.googleusercontent.com/a/ACg8ocKqPqVX7GCMi-_t1X60PJcTJbuF9WwlRs8AVAd_Vi-X96x7Cw=mo,👍 good,5,1,2330.102.11198,2023-11-12 03:51:56,,,2330.102.11198,2,True
ece98e1c-b263-4213-8909-f982f13e8a7d,Robert Pottinger,https://play-lh.googleusercontent.com/a-/ALV-UjUHsjZv0WyIhYAynL2dQwopt0SQgfDWlfVqlMSnBc0LtQSziJhl1Q,"Absolutely rediculous. Needs to have a wildlife detection built into it. If i hit the deer, i dont lose points. If i hit the brakes then i lose points. Stupid system.",1,2,2330.102.11198,2023-11-11 10:36:11,,,2330.102.11198,31,False
a3193cf4-b900-4a73-98ff-949394fd109e,DMitri Elbert,https://play-lh.googleusercontent.com/a-/ALV-UjXOehg_fVyakznglNEZ7-6vBb_NodBrHmJp_DnbXCYzXRBqxROA0g,Samsara makes it easy to track movements and areas of improvement in driving skills.,5,1,2330.102.11198,2023-11-10 00:05:17,,,2330.102.11198,14,False
1ef8dfea-3ff8-45b1-be62-082c214dba2e,Eric Norris,https://play-lh.googleusercontent.com/a/ACg8ocKKFpMI5-iADqVASMAT6CHRPRBfxY9MG-ojx9wvQ9F3QdRENg=mo,Best app I have used,5,0,2330.102.11198,2023-11-09 17:37:18,,,2330.102.11198,5,False
19cdbcdc-978f-4fb7-859c-3fa4365e132c,Cee Cee Gilmore,https://play-lh.googleusercontent.com/a-/ALV-UjW3LZXZ9wgCB58BAaZlThG6JOqXgJ09Mp0ZJyg40TYbPH9Usl7wDA,user friendly,5,0,2231.100.9874,2023-11-07 11:56:43,,,2231.100.9874,2,True
6590bf07-c4ef-479a-b288-a1a2026a4b7e,wilfredo herrera,https://play-lh.googleusercontent.com/a/ACg8ocKDJzmFpJaSY-TqC1Hkmj8y7oBblA-_gxr8ctIyC5S4WWC8IzY=mo,Good service.,5,0,2330.101.10997,2023-11-06 16:25:01,,,2330.101.10997,2,True
8145cc2f-6917-477b-9446-00f2198ca688,dan huffman,https://play-lh.googleusercontent.com/a-/ALV-UjWbHqcSdgjv1t4Ov7xbyc4-2N_0Ji1Y_geUxId11Hy0W_cqDiNh,so much easier than paper logs. thanks guys 👍,5,0,2322.100.10778,2023-11-05 13:44:46,,,2322.100.10778,9,False
dc04e139-3a0d-4697-afdc-4cae445ee396,Lou Carrion,https://play-lh.googleusercontent.com/a/ACg8ocK00zDndzo7qcl1fnM1O0vTh6XTPuvr716Q7yrcNTKxu0LbCA=mo,It doesn't show my driv score,4,0,2330.102.11198,2023-11-05 01:17:06,,,2330.102.11198,6,False
52a1a14e-1294-496d-926a-f8575f8a88d0,Fanando Jackson,https://play-lh.googleusercontent.com/a-/ALV-UjUx8svuSQvv8_GBFQpwDw_9afHqONyYHPM-dbLEjEDFhyuMsEfIfw,Good,5,0,2330.102.11198,2023-11-03 12:15:04,,,2330.102.11198,1,True
67fa50bd-5753-4353-b69c-4d4f4c0cd7e8,Lemon Lime,https://play-lh.googleusercontent.com/a-/ALV-UjXjfrLG5y2VJGWMfAkGlvzkWJ2w5946dNb01MberzyOXipiyik,Perfect,5,0,2330.102.11198,2023-11-03 10:06:25,,,2330.102.11198,1,True
99791664-f339-4bce-aedb-13a2e9147288,Dino Moreira,https://play-lh.googleusercontent.com/a/ACg8ocJP2B0_rm3-9DY1gbqbs-ve60vlEDuoQvyOPJiMOJhH_o4dAQ=mo,"It's a headch to set up, and the suport team put me on hold for 16 minutes and I give up. So far are worthless.",1,1,2330.102.11198,2023-11-03 00:56:03,,,2330.102.11198,25,False
b973095b-43d4-41f4-91a4-24e9b675b51b,Calvin Jones,https://play-lh.googleusercontent.com/a/ACg8ocJVTcaSK6OnB1kEJ2MKGkNYNq0_O_vMWjMUxVgm7OMe4eDXKA=mo,Good app.,5,0,,2023-11-02 10:22:50,,,,2,True
202dc6ed-ae8d-4de9-be52-5c7828d54352,Charlton James,https://play-lh.googleusercontent.com/a/ACg8ocJb9LVndmxinw0nkevDxZqPJ4EMjmsMRrPCNg-NO7CihjDu-Q=mo,accurate and easy to use,4,0,2330.102.11198,2023-11-01 12:05:21,,,2330.102.11198,5,False
1556ecc6-49d6-4367-9bc1-230c02545dc6,Robert Salmon,https://play-lh.googleusercontent.com/a/ACg8ocIMYeqpP-HOpTtkBQq86fKm1xYai4b48CbFmoIxLWvFt8S23g=mo,It's slow signing in always seems it has to update or won't except the pass word,4,0,2330.102.11198,2023-10-31 04:49:12,,,2330.102.11198,16,False
5b84f0b3-29be-477b-b140-3207738cf3c2,Latrice Hughes,https://play-lh.googleusercontent.com/a-/ALV-UjXLmM7LjfZbV7oAE4aFjUIJLwVk8rft12ZNno1ad2792X-Ed0Vu,Good for reporting issues to staff.,5,0,2330.102.11198,2023-10-29 14:36:59,,,2330.102.11198,6,False
d02f15b0-af86-43a7-9e1b-5f1af4537628,Ted Pruitt,https://play-lh.googleusercontent.com/a-/ALV-UjW1dH_71m28pZjbcCQ-LuvFndO45z8v13SrxTaqyTDcIYGz1Bq6dg,App is really easy to use.,5,0,2330.102.11198,2023-10-27 20:00:34,,,2330.102.11198,6,False
a061a893-7515-4551-8620-50ff511d1c0d,Jerry Manning,https://play-lh.googleusercontent.com/a/ACg8ocJV9J3W4dtzlSIWxKrpF1c0_2gYC18N8Wiq5SJ1E8wB94Fgkew=mo,Good,5,0,2330.102.11198,2023-10-27 14:56:33,,,2330.102.11198,1,True
81b22792-63b0-4021-bc5a-0db8cc2d34ef,Ali Mehboob,https://play-lh.googleusercontent.com/a-/ALV-UjVdeRpX0WqOil9sAZ5lSBI40BVgTGiYMnA4gHw5q48N1zWsFbW2,Easy and fully functional,5,0,2330.102.11198,2023-10-25 22:42:13,,,2330.102.11198,4,True
e9fcbaf9-58df-4a08-b2c0-ec75fc595d8a,Gurminder Singh,https://play-lh.googleusercontent.com/a/ACg8ocJML4L_Oj-WIGL60QWxg2T0u9FO-oruKEXd3BQQH6dFKlCCng=mo,Good,5,0,2330.102.11198,2023-10-25 19:22:47,,,2330.102.11198,1,True
95a9013d-b201-432e-8168-67e4599fed27,Chevy Rider !!!!,https://play-lh.googleusercontent.com/a/ACg8ocLLSUYFMylWR-xQnAQ3Km0HDnYNMpjSXCxcZEgAGxVb4t6NG2Q=mo,Good app to have,5,1,2330.102.11198,2023-10-24 22:35:27,,,2330.102.11198,4,True
b4b4cdc3-6bf2-497a-97ed-6b820b9e6c84,Ira Smith,https://play-lh.googleusercontent.com/a/ACg8ocKT3vzIW0Ql6_rFTbQQy_BsoU4bh950Ju-H7Yh-4xkeooTzTQ=mo,No Words Needed.,5,0,2322.100.10778,2023-10-24 18:39:49,,,2322.100.10778,3,True
11b617dc-9599-4b87-a1df-9ac6515cc96d,Bill Adams,https://play-lh.googleusercontent.com/a-/ALV-UjXRfXTZXScrz05G1IUGoDGqMHwb_Kql3bzbcE4aFXJWdg9iL4W_kg,Very good,5,1,2330.102.11198,2023-10-24 17:07:52,,,2330.102.11198,2,True
f8731a9b-ae65-40c9-ac4b-22fe5df039ca,Patrick Ernst,https://play-lh.googleusercontent.com/a/ACg8ocJEtLBb67y8y2SyErKTuM6vqsMr_qI3MaoaHJV4cROUtU3XbQ=mo,Does not count down lunch,4,0,2330.102.11198,2023-10-24 03:00:16,,,2330.102.11198,5,False
0387604e-4e43-42df-807d-92664dd35aae,Joe Stroud,https://play-lh.googleusercontent.com/a/ACg8ocLf6StYFfehFq6aw8oS3sSslu3hi7YtsDrW3HkLIdqGM6m7_w=mo,Nice,5,1,2130.100.8358,2023-10-23 19:26:35,,,2130.100.8358,1,True
dbc18b80-d262-46da-b4fd-9619b99649a7,Rain Dogs Trucking,https://play-lh.googleusercontent.com/a-/ALV-UjWgvwviWGSDNBVCIhW42ICENaLjii7soz_GIylRCMLEZoNv3K-h,With the new update the times do not update as you use time You literally have to sign out and back in after every duty status change to see your updated times that are left Also the screen blanks out and will not let you do anything until all time dials show up then it takes a minute or 2 before you can actually and effectively do a status change This messes with and puts you in violation when you're running on minutes due to unforseen circumstances also happens when you shut off the screen,1,9,2330.102.11198,2023-10-23 19:09:35,,,2330.102.11198,95,False
fe1ff8c8-1bbe-431d-a183-535ad5a56b5e,Gerardo Gonzalez,https://play-lh.googleusercontent.com/a-/ALV-UjXjngKpbvlw_EXZSGSjgSDVjaJ3wks2m8n4KXgtFfAxJVVWImzT,It's complicated at first but it grows on you like a fungus.,5,1,2330.102.11198,2023-10-23 17:56:48,,,2330.102.11198,12,False
08c552b8-b3b4-4f45-ad92-63182cf5bd4b,Google Account,https://play-lh.googleusercontent.com/a-/ALV-UjW1PTmZYtp8s83n_spcg_BsBjx8C39kfkgfcE5zARskB2reo-at,Great app to use in your business,5,1,,2023-10-23 03:47:51,,,,7,False
de180c2a-af80-4c04-874c-763477bb5632,nathaniel mackenzie,https://play-lh.googleusercontent.com/a/ACg8ocIFWf5taJ3bAz3cFDkbYMTGFC5D975V6a2AOhWbgUMDtK-cGQ=mo,"uneditable driving time thats not mine, the other eld I was using had no issues letting me edit driving time and wouldnt assign driving time that wasnt mine!",1,1,2330.101.10997,2023-10-22 21:09:57,,,2330.101.10997,28,False
d11dd57e-a2c5-4ade-bfad-b5b85572277f,Robert,https://play-lh.googleusercontent.com/a/ACg8ocJ1AVy34l4Ji_z-AWH-SkQO3ZmeTneTni_Z-sX17Tc76hPMNnLP=mo,👍👍👍,5,0,2330.101.10997,2023-10-21 13:36:29,,,2330.101.10997,1,True
81ada65e-249b-4413-9468-b32eafb4d398,Jose Roman,https://play-lh.googleusercontent.com/a-/ALV-UjV13MobDpvPHY7Z6x-14p1ydGiVqvjggYWvmfRD9qdil0AuXcg,"Needs a lot of improvement ( navigation, accurate speed information, and better assessment on the driver maneuver.",3,1,2330.101.10997,2023-10-21 11:37:56,,,2330.101.10997,17,False
8ea6da46-6f41-4a49-a2e6-56093202b9a9,Allergic Reactions,https://play-lh.googleusercontent.com/a-/ALV-UjU3MVfUX7xsKQq-s6XzWn6sfMt-o5p5Zolz9hEmHIptJ34kXV_JYQ,"Didn't work on pixel 8 pro before update, now it does. Ty devs.",5,0,2330.102.11198,2023-10-20 13:54:31,,,2330.102.11198,13,False
f0ea827c-cdbb-44a0-8344-aab0bf3c137d,Isaac H,https://play-lh.googleusercontent.com/a-/ALV-UjVLCF-74GEt1uCHOBxL-WIUb111wUK80mc46pFRLtjEZCdae4al,I use this app at work. It is easy to use.,5,1,2330.101.10997,2023-10-19 10:06:05,,,2330.101.10997,11,False
01ef398a-89d5-45c7-a4e5-fb5367d3d01f,Jim S,https://play-lh.googleusercontent.com/a-/ALV-UjVeGeuXU7Gc6wJLfo75IpXHVA-deFHH7tx_DaX-TC1EZsAucCb7,App crashes within seconds on new Pixel 8 phone running Android 14. After going around with customer support they determined it was my admins problem. Everybody else's phone works with it. It must be the pixel 8 phone and a compatibility issue with it. Looks like I'll have to turn in the Google phone and get something else.,1,1,2330.101.10997,2023-10-18 08:30:52,,,2330.101.10997,58,False
5b25b1c9-e89a-4c7e-bc8b-a962b2d52933,Wesley Coelho,https://play-lh.googleusercontent.com/a/ACg8ocIcx09hmt65tzeSlVb2PnyRN0M-IuTqwfYo1staGSgn2PRFAw=mo,Smooth,5,0,,2023-10-17 23:14:59,,,,1,True
3a6cb024-7f77-4b73-9628-327101f30059,F V,https://play-lh.googleusercontent.com/a/ACg8ocLzuy8WbSjDuP1jOn-gkaO2JKTMcNdQKkhgzUyDbm3SBiDl9Y4=mo,Works better than PeopleNet. I like it!,5,0,2330.101.10997,2023-10-17 19:48:46,,,2330.101.10997,7,False
5f228354-6e90-4de5-95b6-5078e0ff56a6,Darryl Powell,https://play-lh.googleusercontent.com/a/ACg8ocITeR10D2pRSDh-SIKXir7ZFJjYFW4Wc_XKC84Bx9rn7KMYmg=mo,Not bad for a company trying to operate on a shoestring budget.,3,0,2330.101.10997,2023-10-16 18:43:41,,,2330.101.10997,12,False
2ae92eb2-b43b-437c-b15e-9f28303397e2,Dritan Tony Redjepi,https://play-lh.googleusercontent.com/a-/ALV-UjWQt0p6umY8TDoLUjCAeGfkEjbdQwnTatgS34jL-O6tECKxuRI9,The app keeps crashing on Pixel 8 Pro phone with stock android 14. The issue has been reported but not fixed yet,3,0,2330.101.10997,2023-10-16 15:50:53,,,2330.101.10997,22,False
34e83c50-dda3-4f98-9efa-2b13e98ff9b6,G Boi,https://play-lh.googleusercontent.com/a/ACg8ocKMkdcbI_dmYRD8W4Z4I3-c9ksEhuGtNSk2FBRY8Xy68meTew=mo,App is good. I like it,5,1,2330.101.10997,2023-10-14 02:04:54,,,2330.101.10997,6,False
0109a56e-20f3-4ca5-b1ba-0ca24c1eb3d4,Frank Scott,https://play-lh.googleusercontent.com/a-/ALV-UjXkBEoiRn4Jdyvl-fMQr9D_ZL0VEbM-TNEhQsp4xdW6h4ipjN6U7w,"Saying 5 star, simply because it does itself to be easy to learn fast.",5,1,2330.101.10997,2023-10-13 16:49:13,,,2330.101.10997,14,False
2c44bdb0-d507-46a8-abcc-0edaca8822d8,Scott Macheichok,https://play-lh.googleusercontent.com/a-/ALV-UjVMe7wg3j0CgKaZp6T0tzffK-UvRqEfFameWP8_VzW9e4I1BTYw,App constantly crashes after Android 14 update on pixel 6a...,2,1,2330.101.10997,2023-10-13 09:21:35,,,2330.101.10997,10,False
e312c0d9-1ff6-4466-a534-a29f8336bc2c,Walter Bishop,https://play-lh.googleusercontent.com/a/ACg8ocLMi8uZhV62ibOm3mb6Eg2v7yTBiq41RlSYnKqVERf7Q2sX3g=mo,SAMSARA DRIVE app meets our needs as professional drivers. After working with the app for several days it began to be easy to navigate through. I find that it meets all my need to be in compliance with the FMCSA's minimum requirements.,5,0,2330.101.10997,2023-10-12 22:22:16,,,2330.101.10997,42,False
aaa47574-b863-4a97-8b89-db8b824ab5fb,Timothy Finch (Tim),https://play-lh.googleusercontent.com/a-/ALV-UjURYY4uDY1LRY6xgTrgEIbxJwj92MnguEdI9a68D8JBmGsbVDCpUw,"Great experience and easy interface. Simple enough to operate, and easy to use. Keeps great track of hours and all applicable laws.",5,1,2330.101.10997,2023-10-12 16:15:18,,,2330.101.10997,22,False
158ab596-59b5-4259-8320-8303a2284586,William Barnes,https://play-lh.googleusercontent.com/a-/ALV-UjUUPopCXa4UfzpZvaM7Ab4orIfT_j1Gpp0djFAgFUlJJ8t0MwNR,It works fine but gives me too many driving warnings about going over my driving hours when I've still got 3 or more hours left,4,0,2330.101.10997,2023-10-12 10:02:25,,,2330.101.10997,25,False
6689a327-5486-4b99-9c75-4dce43b7fb21,Philip Weiler,https://play-lh.googleusercontent.com/a/ACg8ocLtEhDBWZDgQ4ZkhXoflNrXqJZiDykICMk14E3gMA3zKumdFA=mo,Always quick and easy,5,0,2330.101.10997,2023-10-11 16:11:38,,,2330.101.10997,4,True
8712e453-5001-405e-a6ea-a1a81ac2dbb1,Darian Howery,https://play-lh.googleusercontent.com/a-/ALV-UjXJS5Sol_HW8T55f3BGxTTbXsvGRx0QIPxz4TMFq0ETaGDtkP0C,Great app,5,0,2330.101.10997,2023-10-10 17:12:01,,,2330.101.10997,2,True
9118c6db-3313-4d0d-9ebd-97c45fa3b6a1,Karl Gaines,https://play-lh.googleusercontent.com/a/ACg8ocIPjV649RyBBDFsxDg9JV5lNPt4ODiyeZojeZh4Pk8lQTQFFg=mo,Easy to operate,5,1,2330.101.10997,2023-10-10 16:22:15,,,2330.101.10997,3,True
d4d53ee5-babd-4162-8880-f8850a9f7733,Josh Rakow,https://play-lh.googleusercontent.com/a-/ALV-UjVyyWntStjrgizzh_OTF095HVsJL4rhoM9CS5ZGM7OxG0nWkYMs,No way this app has four and a half Stars! I don't believe that for a second. Such a terrible app to deal with! Shouldn't put me on duty just because the truck moves around the yard if I'm working on it. Where is the widget? Just like everything else that is federally involved you can't tell me they're not making money so you can't put a little of that back into app development? I bet the CEO is getting plenty!,1,2,2330.101.10997,2023-10-10 15:58:43,,,2330.101.10997,81,False
5f6340af-a8a5-4e55-b501-ae68c491f92d,Rodney Garcia,https://play-lh.googleusercontent.com/a/ACg8ocK7j3rd3JrjqlN4XV2YxsfjjgyrjruP3LZJsru7i7OZHdGz5g=mo,Vary accurate readings,5,1,2330.101.10997,2023-10-09 17:13:40,,,2330.101.10997,3,True
90608133-d378-4c98-a8eb-e5e76c0e8a62,Rich Thompson,https://play-lh.googleusercontent.com/a-/ALV-UjVfxkQlqXLINWSHsRQzFKfE0JsOU1RK6DSN0QjOk5-ZtUJX61ixUg,"Please change the speed threshold from 5 mph to 20mph before switching from ""on duty"" to ""driving"". We are having a lot of issues with driver trying to drop and hook trailers and being switched over to ""driving"" when they're in yard. This is causing issues with the mandatory 30 minute break period.",2,2,2330.101.10997,2023-10-09 14:33:55,,,2330.101.10997,53,False
a0b48015-b673-4633-8caa-98ce714129d3,Leonard Donald,https://play-lh.googleusercontent.com/a-/ALV-UjUE7e6GRLJdm10MzUwCXvqOUqRcEALm94NYXQNnY_xgzWCkV6ys,It's great,5,1,2330.101.10997,2023-10-09 06:35:44,,,2330.101.10997,2,True
e81c591a-62f5-4239-a2ca-ad73b24efd42,Gil Petersen,https://play-lh.googleusercontent.com/a-/ALV-UjUhI0B40nE61uUrDwEE-48i1dbIxgaxhRF7Qrd8EjByfzmzaABn,My employer uses your electronic log programs,4,0,2330.101.10997,2023-10-08 21:18:04,,,2330.101.10997,7,False
52b36b6c-e9b0-4f2d-8aed-2144135b182f,Jassie Singh,https://play-lh.googleusercontent.com/a/ACg8ocIATvsF3WUdNf37uAO3hEvQKBLKZ3m4R_snjE_vZI2KEb5e9A=mo,"1 problem i cant understand ? How to DVIR a new trailer inspection,, how to add without doing the whole tractor-trailer other than that ts been working good, but in some areas its not updating so fast which is normal , all in all iit works fine. Its synced with my phone I use one or the other.",3,9,2330.101.10997,2023-10-08 12:36:01,,,2330.101.10997,58,False
8694fcb5-9f68-4236-a661-1332dcca58c3,Lawrence Taylor,https://play-lh.googleusercontent.com/a-/ALV-UjUBAUSw7gqDmqpGAt9gMgjPox3s21U54pnMLog5TPuIFfB82Mcz,Very glitchy. Have had to uninstall and reinstall it several times. Keeps changing my duty staus whenever it wants.,1,0,,2023-10-08 12:07:15,,,,19,False
92355d64-5aa7-45e0-af5e-f481d021bb69,James,https://play-lh.googleusercontent.com/a-/ALV-UjV-ehLUZ1nrvepwHsuNZJsXRWX5hhcLqgzi755MGWTqcbRL8_88vg,Many many issues with this app. Keep Trucking/ Motion is a far superior elog provider.,1,1,2330.101.10997,2023-10-08 11:36:28,,,2330.101.10997,15,False
e662b7c9-1a46-4410-a2e3-8f2269110bab,Kevin Taylor,https://play-lh.googleusercontent.com/a/ACg8ocK-aBpma6LJKsOvOFq1_KOsRyt3lK1UXfWzhEnV16n3wrOx7A=mo,Awesome,5,0,2330.101.10997,2023-10-06 02:49:59,,,2330.101.10997,1,True
5b0d9ca0-a221-499e-8fa3-bf28d4f660e3,Audwin Meekins,https://play-lh.googleusercontent.com/a/ACg8ocK8nXbYHUeqPIxXzYVqQGZqqQjc1QsvxY0EFniDd-e4FUK1HQ=mo,The system is easy-to-navigate.,5,0,2231.100.9874,2023-10-04 17:05:24,,,2231.100.9874,4,True
1ce2f352-b0e9-4426-ad97-9e2ede0d8601,Greg Calleia,https://play-lh.googleusercontent.com/a/ACg8ocIiUtTkqu2S27MorxAARWt88X89OYQ8S3J378dhbzko9UClqg=mo,All good,5,0,2330.101.10997,2023-10-04 16:04:08,,,2330.101.10997,2,True
ed87b80a-a2e8-4065-bcdb-077ee92f9d9a,colten thornton,https://play-lh.googleusercontent.com/a-/ALV-UjVZotE3fkWUngPX_ww5UC_lw73ae1giPXWjd5FEJx2LY-i3tjXN,Fare,4,0,2330.101.10997,2023-10-04 15:35:08,,,2330.101.10997,1,True
ce3ef02a-9673-41e0-a7dd-3950a54f008b,Melisabeth Rodriguez,https://play-lh.googleusercontent.com/a/ACg8ocJBLzaPjLbjGvEmY5FqQnetBV2CgCTaZDhbQSgVNUcBP77L4w=mo,Easy to use,5,0,2330.101.10997,2023-10-04 13:56:11,,,2330.101.10997,3,True
422839bc-923f-45c2-b573-39152351cecd,Paul Bramer,https://play-lh.googleusercontent.com/a/ACg8ocKCoLBQgERfnqSmCvPjE-12aC96aKlh4MQGmAmk8Mi0_Nl9rg=mo,Smooth so far!,4,1,2330.101.10997,2023-10-03 15:31:01,,,2330.101.10997,3,True
4c5ff0c4-8460-42b9-b254-f738ee7fef63,Craig Beltrame,https://play-lh.googleusercontent.com/a/ACg8ocICXBY2WHJ1B1UBJHDYVOkTaNImHw3nAEu_VcB9E1aFi6kXpQ=mo,Always wanting me to update This app sucks I have updated this in the past and nothing good comes from updating it does not make it better it makes it worse,1,1,2330.101.10997,2023-10-02 23:27:02,,,2330.101.10997,31,False
4e94fb61-ab35-4aa7-b394-f1e7b6a4005e,Sage Hopkins,https://play-lh.googleusercontent.com/a-/ALV-UjUEAAwCweYhA4zieVG_NMdClzVJpZFYukoFWmBDPqnIMq_-jPM,Great app! Super easy to use and navigate!!,5,1,2322.100.10778,2023-10-02 23:04:48,,,2322.100.10778,8,False
0d334bcd-6387-4188-9bf1-a90f9021a766,Kenneth Johnson,https://play-lh.googleusercontent.com/a/ACg8ocI8UaEGJqhd3UJYGFc9OXz73EBqBJMbX2c690G69LU3shJ3=mo,Good,5,0,2330.101.10997,2023-10-02 22:21:26,,,2330.101.10997,1,True
3f907e87-2675-482a-8e93-41e38c730c31,Hiro F,https://play-lh.googleusercontent.com/a-/ALV-UjWBMpWqJDGuKSAZeVj7I_srYidImwEWiM6OBLnZkTiPUsTJcaF4,App keeps crashing!,1,0,,2023-10-02 14:32:09,,,,3,True
2db395b0-10e9-49a7-82fd-f607a41e34bd,zombie king,https://play-lh.googleusercontent.com/a/ACg8ocJW-AVz8IKJj7O9zbE-wJYCW24LdjScBq5C9meBBR8tfFStoyc=mo,This app I'd going to cost me my job with all there glitches I says I have drive time when I don't then I end up going into violation and don't know it until the next day,1,0,2330.101.10997,2023-10-01 10:45:16,,,2330.101.10997,37,False
cd41b48d-5724-4fe7-8c30-d02c8030534b,D Romero,https://play-lh.googleusercontent.com/a-/ALV-UjWOzd5ltgfDqR8_buzXpq83YQVs7VjeqZeExN8JW-zNlLnjxBXkJg,Excellent items,5,0,2330.101.10997,2023-09-30 02:06:53,,,2330.101.10997,2,True
1b64ee32-4ad4-4c75-908f-d336115d4eab,Rickey Jumper,https://play-lh.googleusercontent.com/a/ACg8ocJS-pmgCmYmPv0fhrfattiUZK3qBGZrQsKF50vdoWV9ttz48w=mo,"I have used the app for a long time with the same company,on my tablet. But I took a year off. On that I'm back the app doesn't want to work on it. So I uninstalled the app so I could download it again but now it will not download on my tablet. WHY not? Please help me! This is the only eld app that bigfoottransport uses, so I have to use it.",5,17,2330.101.10997,2023-09-29 15:59:42,,,2330.101.10997,73,False
b361bfa6-05e6-4e97-9d75-acdb16038d03,Ruben v.,https://play-lh.googleusercontent.com/a/ACg8ocKOJ1iOsSFnr9qMe7D1t2yDmznUE6z7Tmky-ug8zifffXW3Yw=mo,Very good app,5,1,,2023-09-29 14:31:38,,,,3,True
24b8ea0f-a6be-4149-b51f-00a1d93d93db,Derrick Chapman,https://play-lh.googleusercontent.com/a-/ALV-UjWWuQxogLLFcGYmHopxJkBb_Lhw3eDF0UO1bRFmfrtl58vQ4aM,Much better than Qualcom,4,0,2330.101.10997,2023-09-29 06:26:27,,,2330.101.10997,4,True
652f110c-59e4-41fe-983e-debe2a0e5ad8,Timothy Lucero,https://play-lh.googleusercontent.com/a/ACg8ocIFQUDubl4Y1sA1AJyrWp6R22wDEPoQ3T5QPE7_2GsMGLIzx7A=mo,Stuck on installing new app screen,3,1,2330.101.10997,2023-09-26 20:21:09,,,2330.101.10997,6,False
b6b01bf7-c91d-4c83-8c1b-93f77d9fb7b6,Kevin Parker,https://play-lh.googleusercontent.com/a-/ALV-UjWj2tRpIn9rbg79PjARaXzYI7FXC0ZvKvBZFyJxpeDrv3juMSKB,Works like its supposed to,5,0,2330.101.10997,2023-09-26 16:15:31,,,2330.101.10997,5,False
06550052-fc4f-4ea8-905b-67e5418279d4,Kevin Lamont,https://play-lh.googleusercontent.com/a/ACg8ocIApEokENCmTJLqjrifT_GLN63nULOJEyyRUZm5ENa9OipsdA=mo,Very easy to use,5,1,2322.100.10778,2023-09-25 20:07:26,,,2322.100.10778,4,True
5e938ad8-cbb6-475f-882e-d23f3055ccdf,Mason,https://play-lh.googleusercontent.com/a/ACg8ocIP34z957JEq634zEvh3HVUz5noGkgxf95pVNKI6f9C0GYuxQ=mo,Excellent,5,0,2330.101.10997,2023-09-25 19:47:56,,,2330.101.10997,1,True
ab8a3587-874e-42fe-b853-c057615610c4,Denham Black,https://play-lh.googleusercontent.com/a/ACg8ocJYDPSGVVYSpXqR_KiPqN8aJISIghxoeYTah-WIO1h65GBoOw=mo,Cool thanks,4,0,,2023-09-25 19:16:18,,,,2,True
7eadf1d3-5e6e-456b-a33f-ee696cb6ff0d,Gary Good,https://play-lh.googleusercontent.com/a/ACg8ocJhGnTqBH2vtu6kJGgX5he5fseq0G7QqkOIuxZ-4ydlV6t5bnc=mo,Keeps you on your toes,4,1,2330.101.10997,2023-09-25 17:12:34,,,2330.101.10997,5,False
860aba26-f0ff-492e-b0cd-97b4a94577aa,Philip Trask,https://play-lh.googleusercontent.com/a/ACg8ocLHa1Ge0tBXyRw85_IgeeTHxz60ePN4DC-eYG6zkr6gKA-aKQ=mo,"It's way to quick to put you in drive time, also having to choose to stay in yard moves is ridiculous, I can understand when your in pc mode but when your in ym that's ridiculous. By the end of the night you have 5 or 10 minutes less than you thought you did of drive time.",1,0,2330.101.10997,2023-09-24 06:02:01,,,2330.101.10997,57,False
14ff18f5-4040-4d22-aed5-386d250a951f,Enemy,https://play-lh.googleusercontent.com/a-/ALV-UjV2n51jPq1K-gC4yF6n2YQttfcSJj9gb6G4oTbgg_tkXyX3sx7MZQ,"Electronic log app. The biggest problem I have with this app; This app is supposed to keep us compliant. It should alert us LOUDLY AND COME TO FRONT (even if we have other apps open) when our shift times are getting short. Like an alert and pop to front of screen at like 30 minutes then again at 15 and 5 minutes. Not just put a banner at the top of the screen. A loud alert and force the app to the forefront. Also, sometimes doesn't accurately display remaining times.",2,37,2330.101.10997,2023-09-23 22:37:17,,,2330.101.10997,90,False
9d4cb07d-0d1e-46ec-8b18-a78d8af82e0f,Angel Cor,https://play-lh.googleusercontent.com/a/ACg8ocKqKwbATwSXLrMGzvA6Axp7kwnYP59Z2ME_bdyVdSD-B0drw_I=mo,"Some programing errors, they don't read comment's",1,0,2322.100.10778,2023-09-22 18:50:30,,,2322.100.10778,7,False
8a7eb5e7-ca59-4aa5-a697-07cfc41bc3e5,Supercaro L,https://play-lh.googleusercontent.com/a/ACg8ocJduNMDLcHZHnUAqlgK-oBfbJNfJ-4SDstGUSgOUz2PEfzcohI=mo,It's not even legal! There's no place to write from where you start to where you're going. It doesn't switch to driving when you get to 5 mph. You can't sign your log or inspection. You can switch your status while you drive. Somebody can claim your truck and trailer even if they are 300 miles away from you. There is so many problems that I don't know how the got the dot approval. I wish my company would have stayed with motive at least it was working and we could call them 24/7 for support,1,2,2330.101.10997,2023-09-21 07:39:09,,,2330.101.10997,96,False
85cd7113-0ddf-4e34-92f5-e72a0e75f7f8,fuad yahya,https://play-lh.googleusercontent.com/a-/ALV-UjVFMD_u9oUzvtbB_ZEMFIZ3sn7C4aVvLwaXF2SXb5botpWKc59Mhg,Good app,5,0,2330.101.10997,2023-09-20 12:31:58,,,2330.101.10997,2,True
c3ffe4f6-28ab-40c1-989d-b6862db689e2,Kenneth Mitchell,https://play-lh.googleusercontent.com/a/ACg8ocJJAj7mprJeslhqEJk9BHrwxLejwnjsxRdJCC9W-0Y7pyeL2A=mo,Good stuff..makes work easier and convenient,5,0,2330.101.10997,2023-09-20 00:23:34,,,2330.101.10997,6,False
b3b1e733-c88b-4d48-b708-6d9b6209f6f6,Mr. D. Cortez (Coretz),https://play-lh.googleusercontent.com/a/ACg8ocITlyUTAIdoCL3Z-Sa98PXNdGkrCbyMtvZCrQxaQLcYJKFqm5qK=mo,"The camera refocuses while taking a picture, the app sometimes kicks ya out even while driving, and now I can't login or reset my password. Also, if you leave the app, even temporarily, while typing or submitting a report, it doesn't remember what you put and I've lost entire documents just because I had to reply to my boss in our messaging app.",2,6,2330.101.10997,2023-09-18 08:02:34,,,2330.101.10997,63,False
2e5e51f2-4453-4368-b991-c2ad3e522d70,Will Hugh,https://play-lh.googleusercontent.com/a/ACg8ocJ9UVyoRDav2tXm93oO_w034soHvL6K3klfAqNt7cIVUrQsT8o=mo,Switches my duty by itself. I select sleeper and I'm on duty the whole . I'm on personal conveyance it's on drive This really sucks for us drivers that know how to run ....,1,1,2322.100.10778,2023-09-14 13:14:33,,,2322.100.10778,34,False
d3cee7dd-029f-4126-b2ed-30096c92669a,James Fitch,https://play-lh.googleusercontent.com/a/ACg8ocKJogg70kmvqvJnywq0Dcdc6dvXCjkz06niwFnJ0S1vYFPNKg=mo,Good,5,0,2322.100.10778,2023-09-14 04:52:09,,,2322.100.10778,1,True
eb9f45f0-6584-48a1-b7e7-02ef57c53938,Martin Godinez,https://play-lh.googleusercontent.com/a-/ALV-UjUFdtLiaEMggg7mGWSTEneaDA8i5z8KVAte3hlr2c_si3VosqXXgA,"Please fix the app, The sound notification permanently stops my music playing.",3,1,2330.101.10997,2023-09-13 17:25:00,,,2330.101.10997,12,False
aa69f741-bef8-408c-ba76-bd04368f67ff,Jeffrey Johann,https://play-lh.googleusercontent.com/a/ACg8ocIiFFNP1s23hlR5_GNLcHlkuMNdSF1s6qEs4P3s-7Xc9w6wSw=mo,Much better than last system,5,1,2322.100.10778,2023-09-13 14:54:55,,,2322.100.10778,5,False
1ebe76c1-b5d2-45cd-b834-54467e8ab816,J.B. Browning,https://play-lh.googleusercontent.com/a-/ALV-UjVn1DsItP5NHiBUtim8zETzZ3FZHTWVXvNcaIda9-XolJTIOqbY,"Trash app. It doesn't matter what you select on it because you get a random outcome every time. Leave a drive team? Yeah, good luck with that. That's your drive team til you die. Sign out and log out? Well, you're still on the clock and now you're in violation. Just God awful.",1,3,2322.100.10778,2023-09-12 19:55:34,,,2322.100.10778,53,False
c9602353-4b6c-4197-b3ab-6cd53cf98e48,Iohannes Donald,https://play-lh.googleusercontent.com/a-/ALV-UjXL564Q8QrSeSflK17D6Hs_-HEVmb9yxHb5Fc4QQ5Nle3rWq_Q,Digital log book is nice... except for when you forget to log out for the night. Your down time gets held against you. Until you do a correction the next day.,4,0,2322.100.10778,2023-09-11 21:17:12,,,2322.100.10778,31,False
b7b475f5-8dfc-4503-bd10-50f588209c85,Packman Dewitter,https://play-lh.googleusercontent.com/a-/ALV-UjUctfYA3XyKCdd9pUyY-Bm9zzo8Gk_lpfG8A-IZmdyhoDyZTBM,A good way to make sure the vehicles are safe on the road and assure if somthingn neds to be fixed it will get imediate attention still learning it it has some draw backs though,3,0,2322.100.10778,2023-09-11 16:35:29,,,2322.100.10778,35,False
0bfb116f-679e-4aee-9dfe-32b7fc6f4000,Jagdeep Singh,https://play-lh.googleusercontent.com/a-/ALV-UjVvZvC1rGindQ6-WTUl6jTF2_JRExaPg5BUOq7TJIJf-w9Ppm7J,Theek aa,5,0,2322.100.10778,2023-09-11 00:15:55,,,2322.100.10778,2,True
6bec2de2-1287-41fa-a73d-825b1973bb3b,Eliam Adja,https://play-lh.googleusercontent.com/a/ACg8ocJmNUwu3EfhS7-DF4NiDEzRY8B-IWV1HMvHADbQKog_pozaSb8=mo,Very helpful tool,5,0,2322.100.10778,2023-09-10 14:59:48,,,2322.100.10778,3,True
cb9e6813-a3ce-436f-add9-46ebcf15bec7,Trucking Company,https://play-lh.googleusercontent.com/a/ACg8ocJ1TY8G2-NyoiX7ldCygrmACmkKBskdYEwRcwd87EHmig5mgg=mo,Good working,5,0,2322.100.10778,2023-09-09 13:45:14,,,2322.100.10778,2,True
ba6fb261-55e1-4b6b-b73c-131771563dad,Stanford Baddley,https://play-lh.googleusercontent.com/a-/ALV-UjXkTlYjjpUJFmj7adqDqXzKukpODF-ZlarfC7-bk1-2P9YvYMc1pQ,"Easy to use, eliminates the need for paper logs, makes life so much easier. It's like that old Ronco Showtime Rotisserie commercial..""Just set it and forget it""...but remember to log out when you're done. Lol.",5,0,2322.100.10778,2023-09-08 16:20:04,,,2322.100.10778,35,False
978d7ca1-f401-4906-9ccf-e5c82094e226,Mario Cervantes,https://play-lh.googleusercontent.com/a/ACg8ocL63zmMvol3CgXyYQ5pA7Rac7gSORa0BLHBeXuNoiSpoFz8aw=mo,Fantastic,5,0,2322.100.10778,2023-09-08 15:09:13,,,2322.100.10778,1,True
e758222a-64ff-42bc-813d-fb6680455d38,Tony Bambus,https://play-lh.googleusercontent.com/a/ACg8ocK1yj0oPALXLtkzq0_AAlKwhk57d6t12vxCA2_xevYjyVpbhh8=mo,Easy to use.,5,1,2322.100.10778,2023-09-08 14:09:59,,,2322.100.10778,3,True
1569edfa-ca68-4ed8-ace3-30876e00ed59,Brett Robert,https://play-lh.googleusercontent.com/a/ACg8ocIpv3tEJrMSVJ-FwKxcrBkj-pAo27Tf-RsDvDIFMckauqm4Fw=mo,Great app,5,0,2322.100.10778,2023-09-08 01:50:40,,,2322.100.10778,2,True
f1000539-d85b-40df-8d0e-f939d49e096a,Tracy Quinn,https://play-lh.googleusercontent.com/a/ACg8ocIIxQL1ZwD_ADr89aAJkvMv3EN6qsPC8VG9hUR1yjXxoajf1g=mo,I got cited today because your app is not transferring the milage or engine hours when the DOT transfered my logs. They also say the version I'm using is out of date,3,6,2322.100.10778,2023-09-07 21:20:49,,,2322.100.10778,32,False
f6e23bd6-ba70-47a2-b451-9c2b4f77eb64,Ty Frederick,https://play-lh.googleusercontent.com/a-/ALV-UjVcuWuDqrtJdcEaAcbnZb-pldTFEBvRHVaWKdfMmFa22z1HEJ5x,Best Ever,5,0,2322.100.10778,2023-09-06 23:30:06,,,2322.100.10778,2,True
824cfaeb-b77a-48de-b203-555f0c45cc12,Jack West,https://play-lh.googleusercontent.com/a/ACg8ocLXtpzggewTK3BopY2hD4jOSLMp2D4_tm8f7PgPsKj2QvwS0A=mo,Experience has been good,4,0,2322.100.10778,2023-09-06 13:11:51,,,2322.100.10778,4,True
178417e3-b558-43cf-8abb-ff775ec599b9,Oliver Hedrick,https://play-lh.googleusercontent.com/a/ACg8ocI9NBEfJLgjhUtmoyqJvbJ6oM5UvbLBwn0y1izxH7RKntLuGg=mo,Good,5,0,2322.100.10778,2023-09-04 22:40:26,,,2322.100.10778,1,True
49cb16fa-6198-4473-bc5f-f639733d128f,Chris Walls,https://play-lh.googleusercontent.com/a/ACg8ocJnj-1X4HK7BbUzO6MDzcIonnYKl_6-w7_7A5HmWfruxvc4Cg=mo,Simple and easy to understand and use.,5,0,2322.100.10778,2023-09-04 14:06:25,,,2322.100.10778,7,False
a3a630c1-87c4-46e2-8d6e-a97cca98e177,Pinkett Levfines,https://play-lh.googleusercontent.com/a/ACg8ocJY9eAId83PHIlCXzX-2Q61I8PrxuNF7i5l3yYSaehBffQYjRk=mo,Take getting use to,3,0,2322.100.10778,2023-09-03 02:16:12,,,2322.100.10778,4,True
0e78d2e4-38bc-4b19-aa5e-7148f47b91f4,Zach Allred,https://play-lh.googleusercontent.com/a/ACg8ocIfkTcL8suJjiW7lFQ_6hS-TnhCoxCzVtIGtVogLcOwEZXwTw=mo,This app brings down my stats when I ride with someone else . Even when I'm not logged into the vehicle,1,0,2322.100.10778,2023-09-01 05:28:57,,,2322.100.10778,21,False
6c1b2a69-4782-46c9-b2f5-9b734d988cc7,Khanh Ho,https://play-lh.googleusercontent.com/a-/ALV-UjVYXSUjyvpthsIwNHY_YdXrb-L1RY8QgZiooBLa2QIwKnDMBBtJ,"Be careful with this service , you can't cancle the plan even you don't drive anymore and they still want to took your money ( for example : if you buy the 3 years term , you can do monthly or yearly payment , you use it for few months, don't like it or don't want to use it anymore , they still charge you until the 3 years plan end ! ) Good luck you guys",1,2,,2023-08-31 04:16:21,,,,77,False
74c33d37-8a16-4131-92d1-c25f59c380a1,Oscar Cesena,https://play-lh.googleusercontent.com/a-/ALV-UjW8ZzH3-cnYoNmzpHGGRhPoVV5MCIpQhFHadC92Gto_6Cuy2W9dqg,Keeps me on track,4,0,2322.100.10778,2023-08-30 20:17:52,,,2322.100.10778,4,True
2e14ce99-9762-4081-bd9c-af9d88c09f2c,Max Wallace,https://play-lh.googleusercontent.com/a-/ALV-UjUdBSjbQUnsGk7HER0e0PR9TH67McU60kL_62V96_4DiF-Nh-hBIg,Great app,5,0,2322.100.10778,2023-08-29 15:13:31,,,2322.100.10778,2,True
fcf0bc3e-d14c-4c4e-8ae4-c0ea7b702837,Terry Williams,https://play-lh.googleusercontent.com/a/ACg8ocJs8pB0ZyHel0-FJ7ZfjeHSv1cuN4-Xrzs0SPWeEgGcXMtQeQ=mo,Best ELD for owner ops!,5,0,2322.100.10778,2023-08-28 14:19:12,,,2322.100.10778,5,False
7bd87c3b-31bf-4d02-9512-2b8a596bb05b,Arturo Contreras,https://play-lh.googleusercontent.com/a/ACg8ocJqpx7ZIW8dEupHvUD1Bc5ED5dW1z6MFQ7I3w977SML_VO1=mo,Great,5,0,2322.100.10778,2023-08-28 00:33:25,,,2322.100.10778,1,True
c6863e00-489a-428a-b5d1-a8d9e022f3fa,Angela Sawyer,https://play-lh.googleusercontent.com/a-/ALV-UjVDNT_QzHBNk_nxro23lWaIgihoamMe46ocfqcSbINouG8v3wy30A,"Great app, easy to navigate",5,0,2322.100.10778,2023-08-27 21:10:27,,,2322.100.10778,5,False
50619d79-5c8d-4176-8786-e91e31ade57e,Juan Lazo,https://play-lh.googleusercontent.com/a-/ALV-UjU2J3uBO-8djRGzpO-7yBVr4orI7YtolMti0xxB4btWvqdSC14,Awesome,5,0,2322.100.10778,2023-08-26 06:20:32,,,2322.100.10778,1,True
94f56b40-bbc3-4ee5-b796-835d54ccb990,Bob Shipman,https://play-lh.googleusercontent.com/a/ACg8ocJyMbUs-3Uv6eARdTWv-w0gq22407MMKLSfKyF2psljT0Praw=mo,Easy peesy chocolate and squeeze! No really its is obvious a driver or two had something to do with this ELOG!,5,0,2322.100.10778,2023-08-24 20:04:46,,,2322.100.10778,21,False
f8fd7a7b-c470-49e9-b85a-4a217d9da7af,Boris Rivery,https://play-lh.googleusercontent.com/a-/ALV-UjXTIc04sRt7D9IjYigA86LLTqI4FlGMO_ROpRab2GFj-4ZA-oPT,Great,5,0,2322.100.10778,2023-08-24 10:49:58,,,2322.100.10778,1,True
49789bab-a882-4285-9009-177793fbfd6c,Tony King,https://play-lh.googleusercontent.com/a-/ALV-UjV3JxwA8VsWeI8kcf25zk7M7Sdn8t71gkMgShBk7KMMAZzxXz-v,Love it!,5,0,2322.100.10778,2023-08-24 05:21:08,,,2322.100.10778,2,True
d268e1cc-002f-4cbd-9ecb-92a7f5bc33ed,Anthony Huntley,https://play-lh.googleusercontent.com/a-/ALV-UjXjkBpFCZZrfHRKmvAhEgDqlCkWNXV4sDzmtElXRpMGhdS1UZ0M,It works,4,0,2322.100.10778,2023-08-24 02:52:12,,,2322.100.10778,2,True
6a157701-881a-4dc4-aec3-68e65e611120,Richard Montalvo,https://play-lh.googleusercontent.com/a/ACg8ocJsumKiiuPGSgWur2gCnxCx4VZkkaw_tJF5Tn9SZymeb6AO3Q=mo,"To complicated,and you have take pictures on pre trip and post trip Avery day.",1,0,2322.100.10778,2023-08-23 21:57:31,,,2322.100.10778,14,False
8fc032e8-324d-44a7-9ac7-012c899dc555,Dorion Hurley,https://play-lh.googleusercontent.com/a-/ALV-UjVHP5X6dUk0dTSrQnrSugvoNLhxKhu4uETB-imnErAaOzJkaJkYow,"It doesn't seem to work properly on my android. It loses any progress if it isn't fully completed including losing the pics taken by the app. Where do they go??? Not on my phone anywhere, and I don't like that.",3,1,2322.100.10778,2023-08-23 13:05:54,,,2322.100.10778,40,False
e4a0c372-9777-4cff-9f6f-5d8d4698f089,Aldo Korrodi,https://play-lh.googleusercontent.com/a/ACg8ocKN_R_Ch-YRKZq2aaJ79ksmJxc6TsDU-me6LKNgw9xzeyrLog=mo,Buena,5,0,2322.100.10778,2023-08-23 02:00:34,,,2322.100.10778,1,True
06d54bd2-96a8-4175-bbe1-7c2aff781620,Xavier Sheppard,https://play-lh.googleusercontent.com/a-/ALV-UjUw4HcgrqjSeLQABnOVecF2mN6AkyeHNgLfqDM6T2fp75XBYxEQ0w,Great app,5,0,2322.100.10778,2023-08-22 20:20:29,,,2322.100.10778,2,True
aeccf459-3fab-4f9e-b750-98fb9e79aaf7,gladis garcia,https://play-lh.googleusercontent.com/a-/ALV-UjUY_HYkmcJnKDjHFXUAjxRRpBDfIIn7XXzQDxMXDFc51fGpIEhH,I like how split sleeper works.. especially recap hrs...I don't really understand how they're calculated but samsara knows how..☝🏻😀,5,0,2322.100.10778,2023-08-22 16:54:09,,,2322.100.10778,19,False
02252a6c-3eb5-4e09-aafa-4b5449b6f602,Denis Botnaru,https://play-lh.googleusercontent.com/a-/ALV-UjUSR8k_iZS8EpYc8Yj_q9UBEZkaWGwLJMIRbx54eSp4f1tVZB1-,"The app had a glitch, you have to reinstall it, then the update kicks in... still so many things could be done better and simpler",1,0,2322.100.10778,2023-08-22 10:59:22,,,2322.100.10778,25,False
903d0f79-5236-4c0c-8295-c0a7bf08ed18,God's Given Gift. CDP Loyalty Honest Respect (Tutankamen),https://play-lh.googleusercontent.com/a-/ALV-UjUq5znFaG3Mi3jif628X3r5neZAun6Fqa0yxiwb1J2keXi7HVabFg,Way more simpler and convenient for us drivers,5,1,2322.100.10778,2023-08-21 19:25:41,,,2322.100.10778,8,False
5f76bd5e-9ec4-4528-bb02-9f3b1a5b1ddd,Shawn Emond,https://play-lh.googleusercontent.com/a/ACg8ocLzOMmaml0g2LvVPHyqbEzPxv7yTlNnHtEEQX7yMkg370imEg=mo,Easy to use and great gui,5,1,2322.100.10778,2023-08-20 14:46:17,,,2322.100.10778,6,False
e7836285-e274-4bcf-a559-151c83fcb147,Samuel C Phipps,https://play-lh.googleusercontent.com/a/ACg8ocIquKUbdGyROYr6Li4GY8pxVEDjfqNQLrSVoInWU9cTfYoQWw=mo,Relatively easy to navigate(Driver Friendly),4,0,2310.101.10387,2023-08-19 11:09:20,,,2310.101.10387,5,False
2c59f533-112d-48a0-8b35-0d834444eae7,Richard E Philemon,https://play-lh.googleusercontent.com/a-/ALV-UjVB_qMK6pstwSFrMRcels3qYTTjz3Juc_sDaZUQn7auoUNlCJTk,Its Worthless Wants access to my private contants and private files It's a cheap version on ELD Crashing misleading info I hate it,1,0,,2023-08-18 16:20:04,,,,23,False
be630758-d6b7-4d85-9402-f378aa141d8c,Fields Ketteman,https://play-lh.googleusercontent.com/a/ACg8ocLKlETJszXBV7qwrpOJcWxlY5019jaYolLTTVuYuFmFhUi4Bw=mo,Terrible app!!! Eld system is terrible and I used motive and had no issues at all!! But new company I'm with use this and it sucks!!,1,1,2322.100.10778,2023-08-18 13:41:04,,,2322.100.10778,26,False
1b71aebf-1364-42c7-9629-1790f9547f1a,Tonia Strong,https://play-lh.googleusercontent.com/a-/ALV-UjW6A3t0TtcSucQnXbomBQVLLp5mu-97QNpd0u7tyXWjGtkyEJYw,"This app is designed for the middle-management control freak who needs to feel like they drive the truck from the top of Mt. Olympus commanding his/her minions to do his/her bidding. If you're intellectually honest with your need to control and/or dictate someone else, this is the app for you. If you're a person who didn't get a desk job because you a) expect adults to know or do their jobs or b) you're over the age of 4 and do your job without hand holding, this app sucks. Good luck. God bless.",2,5,2322.100.10778,2023-08-18 13:26:45,,,2322.100.10778,93,False
5e72f5ed-bf74-4e8c-a8db-23cff5f2b1e9,Dave Engel,https://play-lh.googleusercontent.com/a-/ALV-UjWrl2mv_jj99Ami1lXWlVi4L-Bg1-S3U0hCzDiWz25F2J2XNmobYg,Easy to operate,5,0,2322.100.10778,2023-08-18 05:24:14,,,2322.100.10778,3,True
6f7391b8-f6bb-4476-9e3e-d94554a99f83,Josue Alonzo,https://play-lh.googleusercontent.com/a/ACg8ocK8U2B1V7kV1tDnY8b8gUiiszGD_Qt9KEO5OT7BKJvuDCcF1Q=mo,This is a great technology for our fleet,5,0,2310.101.10387,2023-08-17 10:54:52,,,2310.101.10387,8,False
c3bac73b-6a27-447a-b5bb-e774d783edb7,Josh Ferrera,https://play-lh.googleusercontent.com/a-/ALV-UjXoiAig_M8LMbU92Wg6lQt9y0uj9q0DbF27Kgw1btvuWAQ5b2p_vw,"No way this has 4.4 stars. The app frequently notifies me of impending violations while Im off duty. Sometimes it just won't track auto driving. The help line said ""unplug it for 15 minutes then re plug it."" Uh what? That's not a solution if it keeps happening. When looking at the safety reports it claims I crashed my truck. Pretty sure I'd have noticed. Worst part is the random switching from PC to on duty driving. Very frustrating. I want the rand McNally back.",1,79,2322.100.10778,2023-08-16 00:59:07,,,2322.100.10778,85,False
8aca82d7-a2b7-4467-b848-b7943db85e9c,Fatima Rhynes,https://play-lh.googleusercontent.com/a-/ALV-UjWhnySGTTpPSRwBgHOTisDnqMen1E6NmUcEfei-5z7rsQ43KtoM,"The all in one app is excellent. You do inspections, pictures, hos, dvir, etc in one app. Easy to use and as accurate to the T. I recommend all transportation drivers to use samsara.",5,0,2322.100.10778,2023-08-14 16:35:35,,,2322.100.10778,34,False
645fca60-18d5-43b9-85d7-b1e8a04f6827,Mary Hawk,https://play-lh.googleusercontent.com/a/ACg8ocIDK_HsP_Jq5C3AnTIXMoynXV7DQBrcCUq98nmAIQb2Mlem7g=mo,Easy to use.,5,1,2322.100.10778,2023-08-12 03:55:09,,,2322.100.10778,3,True
d689ea97-4e6c-4040-b13f-cafff9bfd186,John H Robinson iii,https://play-lh.googleusercontent.com/a/ACg8ocLxyikxwc9LxVL_23ENOxiQohEaVqGaRkTUt1tkThlfisHCgg=mo,great app,5,0,2231.100.9874,2023-08-11 20:07:57,,,2231.100.9874,2,True
e976f409-c59a-4c5b-bff4-ca232652cd6b,Excel Employee,https://play-lh.googleusercontent.com/a/ACg8ocLVzQ7mno_FCSW_YCYTp1C_YBOGIZJl_Gca-IR2CazvrXRgBw=mo,Excellent,5,0,2322.100.10778,2023-08-11 06:25:08,,,2322.100.10778,1,True
dfed50ac-8627-4f34-95c4-f88dcfe4bfd1,Emery Miller,https://play-lh.googleusercontent.com/a/ACg8ocI2un9sff_Hxtf1tmgoxtjJGFFFWNSGo9kqBEnMG4qWoK94eg=mo,Easy to use,5,0,2322.100.10778,2023-08-10 14:07:52,,,2322.100.10778,3,True
d44f458d-122e-419c-bd7c-dfbf814791dd,Xhevahir Mazari,https://play-lh.googleusercontent.com/a-/ALV-UjWszud77RPfa5Qj_HICH3oUWcDj07koHlp35-J3me-Ey2Hbob0,"This app brings slow to a whole new level. It's tedious slow dumb unintelligent stupid and unresponsive! I'm out of adjectives now. Bad, really bad",1,1,,2023-08-10 12:00:49,,,,25,False
7b9cd27b-8901-4e5d-b94d-1885efbab427,Nikk Walsh,https://play-lh.googleusercontent.com/a-/ALV-UjU9F6lOepO1TCkQmEptc9_BHMkwudY1O5Ua2kN4qIqLY8NsPq1S,"At first, I had some minor infractions due to inexperience... But as I get more familiar with it... I love it... no more paper and rulers lol",5,0,2322.100.10778,2023-08-09 23:54:39,,,2322.100.10778,27,False
75ff3c3c-d49b-486a-a4a4-e1095f9ecc65,ali Imran,https://play-lh.googleusercontent.com/a-/ALV-UjUcyg1nJAqHej2Gw8oMD1G-BIuIA1rWA4JMuQfhXATBsJI0LXLb,Worst app ever.,1,1,2322.100.10778,2023-08-09 16:15:12,,,2322.100.10778,3,True
ab1f183f-851c-4e08-bb9f-c55d2b92426f,Michael Ridley,https://play-lh.googleusercontent.com/a/ACg8ocJNFWCdNIMRnpF6o1PhG4r7yJcGPiw0u_D8wx4_CtTQD7Sy4w=mo,Good,4,0,2322.100.10778,2023-08-09 07:48:35,,,2322.100.10778,1,True
22748aa7-0f85-4635-bcf8-18fd4e628434,Gregory Dillard,https://play-lh.googleusercontent.com/a-/ALV-UjWoixdPZJP1ukXcz2UDTOXU7QQJc7IArOGNDZpwgASLBUkpWHdy,Awesome app!,5,0,2322.100.10778,2023-08-08 14:59:12,,,2322.100.10778,2,True
49c0fd32-a24f-4351-8bd7-47d308924149,Ronnie Dennison,https://play-lh.googleusercontent.com/a-/ALV-UjXK8wAQvf6CtNsTy0bDFN8nl9s_MKRsMtnWIt7Ps_gqY1LQLLg,Love it,5,0,2322.100.10778,2023-08-07 19:32:39,,,2322.100.10778,2,True
279d86f7-c0df-4968-b55b-ceb3fada26c0,Willie Edmond,https://play-lh.googleusercontent.com/a/ACg8ocJ5V1THIR8A6nafKvlx5LiAl_gAZ_ATB2tQ8CXJSMGwLg7t8w=mo,Excellent,5,0,2322.100.10778,2023-08-07 16:54:03,,,2322.100.10778,1,True
92474b16-576d-45a6-b9f6-b42ad92b37e4,Douglas Starcher,https://play-lh.googleusercontent.com/a-/ALV-UjX8fCjjlBJCUHqdRPes9RSnk3n6cbyaM6EUVmT5HIozeV8T3G0f,Awesome. Can access while away from truck.,5,1,,2023-08-06 10:56:57,,,,7,False
d1680677-1eb9-40a1-8ace-f986ab162b4c,James Collins,https://play-lh.googleusercontent.com/a/ACg8ocKeDYpU0_anheAe1MsME5kkLz8MuhGTVf01C7LbYx0p0HZJxQ=mo,Works well,4,0,2322.100.10778,2023-08-06 10:25:38,,,2322.100.10778,2,True
f4e0b1b9-fc55-4ec8-b773-34432a746f4d,Barrera Mauro A,https://play-lh.googleusercontent.com/a/ACg8ocJXmAUzmFP2omw_B23qj57Dh5PSei0hRQy-ePExuar3OdSDMQ=mo,Good,5,0,2322.100.10778,2023-08-05 17:54:49,,,2322.100.10778,1,True
43236298-473a-4e60-aa6d-04c4195649dd,Paul Briggs,https://play-lh.googleusercontent.com/a-/ALV-UjVcQGzlbPZo9Bo9zJvm4tCkBsvmN0AJQnaC5XkYk0TT2G04I9cj,Great app,5,0,2322.100.10778,2023-08-04 19:58:26,,,2322.100.10778,2,True
f806ce5e-87ef-49c5-b1fb-46924d417a6c,Asante Jona,https://play-lh.googleusercontent.com/a-/ALV-UjUvlmVDdWTbgrY2qaWV1wGV7qEwlEP9yNuCLISz6dUewlOzqzKt,Easy to use,5,0,2322.100.10778,2023-08-04 14:29:05,,,2322.100.10778,3,True
5ad5b1fb-7555-4185-97c9-59f55e7396e0,Michael J. Mitchell,https://play-lh.googleusercontent.com/a-/ALV-UjVyksvrnCj4oN9XpqqctHwbk5rLUYW_v6B_QIs_yTa7XkSmbMDY,This app is nothing more then a drug cartel ....Elon musk under interior ... Trucks running under trucks porting through oncology patients....get this app if you wanna run dope and be illegal.,5,0,2322.100.10778,2023-08-04 11:35:24,,,2322.100.10778,32,False
5d2a6d71-bc9c-4166-bbc0-413d0b4ff1fd,Daniel Scott,https://play-lh.googleusercontent.com/a/ACg8ocKSWxk-LLjT_xh5tuWr8SiPH01mUKTqbrYz60lwifGV3jgCBw=mo,Everything is good except once in awhile it kicks you back in duty.,4,0,2322.100.10778,2023-08-03 18:03:49,,,2322.100.10778,13,False
41298af5-8a27-4fcc-8ef8-1351139ed790,Ricky Ivey,https://play-lh.googleusercontent.com/a-/ALV-UjXC7d80y8FcJdhNNfGL6kLCGIZwkY8jrJf1iiPEkbVxjWnGcmU,"No paperwork, it's like elogs",4,1,2322.100.10778,2023-08-02 17:08:30,,,2322.100.10778,5,False
359863dd-a4b4-4ad4-862e-428683f3fdde,Gursharan Grewal,https://play-lh.googleusercontent.com/a/ACg8ocIFHQXwvCPaNP0ZnViaYhdSU3idC1StQrjG7pO9oZNft7LWiQ=mo,Excellent,5,0,2322.100.10778,2023-08-01 19:31:49,,,2322.100.10778,1,True
f93b110f-97d1-458c-b1e3-e8d41d6d3cbb,hotshot jam,https://play-lh.googleusercontent.com/a/ACg8ocKGkwqwNM4R09Wq096XmFqSYoncqTkJYdvP7cLKFrkDoqTzUw=mo,"Does initiate a split after 2 or 3 hours, needs to be fixed",1,0,2322.100.10778,2023-07-29 13:11:52,,,2322.100.10778,13,False
b8e3c08e-74a3-4a18-b03e-611f809841fe,Demihuman,https://play-lh.googleusercontent.com/a-/ALV-UjWE-_FABB6mzsg_MbxmU8K1XVjNPQngM8Hfr2mbUGOnQFCJbi4p,"For the most part the app is fine but I have a glitch with the location where it keeps swaping between Canada (where it should be) and USA (where I have never been in my life), the bug is not harming my use but it is a pain as when it swaps it shows different info for your set area. I ha e re-download and even tried different devices all with the same result.",2,5,2322.100.10778,2023-07-27 05:40:01,,,2322.100.10778,74,False
ceceb32a-0e87-41c1-bb85-632fb168adcb,Robert Olson,https://play-lh.googleusercontent.com/a/ACg8ocKUupIR2lBAQjCTbVXs4sCmVRx4uhHZ7BtKrkovGUUJcU4-uw=mo,Fairly intuitive process.,5,1,2310.101.10387,2023-07-26 20:40:45,,,2310.101.10387,3,True
3dcae5a9-7216-4292-8b80-bae797865435,Paul ODonnell,https://play-lh.googleusercontent.com/a-/ALV-UjXNfQnow16zV476Yh0nPPoDoP-3wPHBJdOPekTYf_IUvXJXjjU,Seems to be easy to operate.,5,0,2322.100.10778,2023-07-26 19:02:16,,,2322.100.10778,6,False
4867af37-2e98-4520-956a-353a2d42bc3b,Tony Stradford,https://play-lh.googleusercontent.com/a/ACg8ocIc5AghBRy7fnDpN6SA21WpJjnTqC7ZIP8ARd8fpbrW2eNWQg=mo,I love using it,5,0,2322.100.10778,2023-07-26 17:16:13,,,2322.100.10778,4,True
1b53543d-9d1a-4052-82f6-20471fdca227,Jason Gagliano,https://play-lh.googleusercontent.com/a/ACg8ocJqDkzF5banQJpGIsxtx9jf0u_3jGGsx4EPMkboeVbzUV3ZbQ=mo,Very good,5,1,2320.100.10605,2023-07-25 16:29:52,,,2320.100.10605,2,True
f67e9596-208e-4516-985b-87bad8027276,Chiral Entertainment,https://play-lh.googleusercontent.com/a-/ALV-UjXaMjnKpaIZgh-LhNUsZTymcUkUfYK5q5OpSOOiIb0GTC4rU-bX,Best one yet,5,1,,2023-07-25 11:11:12,,,,3,True
01f94bdf-22e7-440c-9e9a-890027a0fe16,Dwayne Beckett,https://play-lh.googleusercontent.com/a-/ALV-UjWYRg4h3l6x0polTFQnrd9p77xpXP-z7aTkHSJ7BU97U3iwREcz7g,Great job,5,0,2322.100.10778,2023-07-25 02:25:31,,,2322.100.10778,2,True
3f832a2c-efe9-4610-b037-68772f925dfc,Gerson Ramirez,https://play-lh.googleusercontent.com/a-/ALV-UjUij51lwRq4TuACC4XGp5JL40lw3RPQePJVQs0B7Y0ZBlqbzQE9nQ,"Hate it now, by cause new updates it make more give hard time and waste time! HATE IT!",1,1,2322.100.10778,2023-07-24 15:44:21,,,2322.100.10778,18,False
7dc64d9c-03ba-40f0-b3ff-fbf99a4d1c47,Fidel Boada,https://play-lh.googleusercontent.com/a-/ALV-UjXmljQJ7bnkhdZBT8ps0ZeuPPyf4OHOSNX-GdMyEoh2tfxJWO_q,Is good experience the only is the the take time to get use too cause when you get a police call you only have 20 minute to get to that call some time you forget about rule just to get in time to the call but i will be better slowly but shortly thatnk you all,5,0,2322.100.10778,2023-07-24 06:37:20,,,2322.100.10778,56,False
bf3059ef-e567-4d56-8062-abc391d855d1,Terry Randolph,https://play-lh.googleusercontent.com/a-/ALV-UjVRBOTnhVfOfRNf9IivJBxH-ppWlvNlX8OkIz3AQPJxI3Eonw_M,Great,5,0,2320.100.10605,2023-07-21 02:02:22,,,2320.100.10605,1,True
4a00fe7a-44cb-4113-bb2c-98ba24673ab9,Thomas Hurley,https://play-lh.googleusercontent.com/a-/ALV-UjXMDS9kHnNZOb7uaRUmctTR52rJ7Em36b5zTkEwF5E-ORCiGib6,Works well does not crash.,5,0,2322.100.10778,2023-07-19 20:40:38,,,2322.100.10778,5,False
a9a9e33a-13d2-45b0-ba89-d66bf23dc78e,Will Sheldon,https://play-lh.googleusercontent.com/a-/ALV-UjUlg4eBAPlcKdlO-MG5WKWeT5VmGMwP2PNjGYzD9-LlqzbSn6jq,No issues,5,0,2322.100.10778,2023-07-19 13:45:43,,,2322.100.10778,2,True
977e017d-e8a4-4878-9e4c-bac67b9dc886,vincent vadacchino,https://play-lh.googleusercontent.com/a/ACg8ocJqE6yRAjeb6u3ftWyS29qHVSxBtZT5xRdir4KxkS2s9EAmPw=mo,I love using it. It's easy to use and I love the displays. 10/10,5,0,2322.100.10778,2023-07-18 19:58:42,,,2322.100.10778,14,False
9d995517-aa69-4a3c-b608-35ffaf7893db,Ronnie Lacey,https://play-lh.googleusercontent.com/a-/ALV-UjWeYmaIosAc8lqugX9MV012j_dGsTdfpYNoiw6mNpKczzAB6YwG,Everything is amazing,5,1,2322.100.10778,2023-07-18 16:59:01,,,2322.100.10778,3,True
65d498f3-2349-4e1b-82b5-5897d2306125,Simon Batchelor,https://play-lh.googleusercontent.com/a/ACg8ocKCxQvX8Z7hXbLXNYqxF8Mjn5sBRgragwoT3TqBoPCNq3wzgg=mo,"Shocking buggy app, tracker cheaply made button fell off 3 times. Trimble was far superior",1,0,2320.100.10605,2023-07-18 11:59:25,,,2320.100.10605,15,False
c474e962-d4bc-490c-8b84-4db565f89413,Freida Tyler,https://play-lh.googleusercontent.com/a-/ALV-UjVUJb8BWNjXhC-fbREBhi4mu0250JYwADx_tOOI4R_6Bzam3xzBlg,Easy to use,5,0,2322.100.10778,2023-07-18 11:23:46,,,2322.100.10778,3,True
02ff3e0b-747f-41de-b39e-af698fcb55a7,Abdishakur Mohamed,https://play-lh.googleusercontent.com/a/ACg8ocJ014LaUSstp5s3P7IzjKJ0sJ7WJt1Z0-MNU2AJe7jfYI1w=mo,Every time you use this app it does not give you a consent to go On-duty it will go automatically bad very bad 😞 I drive should have the option to go on duty or not 😞,1,1,2320.100.10605,2023-07-18 07:30:18,,,2320.100.10605,37,False
371e7226-1c26-4653-a223-09c4a576476f,Ronald Barsz,https://play-lh.googleusercontent.com/a/ACg8ocJoYAY0VSr1k1tdLJ1Mt4HN31QKW3tfxEQqTT0vTRQZLK4AfQ=mo,It's great,5,0,2322.100.10778,2023-07-16 23:00:16,,,2322.100.10778,2,True
dad19118-37e0-414e-b0b2-223b5cf279dd,"M & M management, LLC",https://play-lh.googleusercontent.com/a-/ALV-UjWVsoUJ5nto2UVcdZsQ3ZpalWrmdml6yyCvrtH-YdGubDqbcNrW2A,It's OK,5,0,2322.100.10778,2023-07-16 10:43:51,,,2322.100.10778,2,True
c93cce20-42ea-48cd-8646-5522b32babca,Georgio T,https://play-lh.googleusercontent.com/a-/ALV-UjX9YGSTEgz-u1wKEGaBEX7GaD-gL7TT8WdBO1bu8dBh4GrLrYg,You are being forced to go on duty if you are touching the DVIR button by mistake. There's only one choice. It should be a yes or no choice or a go back choice.,1,1,2322.100.10778,2023-07-15 08:45:14,,,2322.100.10778,34,False
2f7fe29f-bbdb-424b-a9d2-7fb732952556,Manuel Alanis,https://play-lh.googleusercontent.com/a/ACg8ocItZIjLpPx0dX4ZCbfNo_h_jZfYJb7Xpy2P059fnlygMu4DzQ=mo,Excellence,5,0,2320.100.10605,2023-07-14 18:30:39,,,2320.100.10605,1,True
d1c95340-3f04-45b4-9bff-45a011abcfe1,Wolf Larsson,https://play-lh.googleusercontent.com/a-/ALV-UjVb9puw21jRuoP-c36uq5S8zUBQXUlnyzK_7wQTlnSgwxsKOzFb,Easy to use!,5,0,2231.100.9874,2023-07-14 15:47:57,,,2231.100.9874,3,True
20ee2dc7-3d01-456d-9e16-20bde6dfcdd7,Rogelio Romero,https://play-lh.googleusercontent.com/a-/ALV-UjWkpI0oVh4lPnB2H6RFc1kjO4L45bXn2B6gcWoC6fWcqDBGeMo0ZQ,Working fine just sometimes sent the wrong message,4,0,2322.100.10778,2023-07-13 11:33:53,,,2322.100.10778,8,False
4c4e924c-71f9-4972-af38-0d9f8c5c03b8,Stacey Orwan,https://play-lh.googleusercontent.com/a/ACg8ocK2dmEd6xxPaxEUlST85DoLVmvssRqVdkXRYNTyX2LO5KMb8A=mo,I need this app for my work and it's not available for my device. This is beyond frustrating!,1,0,,2023-07-12 20:38:32,,,,18,False
2921d4b5-41be-4604-b6ab-1fce6ca19648,Paul Kendall,https://play-lh.googleusercontent.com/a/ACg8ocJfOvHdBKfpu64Oio7m30uGorqPTpZNMIaIeWGg8UWshS2-GQ=mo,"Cheep rubbish, 1st Fault advises you to drive at higher revs so when vehicles gear indicates changing up a gear this app says you are driving unefficently as revs too low 2nd Fault had to use M25 Motor way and another Motorway to get to a task speed was 40-55 as traffic heavy and slowed to stop yet app said I was excessively speeding did not show map. 3rd fault driving on a 20mph or 30mph Road with speed indicating 20 or 30mph on speedo with arm dead on 20 or 30 app says speeding. 4th econo",1,0,,2023-07-11 21:24:09,,,,97,False
2c93da0e-9e2c-4f8c-a656-cff06940c044,Michael Boyenga,https://play-lh.googleusercontent.com/a-/ALV-UjX3GA-bRzEZV980U25pQ52xjWP10UKFbvrF_zVhDEYs6MAyTCY,"Map feature does not work on my android phone. Not too bad, but could be better.",2,0,2322.100.10778,2023-07-10 23:24:57,,,2322.100.10778,16,False
6e97afde-a3b0-4978-a79f-460e5a95676d,John Harnden,https://play-lh.googleusercontent.com/a-/ALV-UjUpMcKVAfSYfAr8OZm-DCwivZA7x1JZMcJQIH94ioURtTNO0Vis0Q,Getting use to it!,5,1,2320.100.10605,2023-07-10 20:41:56,,,2320.100.10605,4,True
a86dcf53-e08e-448b-905e-a0eafa074854,John Parker,https://play-lh.googleusercontent.com/a/ACg8ocJFi32ik3Qg8NqUNOl02ml_GS_HV5gUWRZNeQf_CnJGwRyxwA=mo,Good,5,0,2320.100.10605,2023-07-10 20:31:15,,,2320.100.10605,1,True
f2cc481d-5f40-4054-9430-103113679a1a,Surinderpal Singh,https://play-lh.googleusercontent.com/a-/ALV-UjXScvpqBSAY3nbGlqiQLyAe6BDUTyHHBrQJas8ML4HOae3xKLWZTQ,Excellent,4,0,2320.100.10605,2023-07-08 00:50:06,,,2320.100.10605,1,True
3c25d12f-7cf2-4efb-948b-1848116b6f0d,James Callanan,https://play-lh.googleusercontent.com/a/ACg8ocLFxKtmlU6m5GOXksCw5N9hZPJ_t7uaLbDi9k_HMTrJKivOhw=mo,"Not a fan so far in this first week of using. When changing status is say a location is required,I fill it in but the app puts whatever it wants in instead. Very time consuming to change status.",2,9,2320.100.10605,2023-07-07 20:24:53,,,2320.100.10605,38,False
be7e8cba-0b10-4654-9542-93c229cf035c,Matthew Corona,https://play-lh.googleusercontent.com/a-/ALV-UjWh0XeUC-UahP24ZK9IEJBN10KfzpzhMaN5uai4c1Tu8GbuKATdIg,"I don't know what everyone is talking about, I don't have any issues with the app. Samsara is the best ELD I have ever used",5,0,2320.100.10605,2023-07-07 19:47:20,,,2320.100.10605,25,False
deda51c7-32b7-4909-88e6-713fdfdf4e18,Robert Warner,https://play-lh.googleusercontent.com/a/ACg8ocKH7PckeY_A7dR51Ia_WT7E4MqK1ZPPS3Vx9NYF1MHyRxacKA=mo,Always having to uninstall and reinstall app so I can log into a truck,2,0,2322.100.10778,2023-07-07 19:25:08,,,2322.100.10778,14,False
ef9f7db4-348a-4e64-b676-3c37eef690f7,Adeel Safdar,https://play-lh.googleusercontent.com/a/ACg8ocJLMaLe37Ebpea3IwHeUUFnD97b0cXFEHsC_aw3DuLKzkbL9A=mo,It's easy to use,4,0,2320.100.10605,2023-07-07 17:27:37,,,2320.100.10605,4,True
033e205d-9461-4800-a3a4-18156cd35ea3,price chopper,https://play-lh.googleusercontent.com/a/ACg8ocJ2XjBTq2KIeagxYRay8jnpPp1FqBDlZyDEVrDq2XHjsgtmcA=mo,Fabulus,5,0,2310.101.10387,2023-07-07 05:06:45,,,2310.101.10387,1,True
f0a3f3ac-3ae4-4b47-8a2a-c526ac94ffc2,Delano,https://play-lh.googleusercontent.com/a-/ALV-UjWBKWzYcL38_b5CyQeUcLXl1RglsWz2VYcskK2idSZsHWIVlWIg,Good,5,0,,2023-07-07 00:08:30,,,,1,True
c430911d-0239-4344-b58f-9c7c906668a0,FIRE MARSHALL,https://play-lh.googleusercontent.com/a/ACg8ocL8tTDegcwESym9aV8L-1AVZqreSLtDH1BYHSqCmtExfKfKTQ=mo,Very easy to use Logging App it's very accurate and allows you to be stress free while making some money and staying legal with DOT.,5,0,,2023-07-06 22:57:18,,,,25,False
f542d662-3cf0-47dc-9eaf-0208f8e38c1c,Daniel Elcoate,https://play-lh.googleusercontent.com/a/ACg8ocKj6EFwg8FSqvjwiJHJDgayvUZ84UQavLaDi634_oc6UXA-Mg=mo,Easy to use,4,0,2322.100.10778,2023-07-05 16:21:56,,,2322.100.10778,3,True
8fb2f271-313b-448c-9bf6-1db473794573,Inderjit Natt,https://play-lh.googleusercontent.com/a/ACg8ocK35RiGim9TBTMsfzSs_vyep6316xd-FHz-Ar68FBHwaaULoQ=mo,Good job easy to use,5,0,2320.100.10605,2023-07-05 10:22:37,,,2320.100.10605,5,False
b012815d-f658-42da-acb8-45ab47318ab7,Cardwell Truck46,https://play-lh.googleusercontent.com/a/ACg8ocKmEpgPQj2o3yuyf8-abaRIXkB7H69ZjJ8JymoS7yOIjLdgVQ=mo,Great Easy to use,5,0,2320.100.10605,2023-07-03 16:35:45,,,2320.100.10605,4,True
b0bbac4a-c0c6-4216-8f95-98f63344ce6a,Nate Rodgers,https://play-lh.googleusercontent.com/a/ACg8ocKhVGyeRbmXmi3kn-B8RvTEFVYMk8eWXiqUpSbFrhylO7Cnig=mo,Easy to use!!,5,0,2321.100.10704,2023-07-03 16:19:27,,,2321.100.10704,3,True
7afe69a8-733d-4068-86b7-848cd6d6d1c0,Safety Smartway,https://play-lh.googleusercontent.com/a/ACg8ocJciDCaHD9QsKy4GJy7dOvydoYqzlTttazhuLdc2RxR5yQvUA=mo,Like it's become an appendage of me,5,1,2320.100.10605,2023-07-02 20:15:32,,,2320.100.10605,7,False
290a6072-63b2-427f-9f49-a29d61466323,dukay tairuwepiy,https://play-lh.googleusercontent.com/a-/ALV-UjWEcAMASyUzpCcjy5UbbQtjsNN4H4p0gDPWQhxIb19n6T-7TJL2,Being able to monitor myself and holding myself and the company accountable for my wellbeing.,5,0,2320.100.10605,2023-07-02 17:45:09,,,2320.100.10605,15,False
644643e9-47c6-4508-8dfb-96a1dd939457,Karin Steinmetz,https://play-lh.googleusercontent.com/a/ACg8ocLWoVs-nkHPQ7zMYLAdIo6GmryXHdLw9tZPkZt3YCp_8TmHgg=mo,Super Easy,5,0,2320.100.10605,2023-07-02 09:23:38,,,2320.100.10605,2,True
113b0712-399e-4f49-9f90-f9662d1aa253,Ronald Hougland,https://play-lh.googleusercontent.com/a/ACg8ocLLG0MxIhsVVY5Yefx5jcL7yihGJktHjNnsWosdTBLmuT9T-A=mo,"Won't find my truck! Stupid thing updated on wensday night and the next morning when I got to work, it says it can't find vehicle! Safety man can get it working either!",1,0,2320.100.10605,2023-06-30 22:37:50,,,2320.100.10605,32,False
ae0fa305-d874-47e2-82ef-a1e8d9bec54c,Tony Pavoni,https://play-lh.googleusercontent.com/a-/ALV-UjXZwIBegULAR0l_dP7YlFKb5unDI7Ned66ivCf1OJQsE3FLOwBT,"Best app ever,if you have a device you can give sole use for this app,it works flawless",5,0,2320.100.10605,2023-06-30 19:25:45,,,2320.100.10605,17,False
35cb2d20-a1a6-4121-a0a7-130e0cc0d277,Kian Biles,https://play-lh.googleusercontent.com/a-/ALV-UjV398abhdYOmvMarHzPY435Cxt2xxSQ8cX1jpUT_2O_UPTlh1aT1A,Better than People Net or Omni Tracs!,5,0,2320.100.10605,2023-06-29 00:24:24,,,2320.100.10605,7,False
7737b1c3-b55f-453c-8001-a8b699106f2f,Steve Godfrey,https://play-lh.googleusercontent.com/a-/ALV-UjXP4EqdIhHdjYZsU15CDhUPaBBUZyv3sd8_XsswK9wJlJOWcI8J,Sure beats paperwork,5,0,2310.101.10387,2023-06-28 17:08:38,,,2310.101.10387,3,True
72f53f0e-a0da-4edc-a23a-3ee8a59f095a,Steve Hitchcock,https://play-lh.googleusercontent.com/a/ACg8ocLrnINJVHbQh7b-8uuoj5zZCJQoFqxq-fPrFFrWjtgePwMN-w=mo,It's great better then geo tab,5,0,2320.100.10605,2023-06-28 13:06:28,,,2320.100.10605,6,False
3cc14891-fba7-4a7e-8452-1c9bcb42df04,bryan sam,https://play-lh.googleusercontent.com/a/ACg8ocKJFlVjaGY7RGavmSHJzLMTSyLV7kLXDlqqx-FIVIjhBfHGkw=mo,"Samsara is so slow with every function, freezes up all the time,can't send messages half the time,try to take pictures 95% of the time the apo will glitch and pulsates, total waste of money paying for this useless system,it's a joke when samsara says they are cutting edge on elog technology,what a joke",1,0,2320.100.10605,2023-06-28 05:04:15,,,2320.100.10605,53,False
fee6aa29-8262-475a-b052-08ce88f5fdcb,Peter Priselac,https://play-lh.googleusercontent.com/a-/ALV-UjU3XTfFPygx4WNv9hBhF6aaCD3BypcHmp31tI41OY1eD3wOpGrjcA,"The single worst ELD app I've ever had to use and the hardware to go with it isn't that great either. Everyday is a new glitch. You can enable notifications all you want, but you'll only ever get them with the app open. If you're in an area where there is little to no cellular service watch the app very carefully. I've woken up multiple times to find it's bliped to driving and then left me on duty while I was asleep.",1,10,2320.100.10605,2023-06-28 00:14:43,,,2320.100.10605,82,False
27d3c046-dd5b-4958-82ee-48ddea24caae,Randy Kelsay,https://play-lh.googleusercontent.com/a/ACg8ocJFyi3A7B4aBl5rcY5BUN27w_Fu46DJ68zZ0NnJP8kEU1tU=mo,Can't log on,1,1,2320.100.10605,2023-06-27 21:45:49,,,2320.100.10605,3,True
9c78493e-f594-43c4-8450-ea7908a16c00,Ronald Cantwell,https://play-lh.googleusercontent.com/a-/ALV-UjW0IkFZLPLp_ojFltSFb8xLmwRyVb4vhdzUM6dJAUSQSR4EBEEs,Good,5,0,2320.100.10605,2023-06-27 17:39:30,,,2320.100.10605,1,True
406eea91-63e7-4457-b7bf-71c0f2f9d357,PEDAL PLAYING ZAYNA,https://play-lh.googleusercontent.com/a-/ALV-UjUE_RktKUTypg4_L4Us-lN5X83hc9MMsgYfY7zRhBTeFWx9WIs,Good,5,1,2320.100.10605,2023-06-27 17:19:05,,,2320.100.10605,1,True
4c6cc041-b124-48bd-9160-e836922c5abb,Howard Wond jr,https://play-lh.googleusercontent.com/a/ACg8ocLzV7QGrGruM752WmE4-fnwrH9Y-aWiZyg4O4_O8Ek558pvUQ=mo,Not to bad,4,1,2310.101.10387,2023-06-26 21:28:17,,,2310.101.10387,3,True
0e6285a5-c82b-4e2a-9e40-e113dfe5a458,Roy C.,https://play-lh.googleusercontent.com/a-/ALV-UjWp2YPb96E-FZHCoDU0ZBcQC_aMO73F_G107NtEm2P5QLMStlk,It's straightforward enough.,5,0,,2023-06-26 18:08:35,,,,3,True
9642f547-9ed6-4d38-87ee-3148c37aedca,CCG Delivery 1,https://play-lh.googleusercontent.com/a/ACg8ocJjgFFwkSkc3XkZ92YuQI7F7euFCdr0rhFYxLcbwt_4OQg7wg=mo,Very helpful.,5,1,2320.100.10605,2023-06-26 08:45:05,,,2320.100.10605,2,True
3b20a461-d40e-4340-b766-ec905543aa8f,Edward Frenze,https://play-lh.googleusercontent.com/a-/ALV-UjXV-5XXWwG5_FU0X77mLJRhNCWwW_-hTNFgvdbkm2zKGEdTnyYIPQ,Has many bugs in it,3,1,,2023-06-25 20:33:07,,,,5,False
fdd74cb9-c8b1-47c9-a90b-b64d3bba8bea,Theresa O,https://play-lh.googleusercontent.com/a-/ALV-UjX_tyMAow0L3__Tmfviohx6C7GG5kdLHWau0et-IZFO-u90RvE,Simply easy,5,0,2320.100.10605,2023-06-25 18:06:00,,,2320.100.10605,2,True
3dda80b9-9cb9-4cf1-a0de-9f9f52c1cae5,WAKANDA FOREVER,https://play-lh.googleusercontent.com/a-/ALV-UjVTlSZ6Gs7Km6tdICDDk944OUzFsbJTYZwFPbYscedZ_xegbMLLHA,👍👍,4,0,2320.100.10605,2023-06-25 15:57:04,,,2320.100.10605,1,True
c9e4d9b0-25bf-4f74-b497-8340f3bba94a,Rob B,https://play-lh.googleusercontent.com/a-/ALV-UjVU2BD4JNtGFhnQxdZmjhOYdqHcvs25OzxXS5kDScH1ChkxnYop,"Pros: Nice Interface, Easy to Navigate, User friendly, Split Sleeper easy to use and understand Cons: PC and Yard move feature cannot be edited. Even if you are parked you cannot change it which doesn't make sense seeing that the vehicle isn't in motion. I have gotten company policy violation due to them thinking I'm driving off pc because I've forgot and left it in pc for entire 10 hr break. You'd think since the vehicle is not in motion you'd be able to edit it into a non moving status.",4,59,,2023-06-24 04:11:13,,,,91,False
137d2dd2-369f-4abc-a41b-adf93212879a,Carol Ward,https://play-lh.googleusercontent.com/a/ACg8ocLyNEKWRCXDsLapramlUn7g_an1SVu3_AuHFaaKQaN5L3j4eA=mo,Super easy to use,5,0,2320.100.10605,2023-06-23 16:35:48,,,2320.100.10605,4,True
0a84607f-83a2-4a9b-9c5e-6e08a119d925,Jose Marte,https://play-lh.googleusercontent.com/a-/ALV-UjW50a30PeG07ZVRl8pZ-GyfqE6jop-lI9A53Jh_nOmpgURTOve9,Is the best until now.,5,0,2320.100.10605,2023-06-23 08:36:49,,,2320.100.10605,5,False
7c5f3db7-1770-407e-8a06-4a036d1a8c21,Vines For me,https://play-lh.googleusercontent.com/a/ACg8ocKm_wv9IfoLuBCnIqaWqoVzk9UJVNFAFJjqgg3kch_DEfddCQ=mo,Works well for me it would help to have a place to go and learn more about what the ap can do it would help more if that part was a bit more user-friendly,4,1,2320.100.10605,2023-06-21 18:21:57,,,2320.100.10605,34,False
bfe34c66-2b9b-41e9-baa1-87eefdd21128,Jon A,https://play-lh.googleusercontent.com/a-/ALV-UjUjKsClkZFAap1Peni9l_gLsTaycd-3a5gFwHssw03CsJ8GvJTx,Very easy to use and works great,5,0,2320.100.10605,2023-06-19 17:40:49,,,2320.100.10605,7,False
06279808-9117-405c-9085-2c73f76848e1,AbdouRahman Jabbi,https://play-lh.googleusercontent.com/a-/ALV-UjXI0gAXfEXxkM-rWfumsLYLgtlbR8cH4czBn3f_VB002s0RbVzAbA,Great,5,1,2320.100.10605,2023-06-19 05:05:36,,,2320.100.10605,1,True
780ccc1f-c581-4868-b5de-5b8705c38171,Mario Rodriguez,https://play-lh.googleusercontent.com/a/ACg8ocJEZrinSwkUTv5JsMWrzZue-GI0Vad9C2-thKn4Gvft5bxGXg=mo,Bad app it slow your phone and freeze up,1,0,,2023-06-17 03:55:56,,,,9,False
931c6ba5-7824-4c0b-8b7b-99da8b3bc250,Omar Mejia,https://play-lh.googleusercontent.com/a-/ALV-UjXbSdj_ydLn7UBSvJ-hUpmfzh9tFzYNcBU79MI5XvA8FJdbIImL,"Multiple warnings that I'm going 5 mph over the speed limit when I'm driving 5 miles under the speed limit. Not only that but it also put me in driving while I was driving my personal vehicle. They should work on making the app a better experience, honestly.",1,1,2320.100.10605,2023-06-15 18:33:33,,,2320.100.10605,48,False
117d8108-6f28-4179-bdaf-f4efd8a8631d,Todd Hayes,https://play-lh.googleusercontent.com/a-/ALV-UjWbLM65rnd-gwKO4DVpHwSjMaoEU3i1bHS-E_9-IPlNR0blNXA,Great app professional,5,1,2320.100.10605,2023-06-15 17:07:18,,,2320.100.10605,3,True
96e0e5e3-2cef-4d00-8a98-02ff2d740238,VerociousVenom,https://play-lh.googleusercontent.com/a-/ALV-UjWnDOl8uACtDa1nBx93VC5YNqEEZIk-Vblgqr2OHqFqXss0tuMa,Excellent,5,1,2320.100.10605,2023-06-15 09:06:58,,,2320.100.10605,1,True
7b976572-b30b-4ed3-8c34-2aaf97d7f872,reaper265,https://play-lh.googleusercontent.com/a/ACg8ocJBNORe_NCxWQ_lCXdzqf1nDOUwMP1u_khGCQEToehpkL3vBg=mo,"Split seeper toggle doesn't work. I want to see available time after 2 hour off duty, it should give 2 additional hours back to 14 clock. Conformation of said break would be nice something like you have been off x about of time would you like to take split sleeper?",4,0,2320.100.10605,2023-06-13 22:59:08,,,2320.100.10605,50,False
4df70ea3-3827-4052-b005-8ce383df2c2c,Justin Miller,https://play-lh.googleusercontent.com/a/ACg8ocJL7Y_dHOw48m43DjvLs_cPmxzWl_vQQ5FyBVYDX0iY5ZM_n7M=mo,Vey good,5,0,2320.100.10605,2023-06-13 18:55:45,,,2320.100.10605,2,True
2c23eb92-70f0-4248-83fd-df4fc8048682,Rocco Battaglia,https://play-lh.googleusercontent.com/a-/ALV-UjWwQBFjNcLUceUBixJnLWRsRMf_5xEXhupDrAGQr1uUFcEgPLYhuw,Seems very easy to understand. Works just fine.,5,1,2320.100.10605,2023-06-13 18:14:05,,,2320.100.10605,8,False
54cb55e7-d907-4ab6-8d27-3485f6cb8ce7,Larry Williams,https://play-lh.googleusercontent.com/a-/ALV-UjVmz9BMmabFY8F3lAFTh5eWLZlGkilmQrVOfq3u0hBPjIKi5Pxx,Very good,5,0,2320.100.10605,2023-06-13 16:37:18,,,2320.100.10605,2,True
eb33f424-dd7f-4f7e-90c1-51d05e77bf03,Dale Herren,https://play-lh.googleusercontent.com/a/ACg8ocKh1BAG-8bLduaFYoJ3ISzD0ApgzW1CEouEqVtYgSTvi9BvKA=mo,Works very well,5,0,2320.100.10605,2023-06-13 05:27:19,,,2320.100.10605,3,True
a6100a8e-3c10-46c6-8dcd-d8b6680c3645,David Messick,https://play-lh.googleusercontent.com/a-/ALV-UjXZ9JJUyr-Zy2aaosQznAPBhNSw4SC3eiftKE2EJfPbhqE6Gr0,Great,5,0,2310.101.10387,2023-06-12 18:26:34,,,2310.101.10387,1,True
72a73d41-48c1-4862-a27d-ff48722770c8,Kelley Woods,https://play-lh.googleusercontent.com/a-/ALV-UjWIJGIktN21yJNRqx2r2bQUnu2HcdXlcOPvITUikiiobwXtTDl2,Very accurate and user friendly,5,0,2320.100.10605,2023-06-11 21:52:24,,,2320.100.10605,5,False
cd6b7df7-9236-4e6c-8893-b85d5b37bafd,Don Hertel,https://play-lh.googleusercontent.com/a-/ALV-UjVU8SNwDZyaE9ZGNOAZoNXlnKGHjW9nsStyfeHf-hoq_3ERPuBh,No access to rest break exemption when traveling with an oversize load,3,0,2320.100.10605,2023-06-11 14:35:56,,,2320.100.10605,12,False
d81b644b-f640-47cb-bf44-7c26f067d771,Michael Barnhart,https://play-lh.googleusercontent.com/a-/ALV-UjUAuiEOvpaQz423hK9-V4qtF96KSGb-mvoPgxRyBYGR27hvGUA,Outstanding,5,0,2320.100.10605,2023-06-08 16:19:42,,,2320.100.10605,1,True
b82e561d-4757-4885-bbfa-cc40fd55065a,Jeremy Pham,https://play-lh.googleusercontent.com/a/ACg8ocL5AV59a3H-GYXxPwptjh6sncl9YxYW7d4kfOx0LFRKttgEHA=mo,Very user friendly,5,1,2320.100.10605,2023-06-07 15:37:10,,,2320.100.10605,3,True
5372a63f-1c82-40ad-9c49-015092f3b9c0,D M,https://play-lh.googleusercontent.com/a/ACg8ocIeXZOQqDA4zwQpdTzScg7wEeuA8O1ov2u-KKF7Qrn4So7H7Kyp=mo,App is good. However if you are on duty will put u in drive without moving the vehicle. Just a move of the hand can cuasr u to go into driving.,3,1,2310.101.10387,2023-06-07 05:47:08,,,2310.101.10387,31,False
0a19595e-a3ec-46dd-8e00-115fd07d8022,Z.J. Israel,https://play-lh.googleusercontent.com/a-/ALV-UjWZ83_D2ioaK-uys3s82ENHxZEAjl-VPHJaokyNv_ab1Qvf2oLg,"Great app, does what it's supposed to do",5,0,2310.101.10387,2023-06-06 08:08:55,,,2310.101.10387,8,False
891fe4e3-81b4-47c0-884c-88987ca6fc80,Keith Barnett,https://play-lh.googleusercontent.com/a/ACg8ocKBu3ux9E4byw6krLllhYDZhNepSlT1fkXQV8V6B8Ei6cDoNA=mo,Makes it easy to log hours,4,1,2310.101.10387,2023-06-05 18:15:42,,,2310.101.10387,6,False
61f8ad51-7913-4ecc-9197-ce9faf438e3d,Cassandra VanDuyn,https://play-lh.googleusercontent.com/a-/ALV-UjX4eUUnees-gqePgPN6j_t4rYW0uvdTUfH-1YQpjvP5CRkXLx8V,"I like the app but can never get it to work on my phone. I have the Samsung S22 ultra (android) and it is constantly asking me to assign myself to a truck. When I search for my truck, it tells me I cannot pick that truck because I'm too far away, even though I'm sitting in said truck. My husband who runs this app on IOS never has this issue. Super annoying.",2,2,2310.101.10387,2023-06-05 05:47:40,,,2310.101.10387,73,False
a8d9286b-a630-4293-9afc-7fc3c33c3969,nnndddzzz1,https://play-lh.googleusercontent.com/a/ACg8ocLS_istb0Ypke8-Ep3R3rRe_0qESwn-dkX4BWIbAD496DesQQ=mo,Works good,5,0,2310.101.10387,2023-06-03 15:51:15,,,2310.101.10387,2,True
cc92f4e3-7f85-494a-8757-f08e4067b60d,Francisco Silva,https://play-lh.googleusercontent.com/a-/ALV-UjVKODsYDWkM8mEJjOkIiPYdANSYetXyW3tKjO4NlJXc4Y3rUvFy,Great,5,1,2320.100.10605,2023-06-02 15:14:03,,,2320.100.10605,1,True
d97e32e4-657d-4624-8d85-dfd60312b30a,don wages,https://play-lh.googleusercontent.com/a-/ALV-UjWtXRLg2AdqSLrQVQfKnOZ6zrYVHDsEwOjONM65fWu7Hcm2XgYk,Better than filling out paperwork,4,0,2310.101.10387,2023-06-01 17:25:14,,,2310.101.10387,5,False
0f0ca822-43d7-4deb-865b-1f59c9ea64ba,Iegor Cherepanov,https://play-lh.googleusercontent.com/a-/ALV-UjXeBzHtweqAjO059w5IPs2wNhV-wam-fyQYCBQfA5exPWTbijy6,"Please add remarks for the border crossing. Guys, if you want to download your logbook in pdf, just log in to the driver portal. Next, you can choose to print your logs and save it in pdf",5,1,2310.101.10387,2023-05-31 23:28:15,,,2310.101.10387,37,False
ef8b2b3f-3e58-4a49-bf68-12accb9869c5,Gord & Monika Turner,https://play-lh.googleusercontent.com/a-/ALV-UjU4IOE_fqP3jsf8D_8JkpxTKr7tYPJE-WJUj1zqqZao8_q0oiXC,"Samsara. An esoteric sanskrit / Indian word that has nothing to do with trucking, for an esoteric app that wasn't made by truckers. The only good reviews for this app are are by the poor souls (see what I did there) who've never used any other ELD besides this one. I've used the big 3 and this one is by far the worst. The page should open open automatically to my graph, with the edit button front and center because I do my pretrip before I even unlock my phone in the morning.",2,2,2310.101.10387,2023-05-31 21:17:45,,,2310.101.10387,93,False
48c77972-5bae-4490-a631-b1dfb1a2e9e4,PhillipJohn Gallegos,https://play-lh.googleusercontent.com/a-/ALV-UjU0ESrKuNZkKo90aKdZ8BJSnVNfaCzTLRSfAR4nUQ0XsHkjddg3Mw,Ok,4,0,2310.101.10387,2023-05-31 19:50:18,,,2310.101.10387,1,True
4b2fc3f5-f88a-4562-8234-fb98e74b1fbd,viper 1,https://play-lh.googleusercontent.com/a-/ALV-UjUJlauBhONQMdw4iHeK3igJsunlnIsZ-XLHCz7UvrvFaFpilN0,Easy to use,5,0,2310.101.10387,2023-05-31 18:26:42,,,2310.101.10387,3,True
d29285f7-34d5-4a00-aa32-a170f885b675,Raffaelle Mungin,https://play-lh.googleusercontent.com/a/ACg8ocKXTBDZP-_8kue4sIHipJ_ovb4aqNRI1c6GKq2ZhxV7o0CShg=mo,Works very well so far,5,0,2310.101.10387,2023-05-31 11:28:17,,,2310.101.10387,5,False
7e2cde4b-6032-4014-ab3f-f7d856499934,Victor Yanez,https://play-lh.googleusercontent.com/a/ACg8ocKWE2l7SlS2gUrtEWVrT1HlBbOhcdYOQ5E3Tgo65nnRfvyOiw=mo,Good,5,0,2310.101.10387,2023-05-31 10:46:18,,,2310.101.10387,1,True
12a6b141-4f0d-4aec-8625-62e9089cdf59,Ishmael Shakur,https://play-lh.googleusercontent.com/a-/ALV-UjWb1M_0k_vE6gcpgWUJZMnbMRLr2pLcrqsOi9RIf8wWFntsEfQ,Easy to use!,5,1,2310.101.10387,2023-05-31 04:55:37,,,2310.101.10387,3,True
22839935-5434-45ef-a038-ffd20f48c30b,Tony Johnson,https://play-lh.googleusercontent.com/a/ACg8ocIR6pYDPsIu-hvYKYcaKD1p3nQFL_PqtLuxPnyKfVi-cQJLBntB=mo,Love this app..easy to use,5,1,2310.101.10387,2023-05-30 20:03:49,,,2310.101.10387,5,False
8b19b90b-8068-4364-9f90-7307be7fb7ec,David Hare,https://play-lh.googleusercontent.com/a-/ALV-UjWVKXd-eSJuYqENofLZ9wsFB1N7m2zatXBqRlUSrLURJUIiE8M,Some times wacky sometimes spot on,4,0,2310.101.10387,2023-05-30 13:03:50,,,2310.101.10387,6,False
ec78662f-7d15-4559-9949-e84a437e354b,William Scott,https://play-lh.googleusercontent.com/a-/ALV-UjWq7KNGSxBdpEf59c27c-vfWEt7ZZ6BSalNtgT6yMu8m55YygUw,I'm over joyed,5,0,2310.101.10387,2023-05-28 02:58:01,,,2310.101.10387,3,True
9581e1c8-7c06-4de9-823b-864fe6a210dc,Mike Standrick,https://play-lh.googleusercontent.com/a-/ALV-UjWb3cmhuY_KEvhXNwoD2zsQh-pyG9rPYf4lKKWcDgUrBctljmdW,works welll,5,0,2310.101.10387,2023-05-27 17:18:06,,,2310.101.10387,2,True
47c1809a-0636-471d-bad2-a5f65a25ed32,Freddy Arias,https://play-lh.googleusercontent.com/a-/ALV-UjUEK1ymEVbuWLBm9aA0w_A-LsXYMlB248jQl1h11-gZRGZl5iY9,Very good,5,0,2231.100.9874,2023-05-26 21:25:57,,,2231.100.9874,2,True
e8cf1c41-81c2-4c45-9991-8e7f549023a4,Del Rosichuk,https://play-lh.googleusercontent.com/a/ACg8ocK3yNlBEzXT8jmCxxYylsh_TzacaXvWmxRu9MIWjyqTFNtZhg=mo,"Little bit of a learning curve, but getting use to the app",4,0,2310.101.10387,2023-05-25 09:43:02,,,2310.101.10387,12,False
5e544a00-ef72-4820-ba01-6cad168388f7,Preston Berry,https://play-lh.googleusercontent.com/a/ACg8ocLiiFWOBXrhcmuZvkFhtBp8B8UPKYIRITUaBXWBVYVxxeCJJw=mo,Great,5,0,2310.101.10387,2023-05-25 04:16:17,,,2310.101.10387,1,True
3c675c74-dcf9-433f-8c64-eb1fb7ede3b3,sandeep kumar Saharan,https://play-lh.googleusercontent.com/a-/ALV-UjWjC65PcJiYP9uoMMRKaKrbYbPCjPt2DBFw4hKcC_PdK3fG8YyF7Q,Good,5,0,2310.101.10387,2023-05-24 23:17:54,,,2310.101.10387,1,True
cc8edece-9378-41d8-a28e-85931bb339a4,Al Vaughn,https://play-lh.googleusercontent.com/a-/ALV-UjXuBQLGAW6QiofLiaAiU---qDvxmIcBsmRa_U-UTAf0i1WO3wQ,8/2 split needs to be fixed I went from having 4 hr to violation with no reasonable explanation,2,0,2310.101.10387,2023-05-24 13:25:36,,,2310.101.10387,18,False
0a662691-ccbf-4ad2-93f6-585797a8d9ba,Jgv Trucking,https://play-lh.googleusercontent.com/a-/ALV-UjX62ldbtBAvpcJCeO0Uir2ZTDVGpZieitJ8Kwzre6Ki6WI2VsUW,Good,5,0,2310.101.10387,2023-05-23 23:06:01,,,2310.101.10387,1,True
53a1b497-14ba-4336-9721-a6129c17d1fb,Aaron Jones,https://play-lh.googleusercontent.com/a-/ALV-UjU_77d-HvsAkQHsYw_ST4Bp7gPfktz_En-Ntas06LteotSbltg,Great app,5,0,2310.101.10387,2023-05-23 19:40:05,,,2310.101.10387,2,True
5ce2e5d6-5e9f-4806-afaa-b2a9b6142756,Monica Williams,https://play-lh.googleusercontent.com/a/ACg8ocKjVP8CWTBrJwYh9GGuABQw5DjFDs8a_JSBOa4bv6w2e5JWEg=mo,"When logged in sleeper & not driving, it'll automatically put you in driving status,",1,0,2310.101.10387,2023-05-23 11:59:25,,,2310.101.10387,14,False
c544a4db-2fd9-4567-951b-67a29227174c,Helene G,https://play-lh.googleusercontent.com/a/ACg8ocJFg7z7Az9c-8UbzT5fhni0L5_520-PQmDtCSLotr1pncq-pr8_=mo,👍,5,0,2310.101.10387,2023-05-23 11:03:07,,,2310.101.10387,1,True
a0e78527-5f69-4e23-aad1-a0b404f269d3,Julio Herrera,https://play-lh.googleusercontent.com/a/ACg8ocKlPovaSvmkfiEze1qKCVnx180ysOSt3CJJPCg_XSlgVESrOg=mo,Good app,5,1,2310.101.10387,2023-05-23 08:01:50,,,2310.101.10387,2,True
7fb57644-f67b-4e37-adbf-23d887d0d4c8,PURPLE POPPA,https://play-lh.googleusercontent.com/a/ACg8ocJEd9gj7232FU3r071AUHAdFPHwmXYna_bkSvW-_VYtYiMgvA=mo,WORKS GREAT,5,0,2310.101.10387,2023-05-23 01:04:32,,,2310.101.10387,2,True
a4b0c0e9-58c0-4844-a8e1-82c52c978ae9,Sergio Perez,https://play-lh.googleusercontent.com/a/ACg8ocIZyj4PMI-J6TWNGm3pfXmb5OQ9BSyHoT4f_QP8f5NVUsPsQA=mo,Very good,5,0,2310.101.10387,2023-05-22 00:38:48,,,2310.101.10387,2,True
22162473-b8ac-433e-8cdb-a2c1022181b8,Jason Hawkinson,https://play-lh.googleusercontent.com/a-/ALV-UjWJPpORK7SUKl1EMgvje7S8VnrLJRA1UPXeDbFm_tKugz2G_h6a,As easy and accessible for an ELD app as one could find. Love it! Glad Super T Transport uses it.,5,0,2310.101.10387,2023-05-21 22:38:07,,,2310.101.10387,20,False
7ed9290a-b9bc-408e-909f-1a05c867ea94,Sham Osman,https://play-lh.googleusercontent.com/a-/ALV-UjWRMJYVvibj8MursE9kYjwh4rlDI376yL_LCnpliZvSUe0RO6EB0w,"Great app so far, no issues at all!",5,0,2310.101.10387,2023-05-21 18:02:11,,,2310.101.10387,8,False
6ee8411b-4a28-4ccf-a85f-705fdfe259da,Richard Frisbee,https://play-lh.googleusercontent.com/a/ACg8ocIBZ_f-xJON7hHwrlII7-RdtRkGQfYhLEk7cuBwfMhPGzN-eA=mo,The name... just look up the definition! We are not slaves. At least I am not going to be.. It's enough for me to quit the company I work for just based upon the premise of the name of the app. Samsara? Really? I am no one's slave nor am I locked in some perpetual cycle of life and rebirth. The name Samsara sucks... Fire that synical freak.,1,0,2310.101.10387,2023-05-19 05:45:16,,,2310.101.10387,68,False
7811c0f9-f986-4d5d-82a2-02cf2dadcf28,Brian G,https://play-lh.googleusercontent.com/a/ACg8ocIOZLc3c-v-dHI2CgQ3jMNJ1ro_Tl4LwXkyXP52URAcO-Sm_w=mo,Excellent app and very user friendly.,5,0,2310.101.10387,2023-05-16 19:15:52,,,2310.101.10387,6,False
27c8ce6c-20ac-4a08-8d65-7b44880eef55,Jared Stacy,https://play-lh.googleusercontent.com/a/ACg8ocKhlkLuaPum8nhMWL1Fgmke4hewVfeBAPGDViccN4QpWDPJxw=mo,Awesome thanks,5,0,2310.101.10387,2023-05-16 18:59:51,,,2310.101.10387,2,True
ab8d5701-38e0-4708-8247-423ba0d5062d,Sharon Brown,https://play-lh.googleusercontent.com/a-/ALV-UjVUf3YhuderzybjGe4FFCW8DpTkTCi5cfS-JsL-UCcJDCAzeqGZ,Eady and thourough.,5,0,2310.101.10387,2023-05-16 13:29:35,,,2310.101.10387,3,True
bd869d35-c502-442f-90d7-190f70d65e5c,Tom Smith,https://play-lh.googleusercontent.com/a/ACg8ocKX55RfsWIE3yXEIYfrhOtVRxI7cv7TTvqXHTPlP_NSxDOUTg=mo,Learning the new system,4,0,2310.101.10387,2023-05-16 05:26:56,,,2310.101.10387,4,True
0b966b93-3dff-455d-a9f1-4ed6604d3bc6,Chad Naputi,https://play-lh.googleusercontent.com/a/ACg8ocIltGtljCwq3a8Zc6nF5hBg3cbyRMmV5LLd9thvaL4B5a-AKQ=mo,"Interface is frustrating (particularly not being able to select multiple images at once to upload for document creation), no option for metric - my truck is in Canada - and there js no place to enter notes in the pretrial.) While I'm sure that this app crosses all ts, and dots all the is (for the people managing the fleet), this app falls short for the end user and costs time when it should save it.",1,6,2310.101.10387,2023-05-15 16:12:27,,,2310.101.10387,76,False
9e580916-7710-44e0-9453-cf4a369cc9bd,Matthew Nace,https://play-lh.googleusercontent.com/a/ACg8ocJBOUEmUyPHjuQwfN5ZmswdHfJ6Lqkno47LlehaOkDmjjFK=mo,Off duty leave me alone.,5,0,2310.101.10387,2023-05-12 13:11:07,,,2310.101.10387,5,False
da026ac4-ea5b-4bb2-97dc-39488b4deac4,Bryan Mcmorris,https://play-lh.googleusercontent.com/a-/ALV-UjXb9RuuAnEdijTRLSsueNsgk_m9GVs_WsxkTr7QZduuPZPhDDyN,"Simple to use, does the job",4,0,,2023-05-08 22:18:17,,,,6,False
3118e6a9-fcd4-4517-9e98-90356dbec6bb,Jon Radakovic (Palamvir),https://play-lh.googleusercontent.com/a/ACg8ocLSaX8N-uoTe1U4zcd2hm_f1ZjOvS241fECHnsgFVvoVfzIGw=mo,👍,5,0,2310.101.10387,2023-05-08 21:30:17,,,2310.101.10387,1,True
58cab58e-73a6-4256-9488-55d5f8721694,Neal Allen,https://play-lh.googleusercontent.com/a/ACg8ocJ-L52VgHpLGl-WTYgxWzED5T9C32yyfqltwTduh8gvCNdqUA=mo,Keeping drivers safe everywhere!,5,0,2231.100.9874,2023-05-08 12:00:09,,,2231.100.9874,4,True
89271a88-c501-4986-9561-fe67b5f1d114,Bill Eide,https://play-lh.googleusercontent.com/a-/ALV-UjX4lVuorgezGz_79WWLEclAG6AQW0j6DH5-ioFs33gNq9pB9A38,"Works just fine, easy to edit when needed.",5,0,2310.101.10387,2023-05-07 19:36:06,,,2310.101.10387,8,False
c048b529-78fa-40f5-816a-6116666cc8d3,Rodney Haynes,https://play-lh.googleusercontent.com/a/ACg8ocKCRDxPV__DNUg-TgXLJoF_laFgIJ5oyechq3TXNqouiBEqoQ=mo,Great,5,0,2310.101.10387,2023-05-06 12:46:08,,,2310.101.10387,1,True
7e74dedf-6608-47c1-be82-504ba4c77edc,Steel Transportation,https://play-lh.googleusercontent.com/a/ACg8ocIcM_6INEKZI6hXyOl97veAeGo74OOPmcIVEX0VL0_JdxohHQ=mo,Its alright,3,0,2310.101.10387,2023-05-06 10:06:18,,,2310.101.10387,2,True
4504a6e6-d303-4034-9476-70b51eac958d,pachattar singh,https://play-lh.googleusercontent.com/a-/ALV-UjX98F9Q-4aE52vVlyANGCuLzZIi5cg3YWvZ342z__nEOb3SfOin,Good 👍,5,0,2310.101.10387,2023-05-05 22:15:38,,,2310.101.10387,2,True
86f3a700-ee25-4070-94e3-d8c139d1508b,ATT,https://play-lh.googleusercontent.com/a/ACg8ocJ65mH7qC2pVZKB1CfN0nhs_R-MascbAv34QZgjJuJ87g-a6A=mo,Very easy to use..,4,1,2310.101.10387,2023-05-05 18:58:54,,,2310.101.10387,4,True
c0f7bc4a-0f88-469e-b2b0-a831128ffe9a,Gaming world forever,https://play-lh.googleusercontent.com/a-/ALV-UjX27rHj_stODMWO10XFpr9kwe9-2VzfIJPQ5jE6k5PfaG_NbZ1M,Very easy to use!!!!!,4,0,2310.101.10387,2023-05-05 15:08:17,,,2310.101.10387,4,True
5813ccf2-020b-4c66-a336-55cc20dd32c7,Jamie Jeong,https://play-lh.googleusercontent.com/a-/ALV-UjUamBpfl3PUx2n_5W-xnc16OY2dPU5xYWZwxk0l0fHIbi7qt-gj,"The name of your e-log system, संसार, meaning ""cycle of aimless drifting,"" is indeed well-suited for the life of a trucker on the road. However, I have been experiencing issues with the Samsara driver app, as it keeps freezing and becoming progressively slower with each passing day. Considering that the name ""Samsara"" originally stems from a fundamental belief shared by many Indian religions, I had hoped for a better performance from the Samsara app.",2,0,2310.101.10387,2023-05-05 00:27:36,,,2310.101.10387,74,False
afc855a1-5c11-4923-9d96-b9f54798c9fc,Josh Weaver,https://play-lh.googleusercontent.com/a/ACg8ocIyA87Morp1yUSTfaq_uP-MZ_RyGtvrTXjnwE_9nVMDA4jYPV8=mo,Good app. However after last update the app will not allow me to add a a trailer.,3,0,2310.101.10387,2023-05-04 09:49:53,,,2310.101.10387,17,False
34903684-f586-473a-9aca-82b0031d0d03,Marcus Grady,https://play-lh.googleusercontent.com/a/ACg8ocJ3X79yIDy188Hos3xc5aqad1XyhNIvDrmHvWqy2iE_gz6h7g=mo,Alot of glitching,3,0,2231.100.9874,2023-05-04 03:15:41,,,2231.100.9874,3,True
2178be07-428a-449a-8357-729bb0e5c120,Rodney RICHARDSON II,https://play-lh.googleusercontent.com/a/ACg8ocJST_GRo2yGbhOqdDAlZc8umiiJW2DiCx3idsmLFwhMrxnKLA=mo,Keep trucking,1,0,2310.101.10387,2023-05-03 19:24:28,,,2310.101.10387,2,True
5bbb716f-b8f4-4ef7-a662-05822905b8be,Anthony Freeman,https://play-lh.googleusercontent.com/a-/ALV-UjUtiXH9cAtJwl5BMEgEs017-0_iLNL26DK6jxRplzzFKqHYN86R,Just learning it.... like it so far,5,0,2310.101.10387,2023-05-03 14:35:42,,,2310.101.10387,7,False
9f0b7ba9-6647-4dc1-a5aa-dc5e8fa4fb6d,Mrs. Sauer,https://play-lh.googleusercontent.com/a/ACg8ocJDIQgn8EkhmevpRbbTLB45h8C1aDcgM-A95KJmTF5EnnOq6g=mo,"If I don't have access to the tablet in the truck but need to certify logs or check available drive time, I need to use the phone app while OFF DUTY. This doesn't seem to be an option.",3,0,2310.101.10387,2023-05-02 16:13:27,,,2310.101.10387,38,False
f67bf5bb-cfe2-408f-8c80-2d744bd3ca33,Ryan DuBois,https://play-lh.googleusercontent.com/a/ACg8ocJPMppnHIGLMkqMi36mRnLVdMKvl-E-lPgf-yNiSShhazXVnQ=mo,"Started with a new company 3 months ago. They use this app for dispatch, etc. I have had nothing but problems with it. My company claims to be working on it, but, the app is a piece of garbage IMO. Constantly freezing, reboot device, freezes again before 2 messages can be exchanged. Crashes mid-day for no apparent reason. Honestly, never seen a released app perform so poorly. Very frustrated and disappointed.",1,40,2310.101.10387,2023-04-30 18:04:25,,,2310.101.10387,71,False
b9001f7c-e45f-43a2-9061-1c03332204aa,Ian Hawey,https://play-lh.googleusercontent.com/a-/ALV-UjUFxvak8TJzvXrNxbaPhJwOZbM0pkv5mCQvRJrQnJVJN6N9DEeCeg,"While the app seems to be doing its job of tracking every little thing we do right and wrong it persistently comes up with ELD connection errors, despite everything working fine. Haven't seen it so much on the app for Android handheld such as my phone, but for the built-in hardwired devices in the tractors it is a constant annoyance. Seems to have started back in November",3,3,2310.101.10387,2023-04-29 15:05:30,,,2310.101.10387,67,False
6683e43a-caf0-4d38-be26-fc6e2e484f1f,roger stroble,https://play-lh.googleusercontent.com/a/ACg8ocJXCkpAuPFFCjUguI4IfaCXaRZZ-IzGe9Dp-_YpJnAOc6PuCQ=mo,Okay babe don't forget to sign out on,5,0,2310.101.10387,2023-04-29 14:25:03,,,2310.101.10387,8,False
f30d877d-b39d-4558-b8f2-5849b3317e0a,John Mcnamara,https://play-lh.googleusercontent.com/a/ACg8ocJu11XYV660URcQWWSc15zHo1vBwWTNxT4SwwP2LJRomBG5hQ=mo,"NEEDS one thing! Slip seating and the driver after me not logging in puts me in driving status, giving me a violation. This app NEEDS a widget for your home screen showing you your duty status on your phone. That way we won't forget to go off duty, sign out of the truck and log out at the end of the shift.",3,1,2310.101.10387,2023-04-29 13:19:56,,,2310.101.10387,62,False
0db42740-80ec-4922-a477-190292b7408f,Jeff Isaacs,https://play-lh.googleusercontent.com/a-/ALV-UjUUxOjGhW0-60Q5ljg1COXCMx8Khmt0QER4tUVVyzY4vBnaH5HK,Trial,5,1,2310.101.10387,2023-04-29 10:40:12,,,2310.101.10387,1,True
ddd1c999-1ff7-46a3-b637-0179d1db86a7,Shawn Pierre,https://play-lh.googleusercontent.com/a/ACg8ocIgF2hgsSso9jz4-7R5cq961imimC_ZaZ2JO-BhfupwYxB9yGk=mo,Accurate and easy to use,5,0,2310.101.10387,2023-04-29 09:58:09,,,2310.101.10387,5,False
36af0265-8ae9-45fa-acbf-f203a933301a,Eric,https://play-lh.googleusercontent.com/a/ACg8ocKCRIap-M26vy4NM2K5JAuN9jY21pHczWgWbz2k7JM6m0LIYA=mo,It sucks because you have to use your own phone and data. Big star won't buy tablets to run the program or get unlimited data plan.,1,1,2310.101.10387,2023-04-28 21:06:54,,,2310.101.10387,26,False
c391b169-77cb-43cf-9616-15369af08abb,Gurbir Singh,https://play-lh.googleusercontent.com/a-/ALV-UjUf2eZWGciWqmMkydiIoWl8j0mwxe8Ck-IkX775wKHYdQENiJ8_Rw,"I have been using Samsara App for the last 2 months, and it's amazing. I am glad that I don't have to deal with the paper log anymore. This app does it for you as you start your day till the end of your shift.",5,0,2310.101.10387,2023-04-25 20:41:59,,,2310.101.10387,45,False
515e6ffc-02aa-444d-8b06-f0ebc80b9980,Jasmon Gates,https://play-lh.googleusercontent.com/a/ACg8ocIKJMNE3-RK9UVrN3rInWxK-zp9uyWV2JLwzfdugqL5Fzug3Q=mo,Unreliable app. There are glitches that need to be fixed.,2,0,2310.101.10387,2023-04-25 13:32:24,,,2310.101.10387,10,False
13f5603a-070a-42a1-a8b2-8b23ec748df1,Candan Kaya,https://play-lh.googleusercontent.com/a/ACg8ocL5K4Cbn9AmH0VnVzYx-k70TQYX83Qoo6_SoeTAdb0xdt7NJw=mo,All new workers they don't know about and app is very slow to much problems l have,1,1,,2023-04-25 13:10:25,,,,17,False
1f0c66c1-d2a1-44ba-b7ea-a826e96b6f7d,Alfred Kirst III,https://play-lh.googleusercontent.com/a-/ALV-UjWgLVH_5R2PDrxZSbO0vhjV1_lxowSwiH3SRCmvoIubXVuGaV5c,Great,5,0,2310.101.10387,2023-04-24 18:39:59,,,2310.101.10387,1,True
498304bc-6fe3-4f4e-918b-1d95c0dc51d9,Derek Ramos,https://play-lh.googleusercontent.com/a-/ALV-UjUoB_LmczU5CF6guF9RBRU5Oe7Kib_T2iQhkpeX7gDZBN0J1aM,Perfect and easy to use,5,0,2231.100.9874,2023-04-24 13:03:48,,,2231.100.9874,5,False
5882f4f9-6c8a-4eae-aa04-a0db411b3317,Charlie Hopkins,https://play-lh.googleusercontent.com/a/ACg8ocJIzLMAj7qNyrmVghiJDxC72y-p_QQ9uK3ZBGsTEpOzCJBRmg=mo,"Works like it should , no issues",5,0,2231.100.9874,2023-04-24 11:18:56,,,2231.100.9874,7,False
9f4f2d4b-9aa2-4439-97a5-ecb634846d3a,Paul Marginean,https://play-lh.googleusercontent.com/a-/ALV-UjVR-oYKHonGMEwJOGlw0qMaM8Yash5nk0XgLFVGM4bb1xKdl-A,Easy to use and navigate,5,0,2310.101.10387,2023-04-23 23:34:14,,,2310.101.10387,5,False
94693860-fdab-458e-94d7-aa40d17024f4,R,https://play-lh.googleusercontent.com/a/ACg8ocIxD14x6ClSaN89r4lTGEfaSWxCDMKFDA2AYcdnWXd2gMgkiIg=mo,Nothing but problems out of this app when I first put me on it said data breach so somebody got my driver's license number and I've had nothing but problems out of this damn thing since it's telling me I'm in Delaware Ohio when I'm in Kansas POS,1,4,2310.101.10387,2023-04-23 16:38:40,,,2310.101.10387,48,False
d0308e68-67fb-46f7-a401-8506f3103491,Don Stefan,https://play-lh.googleusercontent.com/a/ACg8ocIN_64q_7pcnJn7izj8L62PIqNNHO0YsxmQZ7XtyST7upX7=mo,Pitiful,1,1,2310.101.10387,2023-04-23 09:42:05,,,2310.101.10387,1,True
f4368c84-343a-484e-97b4-9f4793936a2b,Mike Wagner,https://play-lh.googleusercontent.com/a-/ALV-UjWnFt_89oTAmUb0onq_9OTZZMHr_rg9mldyM-2axDCuSw1dP7s,My job gives us bonuses on driving and this thing don't know what the speed limit is. I get dinged for speed and I'm gonna less the the speed says. Also could you make a YouTube video on the point system and how long it takes to get points back and how many points you lose per violation. Please update the speed in rural areas sucks getting violation when I ain't even speeding and we get 10 miles over. YOU HAVE TO FIX THE SPEED ON THIS APP. IT DOES NOT KNOW THE SPEED AND IT'S KILLING ME PLEASE,1,2,,2023-04-22 14:28:34,,,,99,False
c216f5c8-8def-42fb-a428-159e5432838c,Fred Clay,https://play-lh.googleusercontent.com/a/ACg8ocKo4C2Lt117n2KmBLIsxQe9ZkHeg1xe6lRH2m_m6YzToKs74A=mo,Great,5,1,2310.101.10387,2023-04-22 03:59:45,,,2310.101.10387,1,True
480ea79a-3611-4557-adea-5275fcd46a28,Sho me,https://play-lh.googleusercontent.com/a/ACg8ocLriBbY4FiWlZi5p2273PvWheC2tZeOopuZhUKRsc5Cnv_lwg=mo,Very easy to use.,5,1,2310.101.10387,2023-04-22 02:58:05,,,2310.101.10387,4,True
54a9d6ea-e7f0-4f42-9bbf-8c12dfa833d8,S K,https://play-lh.googleusercontent.com/a-/ALV-UjV9-BHmgqBnNqQ1Ysm7q25MKwm2lk_BiXSrZOtbTmWXEymm5CCf,Better and easy to use,5,0,2310.101.10387,2023-04-22 01:01:04,,,2310.101.10387,5,False
9e708b2c-19e1-4080-aca7-f0166752b1f5,Jose Ramirez,https://play-lh.googleusercontent.com/a/ACg8ocK3lWh8-9B5JArIDZo552LVMeL94VEEhCT6g6wBFyOvy73EKw=mo,Never works right !!,1,1,2231.100.9874,2023-04-21 23:59:16,,,2231.100.9874,4,True
0d3085e6-402a-476b-af24-7ff6a2fb3a5a,C More,https://play-lh.googleusercontent.com/a-/ALV-UjXMfZQqfp1K4vFpG5HN9LxcK3hw6PYxepKAC-H40K6-lI3UK4jzzw,💪🏾✊🏾😎 reliable service,5,0,2310.101.10387,2023-04-21 20:29:49,,,2310.101.10387,3,True
bc139a02-ec0f-4938-a578-6ecf7cac48b2,YourFavorite Reject,https://play-lh.googleusercontent.com/a-/ALV-UjWYS-inrJl3wHEnmtvL2EWrr3q8dHfucrbDrMxPhRXiHVuwcm33,"I've been following the rules of the road now for quite some time, here recently when I go to do my 30 brake time it's not resetting my driving hrs",2,0,2310.101.10387,2023-04-20 15:49:50,,,2310.101.10387,30,False
126942ee-bc9a-4710-95de-dd2d6366aa2d,komal 7,https://play-lh.googleusercontent.com/a-/ALV-UjUrZiNB0YW4PlsivOlgcNR0bf4onUI9sFaE5cBxL1LIqjrXPod0,Great app,5,1,2310.101.10387,2023-04-19 17:48:50,,,2310.101.10387,2,True
5f6f0d4a-9010-47bc-9a97-af460f211c21,Roger Hinds,https://play-lh.googleusercontent.com/a/ACg8ocLaRcLoiPk6YVxCj2_6Zv2_nmvGne0gOSGdGCnt2nTXPucHtQ=mo,Nice,5,0,2310.101.10387,2023-04-18 18:53:14,,,2310.101.10387,1,True
d791ad67-6e31-48f4-9c6f-ec50bd2edd3b,Bob Moe,https://play-lh.googleusercontent.com/a/ACg8ocIbG5mqlJV2R3gSlxSj0PzuMVRx-FGjYeyhEfGLLiXlc7wCa7w=mo,Works good,5,0,2130.101.8554,2023-04-18 15:24:39,,,2130.101.8554,2,True
0ecbae94-c619-4f2e-b881-b7841685fe3f,Ken K,https://play-lh.googleusercontent.com/a-/ALV-UjUKFdFbzEh3LSlc7F7OqYeN7x-jY1d5LiNFy2xd5UIYuV249rpyDA,"This app should be cut from Google play as it sucks so bad. You can drive 10mph under the speed limit all day, not do a damned thing wrong and get knocked down 49 points? Ridiculous. Is the whole world gone mentally retarded? I know the CIA Nazis are but geeze.",1,1,2310.101.10387,2023-04-17 15:28:38,,,2310.101.10387,51,False
8db1bed5-d940-4293-8813-2a97e86bf857,Brian Jenkins,https://play-lh.googleusercontent.com/a-/ALV-UjXPMZVUYcvqlVBoU0DryP2BM57j0_ZYWVDCQrjumGHYJxLerP8,"I've used 4 different elog systems in the past few years. And this one, Samsara, is BY FAR above and beyond all the rest in being THE WORST PIECE OF GARBAGE BY FAR! Compared to all the others If I could, I'd give a negative rating number",1,2,2310.101.10387,2023-04-17 08:48:02,,,2310.101.10387,47,False
bead28a5-7196-43c7-9827-3f82cd51a94f,Nick C,https://play-lh.googleusercontent.com/a-/ALV-UjXER0gOpDRkxopObQbJ47SCwj6W8JTSNN1I-eiFaJArhwidYJdw,"When going off duty, I stay connected with the vehicle if I forget to leave the vehicle. Then mechanics take the vehicle and driving is recorded which I can't change. My shift starts and hour out. Please, add a prompt to leave the vehicle and all will be fine.",1,1,2310.101.10387,2023-04-15 14:50:39,,,2310.101.10387,49,False
5afd275e-88cc-41ae-afea-a8801f2a66e5,Glenn,https://play-lh.googleusercontent.com/a-/ALV-UjU_FsqwBdvNtly9VXm1_QvZw8pSCbz57nJQRXEDUAIjcHHMBndqPg,sometimes it doesn't work properly,4,0,2231.100.9874,2023-04-14 20:25:38,,,2231.100.9874,5,False
3714303f-35ae-4a21-978d-f9fc0d75cad2,Dynamic Freight Haulers,https://play-lh.googleusercontent.com/a/ACg8ocLrFgYxfc2YLQUC8ZXVrnexCp4UBpaLG2OZlueHj_jtFtZBJw=mo,Collecting our data without paying us is unfair business practice.,5,0,2231.100.9874,2023-04-14 11:54:47,,,2231.100.9874,10,False
856fa00f-5de7-494e-8a1d-782d123c507d,Rocky Shoker,https://play-lh.googleusercontent.com/a-/ALV-UjXVFaz8TT7JNqKqyOYj_Zh9PWvj6j2g81BIFUSXBqoiWS5nDYUW,Works very good so far.,5,0,2310.101.10387,2023-04-13 01:47:28,,,2310.101.10387,5,False
d464cea3-480c-4780-a373-2ce8e901e0e0,Rick Meeks,https://play-lh.googleusercontent.com/a-/ALV-UjVUlKcMIOZANz0axyxO1WG3nlAueM1V0x1IPKUu9pwX2PbPZkuC,Very nice,5,0,2231.100.9874,2023-04-11 17:04:24,,,2231.100.9874,2,True
06e6af71-6768-479a-be9a-f7199b4cc33e,JEREMY C BELL,https://play-lh.googleusercontent.com/a/ACg8ocIAfoOsExA_yfLby4jrhN3t9vI6rNvXXdyUJ8X7ZdXTk20mcfXp=mo,"The log book is not properly moving the data from the daily information, i.e., truck number, trailer number, and BOL data. Also, I can not write more than 4 words in the messaging portion of the app without requiring an app shutdown, which I have been told to also restart the tablet. But dispatch can send paragraphs of information without a problem.",2,3,2310.101.10387,2023-04-11 10:34:31,,,2310.101.10387,62,False
a4b53e0b-0791-4cfb-9fa4-d0b8b1c33b43,Maurio Williams,https://play-lh.googleusercontent.com/a/ACg8ocJM65zxhmW5Dq87iRglVaERCxyTcF-wH1VqqD0OvH0WGz4MMis=mo,Very useful,5,0,2310.101.10387,2023-04-10 21:48:36,,,2310.101.10387,2,True
930236bd-deb6-4631-99b4-f1e3bdbfd5bd,trevor watson,https://play-lh.googleusercontent.com/a/ACg8ocL0LEKYLlxyHF3rGpYawZigT3II6aJY12YCB2gq7Ou-Y5F8GA=mo,Very easy to use highly recommend,5,0,2231.100.9874,2023-04-10 17:34:27,,,2231.100.9874,6,False
ae9380b4-036e-4271-866f-274e987ec08c,Milkshake Bandit,https://play-lh.googleusercontent.com/a-/ALV-UjXjytMUPUtGXSzwIRHXK8j6TsFOyYdtdd-rbcNEZ2rkgyZyTd4x,Log issues due to the app changing me to driving status randomly,1,0,2310.101.10387,2023-04-10 15:12:03,,,2310.101.10387,12,False
765826ae-b38f-45cb-bc80-61a5725379db,Ighile Amienyaru,https://play-lh.googleusercontent.com/a/ACg8ocLdCQBa1btfBiLjq2zRPSO9uX3qeFBoF1mTOFshX4iLmRTYcg=mo,Easy to use,5,1,2310.101.10387,2023-04-10 12:52:08,,,2310.101.10387,3,True
d8d94419-17b9-402b-a771-a13bf73a6ed2,Noggin The Nogg Fubar,https://play-lh.googleusercontent.com/a/ACg8ocKcC34D6szHjl58f4JnLLSqgsbhl73ie1XXgzdCeD00Gn9w=mo,My employer insisted i install this. It just makes my phone overheat and no doubt is farming my data to all who will buy it.,1,0,2310.101.10387,2023-04-09 10:56:08,,,2310.101.10387,25,False
ea04c8c8-ff3a-43a8-a8aa-95f56e0327b4,Gerry Bernadette,https://play-lh.googleusercontent.com/a/ACg8ocKpPlW8Ef3wi8yrOpMHIy7fqbl_QRCsOgc6lfBpOBpXpCxBvg=mo,👍,5,0,2310.101.10387,2023-04-08 17:41:41,,,2310.101.10387,1,True
cc54efbb-d3a1-4725-9581-659ce3036d4f,Manny Roca,https://play-lh.googleusercontent.com/a-/ALV-UjUVq1wJ240QFUotuhKSkWMpPKRTw7MNDxQn9hQWzb-dipYhz1d78g,Very good service,4,0,2310.101.10387,2023-04-08 17:08:21,,,2310.101.10387,3,True
d47aca82-6929-46fc-a4eb-9b7fc5f0ed86,ryan Wright,https://play-lh.googleusercontent.com/a/ACg8ocJOMZ8SHIRa6HUq-dV9i-JX23_F8p-cgRIrguh3YuV6i8Ruzw=mo,Working great,5,1,2310.101.10387,2023-04-08 09:56:27,,,2310.101.10387,2,True
b2decca1-a856-4b11-a4d4-13724eeb13db,kelvin king,https://play-lh.googleusercontent.com/a-/ALV-UjVW7xqkfB-qy5oxvaBmBf7kHvxdJMjL8KG743x-viVOsLrKD4H1,Speech less,5,1,2310.101.10387,2023-04-07 20:08:42,,,2310.101.10387,2,True
d12bce74-dcb8-41c5-8915-fbf70049d1bc,Ray,https://play-lh.googleusercontent.com/a-/ALV-UjVCWN84D_1m6yyTejfr-Ih7_IBpsriymk62TYlRjy6l_RCQWV9qwA,Installed app again... Keeps resetting me to American from Canadian hos. No tech support NEVER returns message.,1,1,2310.101.10387,2023-04-07 11:31:07,,,2310.101.10387,17,False
2b228c0e-0e99-4e80-9868-0e7f13eb021a,Nick Hewitt,https://play-lh.googleusercontent.com/a-/ALV-UjVsNh9RcrmReThNpW4itOZR5zSvLqgMaOD2cN8PuQFKCml7lSs,"Horrible Stop bugging me when I'm off duty. Ever! Come on man! Every day! I'm trying to sleep or not work! Make it faster. I shouldn't have to click safe to drive 19 times, I've had 3 different phones, iPhone and two driods. I charge 50 dollars an hour for advice too btw. Tired of working for free.",1,2,,2023-04-06 23:14:52,,,,58,False
c0f596db-977f-41ed-9aa8-a1778e06fdc3,Vicente Estrada,https://play-lh.googleusercontent.com/a-/ALV-UjWoBqjgvds0MhW0dSRW6PD01AXCFnTGeJ0uMpHYq_pjTmKwLj_X,Easy to use.,5,1,2310.101.10387,2023-04-06 17:43:52,,,2310.101.10387,3,True
c605ec9a-0ec9-4afc-937c-32e05ae6d889,Jagjit Singh,https://play-lh.googleusercontent.com/a/ACg8ocL9Ca0Qx6-7hk_1HBDcJZRDpFX2hRouMmT9FTbthknpc6PqmA=mo,amazing. its reduced my everyday work.,5,0,2310.101.10387,2023-04-05 22:04:45,,,2310.101.10387,6,False
f8bf5a03-d685-406b-a0e6-22fcce2b1e9c,S Green,https://play-lh.googleusercontent.com/a/ACg8ocI_gyUsqSf-w4nCNc_2w_5jRSd5MHhy4_hycyLlGMxKijzbTg=mo,Nice,5,1,2231.100.9874,2023-04-04 16:43:57,,,2231.100.9874,1,True
9f1c24bf-b0e0-4d11-8e17-e1f4a5da81c5,Janice Boothe,https://play-lh.googleusercontent.com/a/ACg8ocJFlOyUOP3m1DKidU0A2zaH6cfJliLXx7SoT5zY4_XCVwBTFw=mo,Wonderful,4,0,2310.101.10387,2023-04-03 15:59:18,,,2310.101.10387,1,True
b18d3537-5fe2-4271-a835-f4d75d292781,QRT LLC,https://play-lh.googleusercontent.com/a/ACg8ocLhRHyP78mfQMQtxDZkXcVJuE8OMIUBIxBvEUNKh3UHvba9aQ=mo,Good,5,0,2231.100.9874,2023-04-03 15:22:04,,,2231.100.9874,1,True
d2f74b4e-b52b-4a61-b14e-1ebb6e1cde42,Omnibus Express,https://play-lh.googleusercontent.com/a/ACg8ocIWnN7mXTvaZTN6DtmEZ03j1eh2fnARjdFeqPU-hioZqvta6Q=mo,Excellente app,5,1,2310.101.10387,2023-04-03 08:58:12,,,2310.101.10387,2,True
b73761ce-b014-4418-aaf8-c897f27d7c4f,Marlin Burkholder,https://play-lh.googleusercontent.com/a/ACg8ocILFJzx4It_eIMjDAcO6bozP1grNPXQfVz1qoReCzo_yuKx_A=mo,Been a good e log program. Keep looking for ways to make it even better.,5,0,2140.103.8968,2023-04-01 21:22:22,,,2140.103.8968,15,False
28e10ae2-1be9-477b-bad5-ba927138c44f,John Luebrecht,https://play-lh.googleusercontent.com/a/ACg8ocLvhuOK63WiVl1-yC_aTCzySiy9LX82KULuDjI9ezpEwN8_kQ=mo,"I used this with another company and it didn't matter if you were in the truck or not. I had parked the truck for the weekend and rode home with someone else. It logged me back on duty driving the entire weekend, even though I was riding in a friend's car. I wasn't aware that I was on duty driving until I got back to work and went to log in. Then I had multiple issues. I ended up deleting it and haven't used it since. Very poor service. I'd give it negative 100 if possible!",1,1,,2023-04-01 19:19:48,,,,96,False
0e132897-5971-41fb-8caa-29cbca4d206d,Mitchel Martinez,https://play-lh.googleusercontent.com/a-/ALV-UjWYGuOO4-Z_4XeHCeO4tQDqV_DCcqAaHQG7aFL_P70YVYFoz_s3,It's OK once you learn how to do it,5,0,2231.100.9874,2023-03-30 16:49:51,,,2231.100.9874,9,False
84fb2043-a784-425a-a519-328fc5b0b6ba,George Dominguez,https://play-lh.googleusercontent.com/a-/ALV-UjWmDtVq0junZrVbDORnibesfxb0GHzAqio0SFKztPYRiMncpxcD,Easy to use and automatically runs when truck starts to move.,5,1,2310.101.10387,2023-03-29 15:23:06,,,2310.101.10387,11,False
53789b73-f57b-4bcd-9638-140ca1f7fb79,Michael Lennon,https://play-lh.googleusercontent.com/a-/ALV-UjW1ZkxDP1O1rWDU-8hUXFWLfUVllJP9EDY_d-dE_UA5Diz2BUmxnQ,"I have a tendency to forget to ""leave"" my vehicle, and when the shop moves the truck for whatever reason, it automatically logs me as driving. The only thing I can then do is make remarks as to the few minutes of drive time is not mine, and belongs to the shop. Should be a way, once a person has gone off duty, to make these corrections as I have a daily specific start time and these occurrences put me into violation mode. I'm not technology smart, so I don't have a answer as to how to fix/improv",3,3,2310.101.10387,2023-03-28 21:52:13,,,2310.101.10387,98,False
de182952-4132-4cd3-9616-9ada22a67149,Martez Guy,https://play-lh.googleusercontent.com/a/ACg8ocLz7PDNEBzcMqDki6-EbgkbQfT7fXC7SkuC8B6PrZzU6j-k9w=mo,Good and easy,4,0,2231.100.9874,2023-03-27 17:48:35,,,2231.100.9874,3,True
afac260e-9264-499a-bf80-b17c7e116f83,Bill Hughes,https://play-lh.googleusercontent.com/a-/ALV-UjXhN-XdkiKIumiWGm4rxrP2F8VaeMwo8lm-n_NqV1nAFSFaduva,Always accurate and easy to understand and use.,5,0,2310.101.10387,2023-03-26 11:34:31,,,2310.101.10387,8,False
cdb6c3f8-12eb-41c0-a757-700a49f7a0ff,Chad Lasher,https://play-lh.googleusercontent.com/a/ACg8ocI-N_Jv77WIie0oV_Jngpe3ZKEMn712RPXAnqT1-X8sPVAZsQ=mo,Good app to use,5,1,,2023-03-24 20:13:04,,,,4,True
2f487e4a-0fd9-4f58-afcc-1c9debad7af7,Joseph Mauri,https://play-lh.googleusercontent.com/a/ACg8ocKW824utR4dBte3KijpddNOEutTelmox7lsrNYexRLZnGXF0A=mo,Works great,5,1,2310.101.10387,2023-03-23 00:45:00,,,2310.101.10387,2,True
852f14dd-99dd-41e0-b1f6-61788900061e,OP LeDon,https://play-lh.googleusercontent.com/a/ACg8ocLWwR-n4GFskhkK3aLQzprUePLhXgiwmh0jjm_L64_Smviopg=mo,Easy to use,5,1,2310.101.10387,2023-03-22 20:13:41,,,2310.101.10387,3,True
554f4188-b17d-4246-bf54-d6310977de51,Dean Jackson,https://play-lh.googleusercontent.com/a-/ALV-UjXj3qeFlkufYcZouZEvllTrjOLZ5D-hmYSapN7MaSvC_95yNrze,Great,5,0,2231.100.9874,2023-03-22 12:29:00,,,2231.100.9874,1,True
c431bef4-0386-47ca-985b-5d637197068e,sean read,https://play-lh.googleusercontent.com/a/ACg8ocLFvvVmWsn6mAOKgBHmgO7UfAlSn0h5dm3en7KwBEZ49SGmEw=mo,Junk app - my company also tells us it doesn't use our cell data and it magically connects and does what it's suppost to LOL but seeing on website it requires the company to install / set up a hotspot service - last I checked my personal phone isn't company property and shouldn't have company apps on my personal phone,1,1,2231.100.9874,2023-03-21 09:03:48,,,2231.100.9874,60,False
02a06012-d991-428f-8ab2-235dc60d5c54,Manuel Riley,https://play-lh.googleusercontent.com/a-/ALV-UjVWMJeRRgSP2uf3UdxlK0aWWp4AioDjvVEy7SutbXm2hb2pKUsB,Pleased,5,0,2231.100.9874,2023-03-20 16:52:31,,,2231.100.9874,1,True
e03a13cd-aca7-4deb-b8e3-d46bd5d12592,Ben Popp,https://play-lh.googleusercontent.com/a-/ALV-UjW3ZAsJA2qZ1QZ3jlHpyvK51O_uBqkbQ3neZm3b-0Q16gMYKoY2Hw,"After using J.J. Kellers eld and app, this app is way simpler to run and requires less user input.",5,0,,2023-03-20 16:06:36,,,,19,False
b93fc6b2-565c-4b44-b599-87bb63d8e0d9,Troy Bellamy,https://play-lh.googleusercontent.com/a-/ALV-UjVVsMLMl0LQwGFz2xaAtCL-U9LsFofP0O1L6puR1wudV1jcuKah,Comes in very handy when the unit isn't working,5,0,2310.100.10316,2023-03-20 15:38:48,,,2310.100.10316,9,False
3779333b-43a7-4d09-bfaf-9bd23e4e9eef,Ray Bregenzer,https://play-lh.googleusercontent.com/a/ACg8ocLXEYZkRQr-v4rpy4O2ozI2DUZoq7zYKc6dX5SXNJd3dhDeOQ=mo,App is ok but the Feds need to get there poop together. People are not machines. Uh,4,0,,2023-03-19 13:28:22,,,,17,False
a7b582ed-98eb-46a4-8ce8-2b54207bc16f,Martin Diaz,https://play-lh.googleusercontent.com/a/ACg8ocIqpRLGjaM0h4gsX6WqNoby1HcFgiFhDyZL_1zBZtKECeJQIA=mo,Simple and easy to understand. This far best ELD I've used,5,0,2310.100.10316,2023-03-18 22:22:03,,,2310.100.10316,11,False
aca462a1-dafc-4247-8b6f-1fc435cfc0c5,Boris Cardoza,https://play-lh.googleusercontent.com/a-/ALV-UjXtdAn5FwVe8asyNK6HfhcEh-s902MOWd4QM_lndmTvtURr8xko,Good,5,0,2210.102.9390,2023-03-18 15:33:57,,,2210.102.9390,1,True
43591edc-6917-4e88-ac16-bed3fd04f420,Faisal L,https://play-lh.googleusercontent.com/a/ACg8ocLVhF0fD_JUIYQy3wGD2XGmNE_cyu13GchnJ9yEC4gDG8vpPQ=mo,Best app for ELD,5,1,2231.100.9874,2023-03-18 11:40:58,,,2231.100.9874,4,True
b125c98a-ec19-414d-bfdb-f33b8b5c0a14,Nick,https://play-lh.googleusercontent.com/a-/ALV-UjUni176qLQVG7191xLnlPYiq5HiKeYAZ1uFtJhRMDrYGaynbiAl,"Wish more info would be shared in between the log book (shipping numbers, trailer numbers) and sending info to the company. When we send a BOL number and trailer number in we have to re enter it in the log book area",2,0,2310.100.10316,2023-03-17 18:51:21,,,2310.100.10316,42,False
ff068b3c-c3e6-4f7f-bd89-071e3548d3ca,Francisco C,https://play-lh.googleusercontent.com/a-/ALV-UjXjBwXvtAlXINFRMkNpH16DLluWzND0qgfedLyXbIWasLFLM7o,Easy to use,5,0,2310.100.10316,2023-03-17 15:37:35,,,2310.100.10316,3,True
f8b9295e-6756-4cbd-b362-55f44df5f258,Mrs.andMr. Love,https://play-lh.googleusercontent.com/a-/ALV-UjWO6mXQIIOu2Z3nuMi8hERbCPLzmi1alxiNhXdMOlM8Aengnv0,Two thumbs up,5,0,,2023-03-16 17:11:49,,,,3,True
82887f16-0e19-42a1-ae2c-1f128d0b997d,Brian,https://play-lh.googleusercontent.com/a-/ALV-UjXupjpFhBqcoKfYe8qbt2CKE7B68F0puyrhXoY86oznuIX2nwsgxw,Company use this. It seems pretty dependable.,5,0,2231.100.9874,2023-03-16 12:09:01,,,2231.100.9874,7,False
115e039e-8413-4c1c-a423-fe57aef3d798,Miguel Gama,https://play-lh.googleusercontent.com/a/ACg8ocIafqbnsETTHMqogOY24d_g2zTteCwH-8UthivoeIDujA__2A=mo,Good,4,0,2231.100.9874,2023-03-15 22:28:47,,,2231.100.9874,1,True
615a79de-438a-44e1-8406-fd5faa4a53a5,High Heathens,https://play-lh.googleusercontent.com/a-/ALV-UjW3vRnJ5AHUZoxBCpWlvEQaaU502iHwYIse1z6tl-0-DOccgeML,"I have had Zero problems using a split on this app. If done correctly, you will not be in violation. I have no complaints yet.",5,0,,2023-03-15 07:29:36,,,,25,False
46b10b0d-62fe-402b-b5ad-86051d6d898d,Antonio Benitez,https://play-lh.googleusercontent.com/a/ACg8ocJiC62Yb8pllTBUzLtLz7-orqacLlwx8O4YSdGUC12gGiAuIg=mo,Good,5,1,2231.100.9874,2023-03-15 07:27:35,,,2231.100.9874,1,True
53c82bcb-7187-4bcc-9aaf-6b20e0c54095,Chuck Thim,https://play-lh.googleusercontent.com/a-/ALV-UjUkjMspCiOVSg_6hhEzw_sBveiU0SZW4dcZr4ucu__glzuj_ho9,Good,5,0,2231.100.9874,2023-03-14 23:47:50,,,2231.100.9874,1,True
6852380f-9f8a-418f-9a62-414e5df2c891,Cynthia Chastang,https://play-lh.googleusercontent.com/a/ACg8ocIZIWGmmL8MpxjuR9vP4pjVr4BeWx5HEPubmzNMxA91oZji9w=mo,"It's so much easier to navigate, and it allows to keep track of time.",5,0,2231.100.9874,2023-03-13 17:33:48,,,2231.100.9874,14,False
67a82c0f-8e7e-4df0-91c6-b8767a186d57,JJA Munoz,https://play-lh.googleusercontent.com/a-/ALV-UjXAA_SCs6cNvEdANdWKWUOS6Evz0gXt7ztOIf_B5sQuzga23RE,Alsome,5,0,2231.100.9874,2023-03-12 09:48:59,,,2231.100.9874,1,True
27e033a3-f2a4-4c0e-9bc1-e748349bc14a,Chancey Foster,https://play-lh.googleusercontent.com/a-/ALV-UjUAQRGMeniQFhqC1y3AcEvPjU2tmxaYCLiVDqEtcCgMEz5RhirOHw,This is a buggy app.,2,0,52.1.7005,2023-03-10 23:29:23,,,52.1.7005,5,False
7ae1197b-079d-4ff9-ae1a-36080fdedb97,James Howell,https://play-lh.googleusercontent.com/a/ACg8ocLuln-U_Py23wU7-khGfzyCoxwhnjrPkQAj4tDQXZmZKMv34Q=mo,Works well once you get use to it,4,0,2231.100.9874,2023-03-10 19:44:34,,,2231.100.9874,8,False
96e10112-9382-4009-b6d3-8936cab8d78d,Mauro Bazan,https://play-lh.googleusercontent.com/a-/ALV-UjV6SqmOW3QhC05Hm6dAkbgp2S9zMkU2exKQd2o2Ug_Nro81a9Rb7g,Buggy and constantly crashing after using the user interface. Especially using the messages function. It will bug out and refuse to work if you scroll to previous messages.,1,0,2231.100.9874,2023-03-10 12:02:20,,,2231.100.9874,28,False
0fbbdc5a-4c63-46ba-bbac-bcbcc4ef1e12,ccc inservice 1,https://play-lh.googleusercontent.com/a/ACg8ocLMlpnxr1S74jipfsjJti18GztgqpXantkHUxH7He8feN_cTg=mo,Great,5,0,2231.100.9874,2023-03-09 12:18:09,,,2231.100.9874,1,True
0616d24f-c901-4afa-9916-e90761b26abe,Roy,https://play-lh.googleusercontent.com/a/ACg8ocKodu08Op3d-3FzWXylWo0Du98FR1n9OyzgDgEpuvqBQXeRfQ=mo,Great,4,0,,2023-03-08 22:13:29,,,,1,True
b259d037-a3c1-4f62-ae83-36cf969e8ec7,RTC Rajas,https://play-lh.googleusercontent.com/a/ACg8ocKkYBotQX4i20gV84F_qu6ukY2j0QZs-KitPD8aOyKC6mujvQ=mo,Much easier then hand log book 2thumbs up,5,0,2231.100.9874,2023-03-07 19:58:30,,,2231.100.9874,8,False
a9f0e587-f7a9-4ff5-81f5-16c1da8d9857,KING RIVERA,https://play-lh.googleusercontent.com/a/ACg8ocJGpcZ_s6EZv2B8r_ydO9zZSO0P9REOdVXnQYrGnodAaEik1Uc=mo,Great and easy,5,0,2231.100.9874,2023-03-07 13:06:39,,,2231.100.9874,3,True
8055ac31-f887-45b2-a327-79fcbcc74811,Joseph Beach,https://play-lh.googleusercontent.com/a/ACg8ocKA53kEe7IPu9S17v1v7x7Xa8wd-wAt1kGNyOnKr23JTBBoOA=mo,"My company is switching to this, one thing that I like is I can use on my phone. The thing that I'm starting to get annoyed with is I go into sleeper berth before my time runs out and it keeps automatically kicking me into driving when I'm completely parked. Please fix this problem",2,0,2231.100.9874,2023-03-06 17:51:42,,,2231.100.9874,54,False
44663ebd-15f6-4922-890f-979f7da270c5,James June,https://play-lh.googleusercontent.com/a/ACg8ocIQ-RObKvZ_myVR7fy8SWe77hkFx93NxBpW2zHb57V403Rf2w=mo,Great app,4,1,2231.100.9874,2023-03-04 18:07:35,,,2231.100.9874,2,True
fe09742b-9042-4bba-bea6-7a44af4cd9df,Partnership Trucking,https://play-lh.googleusercontent.com/a/ACg8ocLbtUdA-2z3Dd_cOmTnnytNANy4FKoS_FbXYqxD_ZaeCUy4vA=mo,Complete trash. It keeps adding shipping I.D. and trailer number from previous days.,1,0,2231.100.9874,2023-03-01 04:38:53,,,2231.100.9874,13,False
7b49b207-bdfb-4193-95ed-92918ce44129,trurival,https://play-lh.googleusercontent.com/a/ACg8ocIwBwNvMtReHgXDAeJdrU3-HzoBATLoRNY9r-wyo_DenSijEQ=mo,Works like it should zero complaints,5,1,2231.100.9874,2023-02-27 20:27:37,,,2231.100.9874,6,False
e3c109fb-289b-4116-92dc-d30d5c842f91,Brandon Smith,https://play-lh.googleusercontent.com/a-/ALV-UjWxLdwdzJ0b-kyTYElKyHTKnmIexymon_pr2inr625VrRl_MYJPbg,"Recent update, knocks you right out of personal conveyance to on duty or driving even when you click ""stay in personal conveyance and fill in off duty.""",2,0,2231.100.9874,2023-02-27 07:00:32,,,2231.100.9874,27,False
5b46d09c-b024-455c-8575-4bc2f1a70ced,Willis Werner,https://play-lh.googleusercontent.com/a-/ALV-UjUGcCoXZk4lnmK7w8A6iJALz7g0vyBQ_Xmy_of5z_s9SgMs5cb1ag,Great n easy,5,0,2231.100.9874,2023-02-25 11:58:51,,,2231.100.9874,3,True
b0997202-8c79-41d5-89ad-8e99a2442723,Roosevelt Thomas,https://play-lh.googleusercontent.com/a-/ALV-UjW_aUSZyEBSOihihskxEYsqyWNIm5GDZo5lbIVVqTyX5Fkc73DX,Awesome 👍,5,0,2231.100.9874,2023-02-24 14:12:11,,,2231.100.9874,2,True
9b273008-34fd-44d9-ac86-8764cb8301e0,Kathleen Barnes,https://play-lh.googleusercontent.com/a-/ALV-UjWSCMYpSGOX7aPHnuYShMl6IkvZJpwEcAI71aC0Uxix0aBtiqkt,Love the phone app,5,0,2231.100.9874,2023-02-22 19:41:58,,,2231.100.9874,4,True
8c541de0-fa1f-43aa-802d-d72e8834a7e3,Michael Gilroy,https://play-lh.googleusercontent.com/a-/ALV-UjWhy0n17QvPJIPXaQUgN8zrjeKbXqFLM4CY9SlpnTGQQ1kmvQkG,"When I'm low on my 70 the total shift doesn't show my actual 14 hour clock, just shows the same left in my cycle. Why can't the app show the 14 hour clock irrespective of the cycle? Even if i have 6 hours left on my 70, i still have 14 hours to do it. Be nice to know what i have left of my shift clock.",3,0,2231.100.9874,2023-02-22 14:57:32,,,2231.100.9874,67,False
4e465c86-3c90-40be-acd4-631aaea65b7a,Cox Transportation,https://play-lh.googleusercontent.com/a/ACg8ocL4WN9GExQ5Y9ra66YpcoBs-zjz_pUG5L5wswVtqmIJV4fD-w=mo,Irritating when it misses up,1,1,2231.100.9874,2023-02-21 21:56:16,,,2231.100.9874,5,False
707e66f8-9cfe-4120-bfe4-de0dd32ff301,Trey Ross,https://play-lh.googleusercontent.com/a-/ALV-UjX-0DJCSaxHfTNIYNlEYbYUG_jsIuJB1fjpF1muD4odkN21WA5Azg,"It works great until it doesn't. I have had violations doing a split. The most recent just being a few days ago. With the new split rules it is should be even easier with electronic logs. It will display a toggle when a split is allowed and will show the logs correctly. After you have shut down after seeing on screen you have completed a successful split and ready for a full 10hr, you will wake up only to find out that it NOW says you are in violation the previous day.. WTH!!",2,34,2231.100.9874,2023-02-21 16:11:35,,,2231.100.9874,93,False
37d40f6f-902f-431c-9eb8-3335ee23878e,ron hartwell,https://play-lh.googleusercontent.com/a-/ALV-UjXbZn8PfxgC0knYi3Hb0wIODFpd5gTLq4pvYAYpjXzzgNMehKg,Great!,5,1,2231.100.9874,2023-02-20 16:47:16,,,2231.100.9874,1,True
3e49f46a-c77c-45dc-8835-4c9a6978149f,Kevin Nguyen,https://play-lh.googleusercontent.com/a/ACg8ocJebfoapJHP9TfDujTlOmncJ7Ns7rNY34od2TmfCFiqjlnEFQ=mo,Logs me out seemly at random. Would rather use gomotive.,1,0,2231.100.9874,2023-02-20 10:51:44,,,2231.100.9874,10,False
cc63ea65-11ec-4cdd-b073-787868cc882e,MDS (Outlaw6Alpha),https://play-lh.googleusercontent.com/a-/ALV-UjXz7qWbXgzGi9Fa3QlMgdSqTRkBK9i_mROQqvS1Vrpx6brBASF4,Screen is really bright at night. It will switch to night mode 3 hours after the sun has set. Needs to have an option for the driver to make adjustments based on their preference and not those behind the desk. Just saying if you want drivers to remain safe then try to work with us. Your screen is so bright at night even after changing the tablet illumination settings to low it can be difficult to see.,1,0,2231.100.9874,2023-02-17 10:53:37,,,2231.100.9874,77,False
9ab1fe51-c314-4294-acce-daf15ddd6942,Dustin Nelson,https://play-lh.googleusercontent.com/a/ACg8ocKqF2tnLfIFivQqIMWGPExZ6UnpoAYzq31VKvhZw9QLyWakYw=mo,Keeps freezing when texting Samsung s21,1,1,2231.100.9874,2023-02-15 05:40:20,,,2231.100.9874,6,False
e3402510-6a23-4b2f-b2b0-d864f0fadf51,Alfredo Bonilla,https://play-lh.googleusercontent.com/a/ACg8ocKXajxgByn3ffQVuEOmoD-7sdzCzVBVOx5bcb9JaqpGJC5QkQ=mo,Exelente,5,1,2231.100.9874,2023-02-14 23:07:03,,,2231.100.9874,1,True
4c31a537-7236-42d0-b4be-ea44f83f3152,Reinaldo Alvarenga,https://play-lh.googleusercontent.com/a-/ALV-UjUGKltfZ7ZW_XDpwb1ebByhIQWE-Si-Oc6L1up8GzlD7vBE0aRR,Easy eld,5,0,2231.100.9874,2023-02-14 20:13:10,,,2231.100.9874,2,True
1feaa036-ed42-4099-b1d6-fe20eeaf9bb1,Pride Dispatch,https://play-lh.googleusercontent.com/a/ACg8ocKepN9IxAsFuNSJWlS2An1KW8Qa-hcpT_NTrTcztZ_OcCmnhQ=mo,"Worst ELD ever, switches statuses on its on to driving randomly when not driving. Constantly setting driver up to get in trouble. Would not recommend!",1,0,2130.101.8554,2023-02-14 08:55:36,,,2130.101.8554,25,False
44105665-fe51-4c82-a591-fadfad8798db,Amel Betancourt,https://play-lh.googleusercontent.com/a/ACg8ocImw6_pdqxEw-ot8Qge_X0JQfhre6XJgwK8kzWA0-38ZPGf_w=mo,Easy to use,5,1,2231.100.9874,2023-02-14 03:30:34,,,2231.100.9874,3,True
71e86223-e5f9-4ba4-9c2d-4d1aaf166143,Coast Coast,https://play-lh.googleusercontent.com/a/ACg8ocJ-jRP4uL7BypBOs8_Lr1Hpmv6fVAv7p9fEBN--bPCoWhcEPWg=mo,Very Easy to operate And a very helpful tool in my industry,5,1,2231.100.9874,2023-02-13 17:36:27,,,2231.100.9874,12,False
469c6beb-84ed-4520-b831-8fcad13a90fc,E B,https://play-lh.googleusercontent.com/a-/ALV-UjUZewMnufklIXBQ7FApDjoyeuBL54abuERDwW1mOGPzUj6orQtHPg,Very simple to learn,5,1,2231.100.9874,2023-02-13 16:25:56,,,2231.100.9874,4,True
049921da-d4ec-49f2-9610-cdb6bc38530b,Fouad Mohamed,https://play-lh.googleusercontent.com/a-/ALV-UjV99r7bDJLEvH-XZqHjfecC04sk0Ee6Jz8i_xARph1HN04izAk,very good,5,1,2231.100.9874,2023-02-12 10:58:52,,,2231.100.9874,2,True
dcd99254-af37-436d-b997-8d3042db35c1,Mary Lou Berkheimer,https://play-lh.googleusercontent.com/a/ACg8ocL00wqTcr_l5d4MDJ7pHUaml7Qkef_LbQuozOwkvtwa7YbTBQ=mo,They make it simple,5,0,2231.100.9874,2023-02-11 12:49:02,,,2231.100.9874,4,True
32398ada-ae58-4821-88ca-7492ee1c24ab,Tqweso whs qaron Harris,https://play-lh.googleusercontent.com/a/ACg8ocJODfnRl3Uzdjj6qe0OQ6P5BjFPLaDZOyuHM25Yav62ROzgkQ=mo,Easy to use and very convenient ...,5,0,2231.100.9874,2023-02-10 15:14:45,,,2231.100.9874,7,False
1300d77d-6603-4dc6-a4d0-1fbc750fdb6b,Patrick Baul,https://play-lh.googleusercontent.com/a/ACg8ocKlrTOlXkiAYgNkTzImik0ncpAJHjOr5BFlLVLYn4uJdG40wA=mo,It's easy to use and convenient,5,1,2231.100.9874,2023-02-09 15:54:14,,,2231.100.9874,6,False
dbae424b-b369-4058-a200-c790e61200cc,Alfred Galindo,https://play-lh.googleusercontent.com/a/ACg8ocLWZwHA_4darVcQgy7vd5wSmiSdeyyVwLeDTZH2knuBkZFYTA=mo,Great app,5,1,2231.100.9874,2023-02-09 10:16:32,,,2231.100.9874,2,True
a745f8b1-dda1-4fcc-824a-72fb5af689ef,ARI FNDI,https://play-lh.googleusercontent.com/a-/ALV-UjUqy_0MpyDIQes9BKrCdkdpf0oOos2atGtkLOU-ACPTQ7qjisrmxw,"NO , NOTIFICATIONS AS FAR AS SOUND AFTER YOUR DRIVE TIME TO ALERT DRIVER TO SIGN OUT !!!! ALWAYS NOTIFY NEXT DAY ABOUT VIOLATION!",1,1,,2023-02-09 08:30:29,,,,24,False
5b22e4a2-49ff-46af-b3f6-e9a2b90c48a8,Nathan Nolan,https://play-lh.googleusercontent.com/a-/ALV-UjUHtzYm39oGsdWqmhCNQR-1xJQw-xue16Q2Mn-OPo_53c2kCb6NTQ,"Terrible eld, messed up on me multiple times and left me stranded with 30 hour resets over and over.",1,0,2231.100.9874,2023-02-08 13:04:06,,,2231.100.9874,19,False
e1370506-5d6e-4a89-8461-0bc0f6ee022e,HUSSAIN MUHAMMAD TANWIR,https://play-lh.googleusercontent.com/a-/ALV-UjXzxLFLmZjWBsqLRHShaS8xVvgRcCQL1mAffxgHaWpbOksci4op,Extra Ordinary App love it,5,0,,2023-02-07 20:44:20,,,,5,False
e4016f20-3a4f-42b1-a355-4dd37648b229,Charles Mapp,https://play-lh.googleusercontent.com/a/ACg8ocJL55PTnsptZpcJhqGaf8Fk9NJITCrvkuYTqMlyvnDjUT7vckSy=mo,Easiest logging of EVER.....HANDS DOWN!!!!!,5,0,2231.100.9874,2023-02-07 12:08:15,,,2231.100.9874,5,False
fae8437e-b1a2-45ce-b6ea-3b1e282008da,Greg Daniels,https://play-lh.googleusercontent.com/a-/ALV-UjXDFQE4PE_8A8nVjhvf5Iu7uoBwDgJxeqbLYV2zSfQEJbAGmEdQ,Don't care for the way when you edit a status you can slide the time bar to where it doesn't add another status to it. And having to take a picture EVERY TIME you do an inspection. I can see it if there is something wrong or happened other wise. No need for a picture every inspection. Simpefi it.,3,7,2231.100.9874,2023-02-07 11:27:08,,,2231.100.9874,59,False
00892b20-b4b6-44e1-ae6e-92f3ef17fcf3,Safety Tramuc,https://play-lh.googleusercontent.com/a/ACg8ocJBG8EsnBj13SBLsFO_nocEzR4rFVp_sZl8EqRiGs1FdRlfhg=mo,Keep up the good work,5,0,2231.100.9874,2023-02-05 14:46:10,,,2231.100.9874,5,False
e62ef73b-a5b2-44a4-8ac3-6ef89f12326f,Google Acct,https://play-lh.googleusercontent.com/a-/ALV-UjW3IilBuiNKMV4mfQFbdue9jJb5bTVywiFAyBPj_-fQaX_08f8e,"I had a safety score of 100 for 2 months straight in rough winter driving conditions. According to Samsara, the company can give administrator functions/access to its dispatchers. The dispatchers can then go back up to 6 months and lower your scores if they so choose. Obviously this app cannot be used for legal purposes what-so-ever. If this were a legit app that you could use for any trusted legal function, this capability should be removed.",1,1,2231.100.9874,2023-02-05 13:58:20,,,2231.100.9874,76,False
5ef95258-70ef-4d3e-beb6-a73187bb309a,singh cheema,https://play-lh.googleusercontent.com/a-/ALV-UjURGCH7CdfA5m2_VEEnY47i_eMU2CBA9TPgVZFaM4VvqBuJZTqOzw,So easy to use it.,5,1,2231.100.9874,2023-02-04 21:05:36,,,2231.100.9874,5,False
24ccca52-4827-4d12-ab40-0fcf076b51d5,Ken Thomas,https://play-lh.googleusercontent.com/a-/ALV-UjVRVDjdZRyvmjErbAuzhSQleWl68Nt0qk26W2sTw7ZB_OAYXAcYpA,Easy to get fixes to the trucks without talking to dispatchers or mechanics. Also easier to do a walk around because it gives the most important things to look for,5,2,2231.100.9874,2023-02-04 02:13:27,,,2231.100.9874,30,False
8c44a835-dc20-41cd-9499-747cf49deda3,Glen pate,https://play-lh.googleusercontent.com/a-/ALV-UjVYxL_63KMnLVnLubwhrtGzO77uKKec5jowlzD6j2h2OlcFv7_L,This app makes life easier,5,0,,2023-02-03 20:58:21,,,,5,False
eb948f03-a66b-45f7-9488-4fe982f36f0e,Allen Thomas M,https://play-lh.googleusercontent.com/a-/ALV-UjUm24nosV8Fnpg05vmPoLlxk0bCgkfR9lc4tNNX_c6oNCmWWTIwEg,Hate every bit of it,1,0,2231.100.9874,2023-02-03 08:11:53,,,2231.100.9874,5,False
a72e71cd-dceb-4c35-ba09-2bcb44b970ee,Mark Jaccobs,https://play-lh.googleusercontent.com/a-/ALV-UjVEd1UpwvEfvTLA-Ddry_l5iS7eu2qmUX3ZrKroURbdEmTi1f0e,Good,5,0,2231.100.9874,2023-02-02 13:39:14,,,2231.100.9874,1,True
582cf2f9-2470-4396-b362-c0cef42e5083,Ziggy Z,https://play-lh.googleusercontent.com/a/ACg8ocKE_ix9PfSPzbvpELthEyPVDtFg-D-RPKU9TFtZSE2GxXU4QQ=mo,Best.,5,1,2231.100.9874,2023-02-01 14:59:14,,,2231.100.9874,1,True
bf5165eb-7a15-4445-81bf-98dea9701543,Marcus Johnson,https://play-lh.googleusercontent.com/a-/ALV-UjVZsgpVUQyJicVbxv0fhRFUVmb8_RCxf0HjqVeVGij_vpjpmAGgDw,Problem everyday,1,0,2231.100.9874,2023-02-01 11:43:35,,,2231.100.9874,2,True
ab6bbec4-38c3-42f0-9cac-76dc66d27adb,"Bryan Knox, Child of God",https://play-lh.googleusercontent.com/a-/ALV-UjXG_Ub5RF2ID_3Z5AUZbzYul4vqlNdK6JEI5Nt4PvR0dXfZesw3,Better than people net,5,1,2231.100.9874,2023-01-31 11:56:49,,,2231.100.9874,4,True
2afd385f-7cf1-4ca8-81a4-3742c4f54c2b,Harry Johnson,https://play-lh.googleusercontent.com/a/ACg8ocI1VnctgDm2Ozzz1N-4y2Er6GOvVROc0nGa7YoVfz24phN71g=mo,Time saving,5,1,2231.100.9874,2023-01-30 22:04:46,,,2231.100.9874,2,True
a60b3ab1-0ead-4a52-8ee3-3528a5b42f0f,Adamadis Anarch,https://play-lh.googleusercontent.com/a-/ALV-UjVqQw81AxLE2Bs6vLkb2la0DFNWEYp_o7_Dr_Xa95__8aGsnrdN,"This log book is a joke. You hit certify but next day 2-3 become uncertified... but not only that, all shipping information, trailer information is missing... It takes 5-15 minutes a day to re add up missing information and certify it... and when set on sleeper or off duty when doing 10 hours rest Samsara sending notifications that I'm driving and need to change off duty status... Why? It's already set on off duty... and other issues... app is annoying... I use it only because of the company...",1,8,2231.100.9874,2023-01-30 05:51:13,,,2231.100.9874,88,False
bdfe23d3-ba72-4dae-b668-5e355a22091e,Black and White,https://play-lh.googleusercontent.com/a-/ALV-UjXyHlo25Zp5tVf9hXicU8v_BNivAUgbwEjzFNzj6wkznuGh7vuG,So far so good.,4,1,2231.100.9874,2023-01-29 20:04:41,,,2231.100.9874,4,True
61c67067-d43f-47a7-95d4-ac3070096614,Juan Izquierdo,https://play-lh.googleusercontent.com/a/ACg8ocJcw-MB6ICtxonWbBgialdWBkDG7brqKxCgGIgsoLdR84pUWg=mo,Easy to use.,5,0,2231.100.9874,2023-01-29 14:44:36,,,2231.100.9874,3,True
079dc8b5-3171-4ada-8c16-373c6907c285,Jerry Wheeler,https://play-lh.googleusercontent.com/a-/ALV-UjWTcO1d7TXo7auLmqJRIxn2OCEmETP-Sp-x0KqxyrvsWKjeQGgFDQ,Keeps losing my load information you got to shut it down and restart all the time it no better than people net,1,0,2231.100.9874,2023-01-28 18:59:15,,,2231.100.9874,22,False
57082ca7-ee72-43bf-92bf-fc32fbf2e55f,Tim Scribner,https://play-lh.googleusercontent.com/a/ACg8ocK3NjJ6WE8oiuhuZVLFYFR-PbdsnQFe8kMWvwocq8y7wrSavA=mo,Nothing but good things after you figure it out all is good then,5,1,2231.100.9874,2023-01-27 17:06:38,,,2231.100.9874,13,False
d8ec878b-f0b4-4099-8c18-79feb84f37b8,Michael Huffstetler,https://play-lh.googleusercontent.com/a/ACg8ocLChphxKvC9jTLisddZX9Jz13l1ApCNtIHJnBDD7n8avvdK=mo,9 outta 10. Great app for work. Some notifications like to not go off when switching from data usage to wifi connection. Other beautiful. Has saved me at work many times.,5,0,2231.100.9874,2023-01-27 04:42:05,,,2231.100.9874,31,False
518d85ee-d508-47c6-8d1d-b146ffdf2f97,Coast Driver,https://play-lh.googleusercontent.com/a/ACg8ocLfrf_cT9mWzKizUQPjH0ADT5FXVpJJNu4bP3DdEZ5UiwUZgg=mo,"Was kind of working OK but now it's bugging out and I can't fix it. Force closed, installed update and still not working. DEVELOPERS READ YOUR FEEDBACK. This app is essential for many drivers and it SUCKS. SMH",1,1,2231.100.9874,2023-01-26 14:51:39,,,2231.100.9874,38,False
aee84da8-d7ec-43de-8268-2357f02cb5d8,Martin,https://play-lh.googleusercontent.com/a/ACg8ocLDeRcpHZuThTs4yGBqtYopU1DgCwRYIRbjixxhg2-sZRJ1JQ=mo,I wish it had some type of reminder that your break is coming up or a hour before your out of drive hours so you can make it to a rest area or truck stop.,3,0,2231.100.9874,2023-01-25 23:14:17,,,2231.100.9874,35,False
31711824-e274-491e-9c3e-1e4418d5ae29,Nelson De Souza,https://play-lh.googleusercontent.com/a-/ALV-UjUeDTxQYcuV2gtTkIBXmnPLn2PXdD6lIfrFsbNAWHYVeZBeh4U,I love that app,5,0,2120.100.7878,2023-01-25 18:43:59,,,2120.100.7878,4,True
88ffbe3f-d953-4577-9865-f66a5ee494f4,William Furey,https://play-lh.googleusercontent.com/a/ACg8ocISu0ByVsXl2hQfVwdRk86Q8vrczw5gCzqTKMW6NE9LUXxIig=mo,Works good,5,0,2231.100.9874,2023-01-25 16:41:53,,,2231.100.9874,2,True
b123fd57-4b38-43b8-89b3-a50d46a6369e,Nick H,https://play-lh.googleusercontent.com/a/ACg8ocKamOMuop-Y_FJ0l8AT-MtsM05Vt_Fjzk6VtYCAZ1jDtZk5AA=mo,"This app is so glitchy. I run a tight clock in my truck and I cannot tell you how many times I've been placed in violation because this app works fine for a time, but then 3-4 hours later will change my duty status with no warning for no apparent reason. I will literally close and reopen the app just to double and then triple check that we are on the same page, but when I come back at the end of the day, my whole clock is screwed up and I have no way to fix it. I hate this app, BIGROAD is better",1,11,2231.100.9874,2023-01-25 07:19:12,,,2231.100.9874,105,False
db6337e9-de82-4e6e-bbe2-581350078d98,Michael Goldsmith,https://play-lh.googleusercontent.com/a-/ALV-UjXtm6BHWxDSxLhJ0TntsElJitEsYtIatTWFQUgACiN2QQgTx1It,It should be more driver friendly and automatic to relieve the driver of switching from duty cycles. It's the 21st century get automated,2,0,2231.100.9874,2023-01-24 13:32:06,,,2231.100.9874,23,False
2a82445c-2451-4ccd-a1e8-0096bdf79a31,William Jenkins,https://play-lh.googleusercontent.com/a/ACg8ocJZLKybJO8rWlhQ-L1GWz87oCaJxwtCej4iDoWMVURByvAARw=mo,Problem not recording drivering time!,1,0,2231.100.9874,2023-01-24 03:28:34,,,2231.100.9874,5,False
e01f241b-0232-448b-94b2-643009cbcc25,Craig Washington,https://play-lh.googleusercontent.com/a/ACg8ocJXUnPomRp2mk1TuJmGZMPa0ldAT57xxNko_Kk6ygMbYtucLg=mo,Good,5,1,2231.100.9874,2023-01-23 11:16:34,,,2231.100.9874,1,True
0b411fce-8cbf-448e-abc7-d6e10237b66b,Ken W,https://play-lh.googleusercontent.com/a/ACg8ocK1EKQ-QTjGwwML2ek2Ab-Qsq5YhV1XouXrBz6IKf9BQ1dWSg=mo,This elog totally sucks,1,0,2231.100.9874,2023-01-22 06:00:38,,,2231.100.9874,4,True
e6165c77-2d3c-4463-9a35-fe0ffa25ad8a,Stephanie Snow,https://play-lh.googleusercontent.com/a/ACg8ocL7jfUp-CG6GhImEMu5odsDt3hCYJLv0ydAI-2GCa__9IrhaQ=mo,5 star,5,0,2220.100.9435,2023-01-21 09:19:06,,,2220.100.9435,2,True
a028da41-c77c-4ae3-906b-3e3ed4f85999,Santiago Rivera,https://play-lh.googleusercontent.com/a-/ALV-UjXfXCFLWqAUOAn5jx_BT2fqebUDx3REEoh5PuPk_KB8NwsFKKPRwQ,Very easy to use,5,1,2231.100.9874,2023-01-20 19:37:27,,,2231.100.9874,4,True
ccd882eb-c7cd-4dde-8719-68e78c5ee5ec,lyle beahm,https://play-lh.googleusercontent.com/a-/ALV-UjW_A5i3B3P755dcZXrE9KVQA-f1sEcaqlog3tfTZnMKR-30WKJY,Works grest,5,1,2231.100.9874,2023-01-20 16:39:45,,,2231.100.9874,2,True
3fa043e4-6924-4b4d-9057-e65caae010e0,Nicholas Lopez,https://play-lh.googleusercontent.com/a/ACg8ocKrrKM_rAPGXaTzBFORTdoY95GduaePBkzGRXqmaXgwuop3UxQg=mo,Pretty good I need to know about online sign in,4,1,2231.100.9874,2023-01-19 12:34:13,,,2231.100.9874,10,False
8cdb5936-5f14-4613-a1e9-84aab8b47111,Leon Weideman,https://play-lh.googleusercontent.com/a-/ALV-UjUYr9FzHImSkD8_ApvS1G9tRS8SI9DIApulsksfLd0akn1_nwFW2w,Excellent,5,0,2231.100.9874,2023-01-19 04:29:29,,,2231.100.9874,1,True
1927e26b-1010-4eb8-b09c-c13dd71e16a0,J P,https://play-lh.googleusercontent.com/a/ACg8ocIkqEHCBpMue4Z0tGsY1GL0Mw6R2sjp8ktmobc02R3igdMuag=mo,Always freezes and tells me I'm to far away from the unit I'm signing on to when I'm standing next to it .,1,0,2231.100.9874,2023-01-19 01:18:08,,,2231.100.9874,23,False
b9a95e34-9eb9-4715-bcdc-900de99250fe,Toris Bass,https://play-lh.googleusercontent.com/a/ACg8ocINJnh-qhJi-0Y9C9nJBo9RInEmZbHWxzBuHlYhPBCw628rrQ=mo,Great,4,1,2231.100.9874,2023-01-17 20:37:42,,,2231.100.9874,1,True
cd603700-c790-4b85-b286-64ef636ab81f,allen husk,https://play-lh.googleusercontent.com/a-/ALV-UjX6y85vWPnv06BCw2-cYN-fqwyavMjao1dvT_K8FQ1sltm8mPTU8Q,"Once you get used to it,it's really easy",5,0,2231.100.9874,2023-01-17 14:32:12,,,2231.100.9874,8,False
1273ba37-e9ab-4cc2-b96f-773f95040334,kenneth pryor,https://play-lh.googleusercontent.com/a-/ALV-UjW8Zvq6dvb_WLtz6_c3zbcYWs_BZkavpC1iuBAEwYvjewK_XRRo,Screen locks me out when in motion,1,0,2231.100.9874,2023-01-15 20:19:29,,,2231.100.9874,7,False
d73ebe79-cc21-46f0-a5bb-dde6b2057678,Rob Tharpe,https://play-lh.googleusercontent.com/a-/ALV-UjWGvVSmkV3anaHjc3RCg1ALzyAw4Rum_wKP8WlhdbMaLXHVz0JWHQ,Works pretty good with the GPS but there is some lag in it which you have to started over if you're sitting too long,4,1,2231.100.9874,2023-01-14 04:38:14,,,2231.100.9874,24,False
73a9a43b-4ab4-47c6-9719-b38af3b35c3e,Laurie Kieffer,https://play-lh.googleusercontent.com/a/ACg8ocLmwZhCaEc6SQHW9cuHIMV_8UITyTmv8bz0jh-JhI4_bkYMsg=mo,Great,5,0,2231.100.9874,2023-01-13 12:15:49,,,2231.100.9874,1,True
86fab51c-c09a-475b-bb47-53c4ca71b6c9,Orlando florida,https://play-lh.googleusercontent.com/a/ACg8ocKsuiMJ0rTE5oE7YuhRtJdqPZMiLzTYqcva2CGuFTnfKaHJkQ=mo,Keep crashing,1,0,2231.100.9874,2023-01-13 02:43:59,,,2231.100.9874,2,True
819ebb40-0d4c-4c08-bfde-c85e1cbc14db,Alton Nickles,https://play-lh.googleusercontent.com/a/ACg8ocJmGNoQRGa2ZEL9_x1zuIW3KW_N5EQBQ4oY1-PlHu9QVmB6Cg=mo,No ratings this app sucks,1,0,2231.100.9874,2023-01-12 22:36:10,,,2231.100.9874,5,False
37458eb7-e115-4f6c-b9f7-eb0e08c1dc17,Cecil Schreiber,https://play-lh.googleusercontent.com/a/ACg8ocKu4AdnLvliAyR6Q3a3QhcBEhOQoUp3lTymCMCHG-rCLMPK0w=mo,"Numerous times on a split sleeper it says I have hours when I get back driving, yet says later I'm in violation.",1,0,2231.100.9874,2023-01-12 14:36:06,,,2231.100.9874,22,False
d307294b-1315-4feb-8775-85da1a10e930,Adam Wilks,https://play-lh.googleusercontent.com/a/ACg8ocILSWbfpO7-liDaYvKRlHi8Bh7iH_-1BBvOjUmwvp2yB5W3aA=mo,Use it for work. Easy to learn,5,1,2231.100.9874,2023-01-09 16:49:25,,,2231.100.9874,7,False
43f9ca67-fcc0-43bc-8161-6de72484ffa5,joshua holloway,https://play-lh.googleusercontent.com/a-/ALV-UjUUevAyhtu10J-n03_68oz24zkTT6gaihdVgTfHsXHwaHf0TP4uTw,The speed settings need to have for drivers to submit speed corrections. there are a lot of wrong speeds. This kills our score. That hurt safe $$$.,3,1,2231.100.9874,2023-01-09 05:13:54,,,2231.100.9874,27,False
3739d788-3a28-41b5-8116-fed33608f7b9,RANDALL LEIVA,https://play-lh.googleusercontent.com/a/ACg8ocItNhL4Eua0Fa6isMuxe6jbbNONUVpi2OHNqVdZV2EVJ0TcBg=mo,Good,5,0,2231.100.9874,2023-01-09 04:49:53,,,2231.100.9874,1,True
29625a6e-820a-479a-8cb2-4aeb2ffd782d,A Google user,https://play-lh.googleusercontent.com/EGemoI2NTXmTsBVtJqk8jxF9rh8ApRWfsIMQSt2uE4OcpQqbFu7f7NbTK05lx80nuSijCz7sc3a277R67g,"Still waiting on an update that allows you to edit an automatic ""driving"" when you're Off Duty or Personal Conveyance. It leaves the trip in violation.",3,2,2231.100.9874,2023-01-08 20:21:32,,,2231.100.9874,26,False
6af46b81-ed45-451e-8137-eba233022f80,Roberto Deltoro,https://play-lh.googleusercontent.com/a/ACg8ocI1fHi-V-Zo2qLz7732tA6pmc8_oT2iKYBJjXN3HG7NgNqKCw=mo,Great,5,1,2231.100.9874,2023-01-08 14:14:44,,,2231.100.9874,1,True
e8ac3de4-64f3-4c53-88a9-a2bee7b723f5,MAY YOU PROSPER,https://play-lh.googleusercontent.com/a-/ALV-UjV_wHYd_sIT57LBboSRIvqSl1HpuUIR60hZHdSMmWhpYSYujsH7,Nice 👌,5,1,2231.100.9874,2023-01-06 11:04:32,,,2231.100.9874,2,True
bc42cb24-20c6-4440-8ded-266d30379877,Ruben Ulloa,https://play-lh.googleusercontent.com/a/ACg8ocK1uUEASByLu2KPxY-4a5BessYRxinIvGniUJJseEoPTL1twA=mo,Easy to use. No issues since installed,5,0,2231.100.9874,2023-01-05 17:51:07,,,2231.100.9874,7,False
068c09b5-f980-4ec7-8df3-b32a52c5f232,George Collins,https://play-lh.googleusercontent.com/a/ACg8ocKnHD4ofT8iGPh6sefFARztfLO35BcyyD-Iuv13asFYbpcsBQ=mo,Great,3,1,2231.100.9874,2023-01-05 08:11:31,,,2231.100.9874,1,True
2943a643-dad9-46a4-bb5c-7db7d8065554,Eric Roman,https://play-lh.googleusercontent.com/a-/ALV-UjVaXwwjYXQqXJsRhhXb4tOoSUbpxCethZ6JrE1LalKmMpy2c1EE,They kept it simple and it's easy to use,5,0,2231.100.9874,2023-01-04 22:20:05,,,2231.100.9874,9,False
6e034768-14c1-4f5d-8a81-efd6703c9f83,Andrew Aguirre,https://play-lh.googleusercontent.com/a-/ALV-UjVnPgdFjSsYQOBwTqh7SfBBMgtnwm1EwXz5-HSiR1oxuyaO0gPC,"Great app, our fleet uses the mounted vehicle version, but when our system is down we can use our mobile device as a eld. Easy to use and accurate.",5,0,2231.100.9874,2023-01-04 20:11:36,,,2231.100.9874,29,False
32dc89a9-0e16-49b0-b7af-72d29296fb09,A Germeil,https://play-lh.googleusercontent.com/a/ACg8ocJvjiEwQVEl5VE3-goPUrnAa1XbKmzXGIdTj0RuYrWVoIQU2uo=mo,Awesome,5,1,2231.100.9874,2023-01-04 15:29:44,,,2231.100.9874,1,True
47c9addf-00f9-428d-b549-9e104bb685b5,Samuel Meyers,https://play-lh.googleusercontent.com/a-/ALV-UjXS3weeV9QBTMnUqDvuvHTRyjoAc5l6ZFGFrkePEn_CNql2kmM,I think it works good as a daily logging system. (Experience less than 1 year),5,0,,2023-01-03 23:07:28,,,,15,False
5047f78d-035f-4bb2-81cd-e982231ebb03,Melvin Blues,https://play-lh.googleusercontent.com/a-/ALV-UjUzXzQo7u31H7OMfp70_B2FUDMGg2h9WrBs1tTOzn5upFe5LB9K,The first time using this this app it really sucks it's really hard to understand,1,1,2231.100.9874,2023-01-03 15:45:47,,,2231.100.9874,15,False
815d3887-4d17-4e7c-ba41-6829ee5caa3a,10-Cortez,https://play-lh.googleusercontent.com/a/ACg8ocL2Sf2vr95fk9UEPHQF5XbYhLfSWCqfM6ODikUwPwkQZQM_OQ=mo,Great,5,1,2231.100.9874,2023-01-02 17:59:14,,,2231.100.9874,1,True
9d298e7d-7cbf-4b2a-a01a-624170914df8,Awaam ki Awaaz!,https://play-lh.googleusercontent.com/a-/ALV-UjUOT7Xp3pV4h49_cBqHOdAaprj7ye5qXNqrRowfFMs4eQuJpeQNNQ,Very easy interface 👍,5,1,2231.100.9874,2023-01-01 20:25:58,,,2231.100.9874,4,True
